-- phpMyAdmin SQL Dump
-- version 4.5.1
-- http://www.phpmyadmin.net
--
-- Host: 127.0.0.1
-- Generation Time: Dec 11, 2017 at 07:46 AM
-- Server version: 10.1.19-MariaDB
-- PHP Version: 7.0.13

SET SQL_MODE = "NO_AUTO_VALUE_ON_ZERO";
SET time_zone = "+00:00";


/*!40101 SET @OLD_CHARACTER_SET_CLIENT=@@CHARACTER_SET_CLIENT */;
/*!40101 SET @OLD_CHARACTER_SET_RESULTS=@@CHARACTER_SET_RESULTS */;
/*!40101 SET @OLD_COLLATION_CONNECTION=@@COLLATION_CONNECTION */;
/*!40101 SET NAMES utf8mb4 */;

--
-- Database: `ts_intrac`
--

-- --------------------------------------------------------

--
-- Table structure for table `bkm_authmenu`
--

CREATE TABLE `bkm_authmenu` (
  `id` int(11) NOT NULL,
  `menu_id` int(11) DEFAULT NULL,
  `user_access_id` int(11) DEFAULT NULL,
  `create` varchar(1) DEFAULT NULL,
  `edit` varchar(1) DEFAULT NULL,
  `view` varchar(1) DEFAULT NULL,
  `delete` varchar(1) DEFAULT NULL,
  `sorting` varchar(1) DEFAULT NULL,
  `export` varchar(1) DEFAULT NULL,
  `upd_user` int(11) DEFAULT NULL,
  `created_at` timestamp NULL DEFAULT '0000-00-00 00:00:00',
  `updated_at` timestamp NULL DEFAULT '0000-00-00 00:00:00' ON UPDATE CURRENT_TIMESTAMP
) ENGINE=MyISAM DEFAULT CHARSET=latin1;

--
-- Dumping data for table `bkm_authmenu`
--

INSERT INTO `bkm_authmenu` (`id`, `menu_id`, `user_access_id`, `create`, `edit`, `view`, `delete`, `sorting`, `export`, `upd_user`, `created_at`, `updated_at`) VALUES
(2164, 5, 1, 'n', 'n', 'y', 'n', 'n', 'n', 1, '2017-12-05 08:26:51', '2017-12-05 08:26:51'),
(2163, 2, 1, 'n', 'n', 'n', 'n', 'n', 'n', 1, '2017-12-05 08:26:51', '2017-12-05 08:26:51'),
(2162, 4, 1, 'y', 'y', 'y', 'y', 'n', 'n', 1, '2017-12-05 08:26:51', '2017-12-05 08:26:51'),
(2161, 3, 1, 'y', 'y', 'y', 'y', 'n', 'n', 1, '2017-12-05 08:26:51', '2017-12-05 08:26:51'),
(2160, 12, 1, 'n', 'n', 'n', 'n', 'n', 'n', 1, '2017-12-05 08:26:51', '2017-12-05 08:26:51'),
(2159, 17, 1, 'y', 'y', 'y', 'y', 'n', 'n', 1, '2017-12-05 08:26:51', '2017-12-05 08:26:51'),
(2158, 8, 1, 'y', 'y', 'y', 'y', 'y', 'n', 1, '2017-12-05 08:26:51', '2017-12-05 08:26:51'),
(2157, 7, 1, 'y', 'y', 'y', 'y', 'y', 'n', 1, '2017-12-05 08:26:51', '2017-12-05 08:26:51'),
(2156, 6, 1, 'n', 'n', 'n', 'n', 'n', 'n', 1, '2017-12-05 08:26:51', '2017-12-05 08:26:51'),
(2155, 115, 1, 'y', 'y', 'y', 'y', 'n', 'n', 1, '2017-12-05 08:26:51', '2017-12-05 08:26:51'),
(632, 1, 6, 'n', 'n', 'n', 'n', 'n', 'n', 1, '0000-00-00 00:00:00', '0000-00-00 00:00:00'),
(2154, 110, 1, 'y', 'y', 'y', 'y', 'y', 'n', 1, '2017-12-05 08:26:51', '2017-12-05 08:26:51'),
(2153, 44, 1, 'n', 'y', 'y', 'y', 'n', 'n', 1, '2017-12-05 08:26:51', '2017-12-05 08:26:51'),
(2152, 19, 1, 'n', 'n', 'y', 'n', 'n', 'n', 1, '2017-12-05 08:26:51', '2017-12-05 08:26:51'),
(2151, 15, 1, 'n', 'n', 'n', 'n', 'n', 'y', 1, '2017-12-05 08:26:51', '2017-12-05 08:26:51'),
(2150, 14, 1, 'n', 'n', 'n', 'n', 'n', 'y', 1, '2017-12-05 08:26:51', '2017-12-05 08:26:51'),
(2149, 13, 1, 'y', 'y', 'y', 'y', 'y', 'n', 1, '2017-12-05 08:26:51', '2017-12-05 08:26:51'),
(2148, 11, 1, 'y', 'y', 'y', 'y', 'y', 'n', 1, '2017-12-05 08:26:51', '2017-12-05 08:26:51'),
(2147, 10, 1, 'y', 'y', 'y', 'y', 'y', 'n', 1, '2017-12-05 08:26:51', '2017-12-05 08:26:51'),
(2146, 9, 1, 'n', 'n', 'n', 'n', 'n', 'n', 1, '2017-12-05 08:26:51', '2017-12-05 08:26:51'),
(2145, 42, 1, 'n', 'y', 'y', 'n', 'n', 'n', 1, '2017-12-05 08:26:51', '2017-12-05 08:26:51'),
(2144, 41, 1, 'n', 'n', 'n', 'n', 'n', 'n', 1, '2017-12-05 08:26:51', '2017-12-05 08:26:51'),
(2143, 40, 1, 'n', 'y', 'y', 'n', 'y', 'n', 1, '2017-12-05 08:26:51', '2017-12-05 08:26:51'),
(2142, 39, 1, 'n', 'y', 'y', 'n', 'y', 'n', 1, '2017-12-05 08:26:51', '2017-12-05 08:26:51'),
(2141, 33, 1, 'y', 'y', 'y', 'y', 'y', 'n', 1, '2017-12-05 08:26:51', '2017-12-05 08:26:51'),
(1104, 4, 8, 'y', 'y', 'y', 'y', 'n', 'n', 1, '2016-10-31 07:50:58', '2016-10-31 07:50:58'),
(1103, 3, 8, 'y', 'y', 'y', 'y', 'n', 'n', 1, '2016-10-31 07:50:58', '2016-10-31 07:50:58'),
(1102, 12, 8, 'n', 'n', 'n', 'n', 'n', 'n', 1, '2016-10-31 07:50:58', '2016-10-31 07:50:58'),
(1101, 17, 8, 'y', 'y', 'y', 'y', 'n', 'n', 1, '2016-10-31 07:50:58', '2016-10-31 07:50:58'),
(1100, 16, 8, 'y', 'y', 'y', 'y', 'n', 'n', 1, '2016-10-31 07:50:58', '2016-10-31 07:50:58'),
(1099, 8, 8, 'y', 'y', 'y', 'y', 'y', 'n', 1, '2016-10-31 07:50:58', '2016-10-31 07:50:58'),
(1098, 7, 8, 'y', 'y', 'y', 'y', 'y', 'n', 1, '2016-10-31 07:50:58', '2016-10-31 07:50:58'),
(1097, 6, 8, 'n', 'n', 'n', 'n', 'n', 'n', 1, '2016-10-31 07:50:58', '2016-10-31 07:50:58'),
(1096, 19, 8, 'n', 'n', 'y', 'n', 'n', 'n', 1, '2016-10-31 07:50:58', '2016-11-25 01:26:54'),
(1095, 18, 8, 'y', 'y', 'y', 'y', 'n', 'n', 1, '2016-10-31 07:50:58', '2016-10-31 07:50:58'),
(1094, 15, 8, 'n', 'n', 'n', 'n', 'n', 'y', 1, '2016-10-31 07:50:58', '2016-10-31 07:50:58'),
(1093, 14, 8, 'n', 'n', 'n', 'n', 'n', 'y', 1, '2016-10-31 07:50:58', '2016-10-31 07:50:58'),
(1092, 13, 8, 'y', 'y', 'y', 'y', 'y', 'n', 1, '2016-10-31 07:50:58', '2016-10-31 07:50:58'),
(1091, 11, 8, 'y', 'y', 'y', 'y', 'y', 'n', 1, '2016-10-31 07:50:58', '2016-10-31 07:50:58'),
(1090, 10, 8, 'y', 'y', 'y', 'y', 'y', 'n', 1, '2016-10-31 07:50:58', '2016-10-31 07:50:58'),
(1089, 9, 8, 'n', 'n', 'n', 'n', 'n', 'n', 1, '2016-10-31 07:50:58', '2016-10-31 07:50:58'),
(1088, 35, 8, 'n', 'n', 'n', 'n', 'n', 'y', 1, '2016-10-31 07:50:58', '2016-10-31 07:50:58'),
(1087, 34, 8, 'n', 'n', 'n', 'n', 'n', 'n', 1, '2016-10-31 07:50:58', '2016-10-31 07:50:58'),
(1086, 33, 8, 'y', 'y', 'y', 'y', 'y', 'n', 1, '2016-10-31 07:50:58', '2016-10-31 07:50:58'),
(1085, 32, 8, 'n', 'y', 'y', 'n', 'y', 'n', 1, '2016-10-31 07:50:58', '2016-10-31 07:50:58'),
(1084, 31, 8, 'n', 'n', 'n', 'n', 'n', 'n', 1, '2016-10-31 07:50:58', '2016-10-31 07:50:58'),
(1083, 30, 8, 'y', 'y', 'y', 'y', 'n', 'y', 1, '2016-10-31 07:50:58', '2016-11-25 04:53:38'),
(1082, 29, 8, 'n', 'n', 'n', 'n', 'n', 'n', 1, '2016-10-31 07:50:58', '2016-10-31 07:50:58'),
(2140, 32, 1, 'n', 'y', 'y', 'n', 'y', 'n', 1, '2017-12-05 08:26:51', '2017-12-05 08:26:51'),
(1080, 26, 8, 'y', 'y', 'y', 'n', 'n', 'y', 1, '2016-10-31 07:50:58', '2016-10-31 07:50:58'),
(1079, 25, 8, 'n', 'n', 'n', 'n', 'n', 'n', 1, '2016-10-31 07:50:58', '2016-10-31 07:50:58'),
(1078, 28, 8, 'n', 'y', 'y', 'n', 'n', 'y', 1, '2016-10-31 07:50:58', '2016-10-31 07:50:58'),
(1077, 27, 8, 'n', 'n', 'n', 'n', 'n', 'n', 1, '2016-10-31 07:50:58', '2016-10-31 07:50:58'),
(1076, 36, 8, 'y', 'y', 'y', 'y', 'y', 'n', 1, '2016-10-31 07:50:58', '2016-10-31 07:50:58'),
(1075, 24, 8, 'y', 'y', 'y', 'y', 'y', 'n', 1, '2016-10-31 07:50:58', '2016-10-31 07:50:58'),
(1074, 23, 8, 'y', 'y', 'y', 'y', 'y', 'n', 1, '2016-10-31 07:50:58', '2016-10-31 07:50:58'),
(2139, 31, 1, 'n', 'n', 'n', 'n', 'n', 'n', 1, '2017-12-05 08:26:51', '2017-12-05 08:26:51'),
(1072, 22, 8, 'y', 'y', 'y', 'y', 'y', 'n', 1, '2016-10-31 07:50:58', '2016-10-31 07:50:58'),
(1071, 21, 8, 'y', 'y', 'y', 'y', 'y', 'n', 1, '2016-10-31 07:50:58', '2016-10-31 07:50:58'),
(1070, 20, 8, 'n', 'n', 'n', 'n', 'n', 'n', 1, '2016-10-31 07:50:58', '2016-10-31 07:50:58'),
(1069, 1, 8, 'n', 'n', 'n', 'n', 'n', 'n', 1, '2016-10-31 07:50:58', '2016-10-31 07:50:58'),
(2138, 30, 1, 'y', 'y', 'y', 'y', 'n', 'y', 1, '2017-12-05 08:26:51', '2017-12-05 08:26:51'),
(1105, 2, 8, 'n', 'n', 'n', 'n', 'n', 'n', 1, '2016-10-31 07:50:58', '2016-10-31 07:50:58'),
(1106, 5, 8, 'n', 'n', 'y', 'n', 'n', 'n', 1, '2016-10-31 07:50:58', '2016-11-29 10:20:09'),
(2137, 29, 1, 'n', 'n', 'n', 'n', 'n', 'n', 1, '2017-12-05 08:26:51', '2017-12-05 08:26:51'),
(2136, 26, 1, 'y', 'y', 'y', 'n', 'n', 'y', 1, '2017-12-05 08:26:51', '2017-12-05 08:26:51'),
(2135, 25, 1, 'n', 'n', 'n', 'n', 'n', 'n', 1, '2017-12-05 08:26:51', '2017-12-05 08:26:51'),
(2134, 28, 1, 'n', 'y', 'y', 'n', 'n', 'y', 1, '2017-12-05 08:26:51', '2017-12-05 08:26:51'),
(2133, 27, 1, 'n', 'n', 'n', 'n', 'n', 'n', 1, '2017-12-05 08:26:51', '2017-12-05 08:26:51'),
(2132, 114, 1, 'y', 'y', 'y', 'y', 'n', 'n', 1, '2017-12-05 08:26:51', '2017-12-05 08:26:51'),
(2131, 36, 1, 'y', 'y', 'y', 'y', 'y', 'n', 1, '2017-12-05 08:26:51', '2017-12-05 08:26:51'),
(2130, 24, 1, 'y', 'y', 'y', 'y', 'y', 'n', 1, '2017-12-05 08:26:51', '2017-12-05 08:26:51'),
(2129, 23, 1, 'y', 'y', 'y', 'y', 'y', 'n', 1, '2017-12-05 08:26:51', '2017-12-05 08:26:51'),
(1486, 5, 9, 'n', 'n', 'y', 'n', 'n', 'n', 45, '2017-06-14 04:38:10', '2017-06-14 04:38:10'),
(1485, 2, 9, 'n', 'n', 'n', 'n', 'n', 'n', 45, '2017-06-14 04:38:10', '2017-06-14 04:38:10'),
(1484, 4, 9, 'y', 'y', 'y', 'y', 'n', 'n', 45, '2017-06-14 04:38:10', '2017-06-14 04:38:10'),
(1483, 3, 9, 'y', 'y', 'y', 'y', 'n', 'n', 45, '2017-06-14 04:38:10', '2017-06-14 04:38:10'),
(1482, 17, 9, 'y', 'y', 'y', 'y', 'n', 'n', 45, '2017-06-14 04:38:10', '2017-06-14 04:38:10'),
(1481, 16, 9, 'y', 'y', 'y', 'y', 'n', 'n', 45, '2017-06-14 04:38:10', '2017-06-14 04:38:10'),
(1480, 8, 9, 'y', 'y', 'y', 'y', 'y', 'n', 45, '2017-06-14 04:38:10', '2017-06-14 04:38:10'),
(1479, 7, 9, 'y', 'y', 'y', 'y', 'y', 'n', 45, '2017-06-14 04:38:10', '2017-06-14 04:38:10'),
(1478, 6, 9, 'n', 'n', 'n', 'n', 'n', 'n', 45, '2017-06-14 04:38:10', '2017-06-14 04:38:10'),
(1477, 110, 9, 'y', 'y', 'y', 'y', 'y', 'n', 45, '2017-06-14 04:38:10', '2017-06-14 04:38:10'),
(1476, 14, 9, 'n', 'n', 'n', 'n', 'n', 'y', 45, '2017-06-14 04:38:10', '2017-06-14 04:38:10'),
(1475, 13, 9, 'y', 'y', 'y', 'y', 'y', 'n', 45, '2017-06-14 04:38:10', '2017-06-14 04:38:10'),
(1474, 11, 9, 'y', 'y', 'y', 'y', 'y', 'n', 45, '2017-06-14 04:38:10', '2017-06-14 04:38:10'),
(1473, 10, 9, 'y', 'y', 'y', 'y', 'y', 'n', 45, '2017-06-14 04:38:10', '2017-06-14 04:38:10'),
(1472, 9, 9, 'n', 'n', 'n', 'n', 'n', 'n', 45, '2017-06-14 04:38:10', '2017-06-14 04:38:10'),
(1471, 43, 9, 'n', 'y', 'y', 'n', 'n', 'n', 45, '2017-06-14 04:38:10', '2017-06-14 04:38:10'),
(1470, 42, 9, 'n', 'y', 'y', 'n', 'n', 'n', 45, '2017-06-14 04:38:10', '2017-06-14 04:38:10'),
(1469, 35, 9, 'n', 'n', 'n', 'n', 'n', 'y', 45, '2017-06-14 04:38:10', '2017-06-14 04:38:10'),
(1468, 40, 9, 'n', 'y', 'y', 'n', 'y', 'n', 45, '2017-06-14 04:38:10', '2017-06-14 04:38:10'),
(1467, 39, 9, 'n', 'y', 'y', 'n', 'y', 'n', 45, '2017-06-14 04:38:10', '2017-06-14 04:38:10'),
(1466, 33, 9, 'y', 'y', 'y', 'y', 'y', 'n', 45, '2017-06-14 04:38:10', '2017-06-14 04:38:10'),
(1465, 32, 9, 'n', 'y', 'y', 'n', 'y', 'n', 45, '2017-06-14 04:38:10', '2017-06-14 04:38:10'),
(1464, 30, 9, 'y', 'y', 'y', 'y', 'n', 'y', 45, '2017-06-14 04:38:10', '2017-06-14 04:38:10'),
(1463, 37, 9, 'y', 'y', 'y', 'y', 'n', 'y', 45, '2017-06-14 04:38:10', '2017-06-14 04:38:10'),
(1462, 26, 9, 'y', 'y', 'y', 'n', 'n', 'y', 45, '2017-06-14 04:38:10', '2017-06-14 04:38:10'),
(1461, 28, 9, 'n', 'y', 'y', 'n', 'n', 'y', 45, '2017-06-14 04:38:10', '2017-06-14 04:38:10'),
(1460, 36, 9, 'y', 'y', 'y', 'y', 'y', 'n', 45, '2017-06-14 04:38:10', '2017-06-14 04:38:10'),
(1459, 24, 9, 'y', 'y', 'y', 'y', 'y', 'n', 45, '2017-06-14 04:38:10', '2017-06-14 04:38:10'),
(1458, 23, 9, 'y', 'y', 'y', 'y', 'y', 'n', 45, '2017-06-14 04:38:10', '2017-06-14 04:38:10'),
(1457, 38, 9, 'y', 'y', 'y', 'y', 'y', 'n', 45, '2017-06-14 04:38:10', '2017-06-14 04:38:10'),
(1456, 22, 9, 'y', 'y', 'y', 'y', 'y', 'n', 45, '2017-06-14 04:38:10', '2017-06-14 04:38:10'),
(1455, 21, 9, 'y', 'y', 'y', 'y', 'y', 'n', 45, '2017-06-14 04:38:10', '2017-06-14 04:38:10'),
(1454, 1, 9, 'n', 'n', 'n', 'n', 'n', 'n', 45, '2017-06-14 04:38:10', '2017-06-14 04:38:10'),
(2128, 38, 1, 'y', 'y', 'y', 'y', 'y', 'n', 1, '2017-12-05 08:26:51', '2017-12-05 08:26:51'),
(2127, 22, 1, 'y', 'y', 'y', 'y', 'y', 'n', 1, '2017-12-05 08:26:51', '2017-12-05 08:26:51'),
(2126, 20, 1, 'n', 'n', 'n', 'n', 'n', 'n', 1, '2017-12-05 08:26:51', '2017-12-05 08:26:51'),
(2125, 1, 1, 'n', 'n', 'n', 'n', 'n', 'n', 1, '2017-12-05 08:26:51', '2017-12-05 08:26:51');

-- --------------------------------------------------------

--
-- Table structure for table `bkm_bank_account`
--

CREATE TABLE `bkm_bank_account` (
  `id` int(11) NOT NULL,
  `bank_account_name` varchar(100) DEFAULT NULL,
  `account_name` varchar(80) DEFAULT NULL,
  `description` text,
  `image` varchar(100) DEFAULT NULL,
  `status` varchar(1) DEFAULT NULL,
  `order` int(10) DEFAULT NULL,
  `upd_by` int(10) DEFAULT NULL,
  `created_at` timestamp NULL DEFAULT '0000-00-00 00:00:00',
  `updated_at` timestamp NULL DEFAULT '0000-00-00 00:00:00' ON UPDATE CURRENT_TIMESTAMP
) ENGINE=InnoDB DEFAULT CHARSET=latin1;

--
-- Dumping data for table `bkm_bank_account`
--

INSERT INTO `bkm_bank_account` (`id`, `bank_account_name`, `account_name`, `description`, `image`, `status`, `order`, `upd_by`, `created_at`, `updated_at`) VALUES
(1, 'BCA', 'Intrac', 'No. Rek  5310-570-925\r\n', '0WmIKO_bca.jpg', 'y', NULL, 1, '2016-06-01 09:59:23', '2017-11-07 07:48:20'),
(2, 'mandiri', 'Intrac', 'No. Rek 118-000-700-5514', '2D9xF3_mandiri.jpg', 'y', NULL, 1, '2017-11-07 07:48:05', '2017-11-07 07:48:05');

-- --------------------------------------------------------

--
-- Table structure for table `bkm_banner`
--

CREATE TABLE `bkm_banner` (
  `id` int(11) NOT NULL,
  `banner_name` varchar(100) DEFAULT NULL,
  `pages_id` int(11) DEFAULT NULL,
  `description` varchar(280) DEFAULT NULL,
  `url` text,
  `button_text` varchar(30) DEFAULT NULL,
  `image` varchar(100) DEFAULT NULL,
  `status` varchar(1) DEFAULT NULL,
  `order` int(10) DEFAULT NULL,
  `upd_by` int(10) DEFAULT NULL,
  `created_at` timestamp NOT NULL DEFAULT CURRENT_TIMESTAMP ON UPDATE CURRENT_TIMESTAMP,
  `updated_at` timestamp NOT NULL DEFAULT '0000-00-00 00:00:00' ON UPDATE CURRENT_TIMESTAMP
) ENGINE=InnoDB DEFAULT CHARSET=latin1;

--
-- Dumping data for table `bkm_banner`
--

INSERT INTO `bkm_banner` (`id`, `banner_name`, `pages_id`, `description`, `url`, `button_text`, `image`, `status`, `order`, `upd_by`, `created_at`, `updated_at`) VALUES
(1, 'Banner home 1', 1, NULL, NULL, NULL, '11RTPX_banner.jpg', 'y', NULL, 1, '2017-11-01 09:28:25', '2017-11-01 09:28:25');

-- --------------------------------------------------------

--
-- Table structure for table `bkm_category`
--

CREATE TABLE `bkm_category` (
  `id` int(11) NOT NULL,
  `category_id` int(10) DEFAULT NULL,
  `category_name` varchar(50) DEFAULT NULL,
  `category_name_alias` varchar(100) DEFAULT NULL,
  `description` text,
  `meta_title` varchar(50) DEFAULT NULL,
  `meta_description` text,
  `meta_keywords` text,
  `image` varchar(100) DEFAULT NULL,
  `status` varchar(1) DEFAULT NULL,
  `order` int(10) DEFAULT NULL,
  `upd_by` int(10) DEFAULT NULL,
  `created_at` timestamp NULL DEFAULT '0000-00-00 00:00:00',
  `updated_at` timestamp NULL DEFAULT '0000-00-00 00:00:00' ON UPDATE CURRENT_TIMESTAMP
) ENGINE=InnoDB DEFAULT CHARSET=latin1;

--
-- Dumping data for table `bkm_category`
--

INSERT INTO `bkm_category` (`id`, `category_id`, `category_name`, `category_name_alias`, `description`, `meta_title`, `meta_description`, `meta_keywords`, `image`, `status`, `order`, `upd_by`, `created_at`, `updated_at`) VALUES
(1, 0, 'Home', 'Home', NULL, NULL, NULL, NULL, NULL, 'y', NULL, 1, '2017-11-01 08:49:20', '2017-11-01 08:49:20'),
(2, 1, 'alasan_home', 'alasan-home', NULL, NULL, NULL, NULL, 'bqocch_image_alasan.png', 'y', NULL, 1, '2017-11-01 08:49:48', '2017-11-01 09:11:36'),
(3, 1, 'Testimoni', 'Testimoni', NULL, NULL, NULL, NULL, NULL, 'y', NULL, 1, '2017-11-03 04:53:31', '2017-11-03 04:53:31'),
(4, 0, 'Tentang kami', 'Tentang-kami', NULL, NULL, NULL, NULL, NULL, 'y', NULL, 1, '2017-12-05 04:19:14', '2017-12-05 04:19:14'),
(5, 4, 'deskripsi tentang kami', 'deskripsi-tentang-kami', NULL, NULL, NULL, NULL, NULL, 'y', NULL, 1, '2017-12-05 04:19:32', '2017-12-05 04:19:32'),
(6, 4, 'brand kami', 'brand-kami', NULL, NULL, NULL, NULL, NULL, 'y', NULL, 1, '2017-12-05 04:20:15', '2017-12-05 04:37:53'),
(7, 0, 'informasi', 'informasi', NULL, NULL, NULL, NULL, NULL, 'y', NULL, 1, '2017-12-05 04:23:02', '2017-12-05 04:23:02'),
(8, 7, 'informasi tab', 'informasi-tab', NULL, NULL, NULL, NULL, NULL, 'y', NULL, 1, '2017-12-05 04:23:21', '2017-12-05 04:23:21'),
(9, 0, 'cara beli', 'cara-beli', NULL, NULL, NULL, NULL, NULL, 'y', NULL, 1, '2017-12-05 07:55:57', '2017-12-05 07:55:57'),
(10, 9, 'cara beli tab', 'cara-beli-tab', NULL, NULL, NULL, NULL, NULL, 'y', NULL, 1, '2017-12-05 07:56:09', '2017-12-05 07:56:09');

-- --------------------------------------------------------

--
-- Table structure for table `bkm_city`
--

CREATE TABLE `bkm_city` (
  `id` int(11) NOT NULL,
  `province_id` int(10) DEFAULT NULL,
  `city_id` int(10) DEFAULT NULL,
  `name` varchar(100) DEFAULT NULL,
  `created_at` timestamp NULL DEFAULT '0000-00-00 00:00:00',
  `updated_at` timestamp NULL DEFAULT '0000-00-00 00:00:00' ON UPDATE CURRENT_TIMESTAMP
) ENGINE=InnoDB DEFAULT CHARSET=latin1;

--
-- Dumping data for table `bkm_city`
--

INSERT INTO `bkm_city` (`id`, `province_id`, `city_id`, `name`, `created_at`, `updated_at`) VALUES
(1, 21, 1, 'Aceh Barat', '2016-06-02 11:12:54', '0000-00-00 00:00:00'),
(2, 21, 2, 'Aceh Barat Daya', '2016-06-02 11:12:54', '0000-00-00 00:00:00'),
(3, 21, 3, 'Aceh Besar', '2016-06-02 11:12:54', '0000-00-00 00:00:00'),
(4, 21, 4, 'Aceh Jaya', '2016-06-02 11:12:54', '0000-00-00 00:00:00'),
(5, 21, 5, 'Aceh Selatan', '2016-06-02 11:12:54', '0000-00-00 00:00:00'),
(6, 21, 6, 'Aceh Singkil', '2016-06-02 11:12:54', '0000-00-00 00:00:00'),
(7, 21, 7, 'Aceh Tamiang', '2016-06-02 11:12:54', '0000-00-00 00:00:00'),
(8, 21, 8, 'Aceh Tengah', '2016-06-02 11:12:54', '0000-00-00 00:00:00'),
(9, 21, 9, 'Aceh Tenggara', '2016-06-02 11:12:54', '0000-00-00 00:00:00'),
(10, 21, 10, 'Aceh Timur', '2016-06-02 11:12:54', '0000-00-00 00:00:00'),
(11, 21, 11, 'Aceh Utara', '2016-06-02 11:12:54', '0000-00-00 00:00:00'),
(12, 32, 12, 'Agam', '2016-06-02 11:12:54', '0000-00-00 00:00:00'),
(13, 23, 13, 'Alor', '2016-06-02 11:12:54', '0000-00-00 00:00:00'),
(14, 19, 14, 'Ambon', '2016-06-02 11:12:54', '0000-00-00 00:00:00'),
(15, 34, 15, 'Asahan', '2016-06-02 11:12:54', '0000-00-00 00:00:00'),
(16, 24, 16, 'Asmat', '2016-06-02 11:12:54', '0000-00-00 00:00:00'),
(17, 1, 17, 'Badung', '2016-06-02 11:12:54', '0000-00-00 00:00:00'),
(18, 13, 18, 'Balangan', '2016-06-02 11:12:54', '0000-00-00 00:00:00'),
(19, 15, 19, 'Balikpapan', '2016-06-02 11:12:54', '0000-00-00 00:00:00'),
(20, 21, 20, 'Banda Aceh', '2016-06-02 11:12:54', '0000-00-00 00:00:00'),
(21, 18, 21, 'Bandar Lampung', '2016-06-02 11:12:54', '0000-00-00 00:00:00'),
(22, 9, 22, 'Bandung', '2016-06-02 11:12:54', '0000-00-00 00:00:00'),
(23, 9, 23, 'Bandung', '2016-06-02 11:12:54', '0000-00-00 00:00:00'),
(24, 9, 24, 'Bandung Barat', '2016-06-02 11:12:54', '0000-00-00 00:00:00'),
(25, 29, 25, 'Banggai', '2016-06-02 11:12:54', '0000-00-00 00:00:00'),
(26, 29, 26, 'Banggai Kepulauan', '2016-06-02 11:12:54', '0000-00-00 00:00:00'),
(27, 2, 27, 'Bangka', '2016-06-02 11:12:54', '0000-00-00 00:00:00'),
(28, 2, 28, 'Bangka Barat', '2016-06-02 11:12:54', '0000-00-00 00:00:00'),
(29, 2, 29, 'Bangka Selatan', '2016-06-02 11:12:54', '0000-00-00 00:00:00'),
(30, 2, 30, 'Bangka Tengah', '2016-06-02 11:12:54', '0000-00-00 00:00:00'),
(31, 11, 31, 'Bangkalan', '2016-06-02 11:12:54', '0000-00-00 00:00:00'),
(32, 1, 32, 'Bangli', '2016-06-02 11:12:54', '0000-00-00 00:00:00'),
(33, 13, 33, 'Banjar', '2016-06-02 11:12:54', '0000-00-00 00:00:00'),
(34, 9, 34, 'Banjar', '2016-06-02 11:12:54', '0000-00-00 00:00:00'),
(35, 13, 35, 'Banjarbaru', '2016-06-02 11:12:54', '0000-00-00 00:00:00'),
(36, 13, 36, 'Banjarmasin', '2016-06-02 11:12:54', '0000-00-00 00:00:00'),
(37, 10, 37, 'Banjarnegara', '2016-06-02 11:12:54', '0000-00-00 00:00:00'),
(38, 28, 38, 'Bantaeng', '2016-06-02 11:12:54', '0000-00-00 00:00:00'),
(39, 5, 39, 'Bantul', '2016-06-02 11:12:54', '0000-00-00 00:00:00'),
(40, 33, 40, 'Banyuasin', '2016-06-02 11:12:54', '0000-00-00 00:00:00'),
(41, 10, 41, 'Banyumas', '2016-06-02 11:12:54', '0000-00-00 00:00:00'),
(42, 11, 42, 'Banyuwangi', '2016-06-02 11:12:54', '0000-00-00 00:00:00'),
(43, 13, 43, 'Barito Kuala', '2016-06-02 11:12:54', '0000-00-00 00:00:00'),
(44, 14, 44, 'Barito Selatan', '2016-06-02 11:12:54', '0000-00-00 00:00:00'),
(45, 14, 45, 'Barito Timur', '2016-06-02 11:12:54', '0000-00-00 00:00:00'),
(46, 14, 46, 'Barito Utara', '2016-06-02 11:12:54', '0000-00-00 00:00:00'),
(47, 28, 47, 'Barru', '2016-06-02 11:12:54', '0000-00-00 00:00:00'),
(48, 17, 48, 'Batam', '2016-06-02 11:12:54', '0000-00-00 00:00:00'),
(49, 10, 49, 'Batang', '2016-06-02 11:12:54', '0000-00-00 00:00:00'),
(50, 8, 50, 'Batang Hari', '2016-06-02 11:12:54', '0000-00-00 00:00:00'),
(51, 11, 51, 'Batu', '2016-06-02 11:12:54', '0000-00-00 00:00:00'),
(52, 34, 52, 'Batu Bara', '2016-06-02 11:12:54', '0000-00-00 00:00:00'),
(53, 30, 53, 'Bau-Bau', '2016-06-02 11:12:54', '0000-00-00 00:00:00'),
(54, 9, 54, 'Bekasi', '2016-06-02 11:12:54', '0000-00-00 00:00:00'),
(55, 9, 55, 'Bekasi', '2016-06-02 11:12:54', '0000-00-00 00:00:00'),
(56, 2, 56, 'Belitung', '2016-06-02 11:12:54', '0000-00-00 00:00:00'),
(57, 2, 57, 'Belitung Timur', '2016-06-02 11:12:54', '0000-00-00 00:00:00'),
(58, 23, 58, 'Belu', '2016-06-02 11:12:54', '0000-00-00 00:00:00'),
(59, 21, 59, 'Bener Meriah', '2016-06-02 11:12:54', '0000-00-00 00:00:00'),
(60, 26, 60, 'Bengkalis', '2016-06-02 11:12:54', '0000-00-00 00:00:00'),
(61, 12, 61, 'Bengkayang', '2016-06-02 11:12:54', '0000-00-00 00:00:00'),
(62, 4, 62, 'Bengkulu', '2016-06-02 11:12:54', '0000-00-00 00:00:00'),
(63, 4, 63, 'Bengkulu Selatan', '2016-06-02 11:12:54', '0000-00-00 00:00:00'),
(64, 4, 64, 'Bengkulu Tengah', '2016-06-02 11:12:54', '0000-00-00 00:00:00'),
(65, 4, 65, 'Bengkulu Utara', '2016-06-02 11:12:54', '0000-00-00 00:00:00'),
(66, 15, 66, 'Berau', '2016-06-02 11:12:54', '0000-00-00 00:00:00'),
(67, 24, 67, 'Biak Numfor', '2016-06-02 11:12:54', '0000-00-00 00:00:00'),
(68, 22, 68, 'Bima', '2016-06-02 11:12:54', '0000-00-00 00:00:00'),
(69, 22, 69, 'Bima', '2016-06-02 11:12:54', '0000-00-00 00:00:00'),
(70, 34, 70, 'Binjai', '2016-06-02 11:12:54', '0000-00-00 00:00:00'),
(71, 17, 71, 'Bintan', '2016-06-02 11:12:54', '0000-00-00 00:00:00'),
(72, 21, 72, 'Bireuen', '2016-06-02 11:12:54', '0000-00-00 00:00:00'),
(73, 31, 73, 'Bitung', '2016-06-02 11:12:54', '0000-00-00 00:00:00'),
(74, 11, 74, 'Blitar', '2016-06-02 11:12:54', '0000-00-00 00:00:00'),
(75, 11, 75, 'Blitar', '2016-06-02 11:12:54', '0000-00-00 00:00:00'),
(76, 10, 76, 'Blora', '2016-06-02 11:12:54', '0000-00-00 00:00:00'),
(77, 7, 77, 'Boalemo', '2016-06-02 11:12:54', '0000-00-00 00:00:00'),
(78, 9, 78, 'Bogor', '2016-06-02 11:12:54', '0000-00-00 00:00:00'),
(79, 9, 79, 'Bogor', '2016-06-02 11:12:54', '0000-00-00 00:00:00'),
(80, 11, 80, 'Bojonegoro', '2016-06-02 11:12:54', '0000-00-00 00:00:00'),
(81, 31, 81, 'Bolaang Mongondow (Bolmong)', '2016-06-02 11:12:54', '0000-00-00 00:00:00'),
(82, 31, 82, 'Bolaang Mongondow Selatan', '2016-06-02 11:12:54', '0000-00-00 00:00:00'),
(83, 31, 83, 'Bolaang Mongondow Timur', '2016-06-02 11:12:54', '0000-00-00 00:00:00'),
(84, 31, 84, 'Bolaang Mongondow Utara', '2016-06-02 11:12:54', '0000-00-00 00:00:00'),
(85, 30, 85, 'Bombana', '2016-06-02 11:12:54', '0000-00-00 00:00:00'),
(86, 11, 86, 'Bondowoso', '2016-06-02 11:12:54', '0000-00-00 00:00:00'),
(87, 28, 87, 'Bone', '2016-06-02 11:12:54', '0000-00-00 00:00:00'),
(88, 7, 88, 'Bone Bolango', '2016-06-02 11:12:54', '0000-00-00 00:00:00'),
(89, 15, 89, 'Bontang', '2016-06-02 11:12:54', '0000-00-00 00:00:00'),
(90, 24, 90, 'Boven Digoel', '2016-06-02 11:12:54', '0000-00-00 00:00:00'),
(91, 10, 91, 'Boyolali', '2016-06-02 11:12:54', '0000-00-00 00:00:00'),
(92, 10, 92, 'Brebes', '2016-06-02 11:12:54', '0000-00-00 00:00:00'),
(93, 32, 93, 'Bukittinggi', '2016-06-02 11:12:54', '0000-00-00 00:00:00'),
(94, 1, 94, 'Buleleng', '2016-06-02 11:12:54', '0000-00-00 00:00:00'),
(95, 28, 95, 'Bulukumba', '2016-06-02 11:12:54', '0000-00-00 00:00:00'),
(96, 16, 96, 'Bulungan (Bulongan)', '2016-06-02 11:12:54', '0000-00-00 00:00:00'),
(97, 8, 97, 'Bungo', '2016-06-02 11:12:54', '0000-00-00 00:00:00'),
(98, 29, 98, 'Buol', '2016-06-02 11:12:54', '0000-00-00 00:00:00'),
(99, 19, 99, 'Buru', '2016-06-02 11:12:54', '0000-00-00 00:00:00'),
(100, 19, 100, 'Buru Selatan', '2016-06-02 11:12:54', '0000-00-00 00:00:00'),
(101, 30, 101, 'Buton', '2016-06-02 11:12:54', '0000-00-00 00:00:00'),
(102, 30, 102, 'Buton Utara', '2016-06-02 11:12:54', '0000-00-00 00:00:00'),
(103, 9, 103, 'Ciamis', '2016-06-02 11:12:54', '0000-00-00 00:00:00'),
(104, 9, 104, 'Cianjur', '2016-06-02 11:12:54', '0000-00-00 00:00:00'),
(105, 10, 105, 'Cilacap', '2016-06-02 11:12:54', '0000-00-00 00:00:00'),
(106, 3, 106, 'Cilegon', '2016-06-02 11:12:54', '0000-00-00 00:00:00'),
(107, 9, 107, 'Cimahi', '2016-06-02 11:12:54', '0000-00-00 00:00:00'),
(108, 9, 108, 'Cirebon', '2016-06-02 11:12:54', '0000-00-00 00:00:00'),
(109, 9, 109, 'Cirebon', '2016-06-02 11:12:54', '0000-00-00 00:00:00'),
(110, 34, 110, 'Dairi', '2016-06-02 11:12:54', '0000-00-00 00:00:00'),
(111, 24, 111, 'Deiyai (Deliyai)', '2016-06-02 11:12:54', '0000-00-00 00:00:00'),
(112, 34, 112, 'Deli Serdang', '2016-06-02 11:12:54', '0000-00-00 00:00:00'),
(113, 10, 113, 'Demak', '2016-06-02 11:12:54', '0000-00-00 00:00:00'),
(114, 1, 114, 'Denpasar', '2016-06-02 11:12:54', '0000-00-00 00:00:00'),
(115, 9, 115, 'Depok', '2016-06-02 11:12:54', '0000-00-00 00:00:00'),
(116, 32, 116, 'Dharmasraya', '2016-06-02 11:12:54', '0000-00-00 00:00:00'),
(117, 24, 117, 'Dogiyai', '2016-06-02 11:12:54', '0000-00-00 00:00:00'),
(118, 22, 118, 'Dompu', '2016-06-02 11:12:54', '0000-00-00 00:00:00'),
(119, 29, 119, 'Donggala', '2016-06-02 11:12:54', '0000-00-00 00:00:00'),
(120, 26, 120, 'Dumai', '2016-06-02 11:12:54', '0000-00-00 00:00:00'),
(121, 33, 121, 'Empat Lawang', '2016-06-02 11:12:54', '0000-00-00 00:00:00'),
(122, 23, 122, 'Ende', '2016-06-02 11:12:54', '0000-00-00 00:00:00'),
(123, 28, 123, 'Enrekang', '2016-06-02 11:12:54', '0000-00-00 00:00:00'),
(124, 25, 124, 'Fakfak', '2016-06-02 11:12:54', '0000-00-00 00:00:00'),
(125, 23, 125, 'Flores Timur', '2016-06-02 11:12:54', '0000-00-00 00:00:00'),
(126, 9, 126, 'Garut', '2016-06-02 11:12:54', '0000-00-00 00:00:00'),
(127, 21, 127, 'Gayo Lues', '2016-06-02 11:12:54', '0000-00-00 00:00:00'),
(128, 1, 128, 'Gianyar', '2016-06-02 11:12:54', '0000-00-00 00:00:00'),
(129, 7, 129, 'Gorontalo', '2016-06-02 11:12:54', '0000-00-00 00:00:00'),
(130, 7, 130, 'Gorontalo', '2016-06-02 11:12:54', '0000-00-00 00:00:00'),
(131, 7, 131, 'Gorontalo Utara', '2016-06-02 11:12:54', '0000-00-00 00:00:00'),
(132, 28, 132, 'Gowa', '2016-06-02 11:12:54', '0000-00-00 00:00:00'),
(133, 11, 133, 'Gresik', '2016-06-02 11:12:54', '0000-00-00 00:00:00'),
(134, 10, 134, 'Grobogan', '2016-06-02 11:12:54', '0000-00-00 00:00:00'),
(135, 5, 135, 'Gunung Kidul', '2016-06-02 11:12:54', '0000-00-00 00:00:00'),
(136, 14, 136, 'Gunung Mas', '2016-06-02 11:12:54', '0000-00-00 00:00:00'),
(137, 34, 137, 'Gunungsitoli', '2016-06-02 11:12:54', '0000-00-00 00:00:00'),
(138, 20, 138, 'Halmahera Barat', '2016-06-02 11:12:54', '0000-00-00 00:00:00'),
(139, 20, 139, 'Halmahera Selatan', '2016-06-02 11:12:54', '0000-00-00 00:00:00'),
(140, 20, 140, 'Halmahera Tengah', '2016-06-02 11:12:54', '0000-00-00 00:00:00'),
(141, 20, 141, 'Halmahera Timur', '2016-06-02 11:12:54', '0000-00-00 00:00:00'),
(142, 20, 142, 'Halmahera Utara', '2016-06-02 11:12:54', '0000-00-00 00:00:00'),
(143, 13, 143, 'Hulu Sungai Selatan', '2016-06-02 11:12:54', '0000-00-00 00:00:00'),
(144, 13, 144, 'Hulu Sungai Tengah', '2016-06-02 11:12:54', '0000-00-00 00:00:00'),
(145, 13, 145, 'Hulu Sungai Utara', '2016-06-02 11:12:54', '0000-00-00 00:00:00'),
(146, 34, 146, 'Humbang Hasundutan', '2016-06-02 11:12:54', '0000-00-00 00:00:00'),
(147, 26, 147, 'Indragiri Hilir', '2016-06-02 11:12:54', '0000-00-00 00:00:00'),
(148, 26, 148, 'Indragiri Hulu', '2016-06-02 11:12:54', '0000-00-00 00:00:00'),
(149, 9, 149, 'Indramayu', '2016-06-02 11:12:54', '0000-00-00 00:00:00'),
(150, 24, 150, 'Intan Jaya', '2016-06-02 11:12:54', '0000-00-00 00:00:00'),
(151, 6, 151, 'Jakarta Barat', '2016-06-02 11:12:54', '0000-00-00 00:00:00'),
(152, 6, 152, 'Jakarta Pusat', '2016-06-02 11:12:54', '0000-00-00 00:00:00'),
(153, 6, 153, 'Jakarta Selatan', '2016-06-02 11:12:54', '0000-00-00 00:00:00'),
(154, 6, 154, 'Jakarta Timur', '2016-06-02 11:12:54', '0000-00-00 00:00:00'),
(155, 6, 155, 'Jakarta Utara', '2016-06-02 11:12:54', '0000-00-00 00:00:00'),
(156, 8, 156, 'Jambi', '2016-06-02 11:12:54', '0000-00-00 00:00:00'),
(157, 24, 157, 'Jayapura', '2016-06-02 11:12:54', '0000-00-00 00:00:00'),
(158, 24, 158, 'Jayapura', '2016-06-02 11:12:54', '0000-00-00 00:00:00'),
(159, 24, 159, 'Jayawijaya', '2016-06-02 11:12:54', '0000-00-00 00:00:00'),
(160, 11, 160, 'Jember', '2016-06-02 11:12:54', '0000-00-00 00:00:00'),
(161, 1, 161, 'Jembrana', '2016-06-02 11:12:54', '0000-00-00 00:00:00'),
(162, 28, 162, 'Jeneponto', '2016-06-02 11:12:54', '0000-00-00 00:00:00'),
(163, 10, 163, 'Jepara', '2016-06-02 11:12:54', '0000-00-00 00:00:00'),
(164, 11, 164, 'Jombang', '2016-06-02 11:12:54', '0000-00-00 00:00:00'),
(165, 25, 165, 'Kaimana', '2016-06-02 11:12:54', '0000-00-00 00:00:00'),
(166, 26, 166, 'Kampar', '2016-06-02 11:12:54', '0000-00-00 00:00:00'),
(167, 14, 167, 'Kapuas', '2016-06-02 11:12:54', '0000-00-00 00:00:00'),
(168, 12, 168, 'Kapuas Hulu', '2016-06-02 11:12:54', '0000-00-00 00:00:00'),
(169, 10, 169, 'Karanganyar', '2016-06-02 11:12:54', '0000-00-00 00:00:00'),
(170, 1, 170, 'Karangasem', '2016-06-02 11:12:54', '0000-00-00 00:00:00'),
(171, 9, 171, 'Karawang', '2016-06-02 11:12:54', '0000-00-00 00:00:00'),
(172, 17, 172, 'Karimun', '2016-06-02 11:12:54', '0000-00-00 00:00:00'),
(173, 34, 173, 'Karo', '2016-06-02 11:12:54', '0000-00-00 00:00:00'),
(174, 14, 174, 'Katingan', '2016-06-02 11:12:54', '0000-00-00 00:00:00'),
(175, 4, 175, 'Kaur', '2016-06-02 11:12:54', '0000-00-00 00:00:00'),
(176, 12, 176, 'Kayong Utara', '2016-06-02 11:12:54', '0000-00-00 00:00:00'),
(177, 10, 177, 'Kebumen', '2016-06-02 11:12:54', '0000-00-00 00:00:00'),
(178, 11, 178, 'Kediri', '2016-06-02 11:12:54', '0000-00-00 00:00:00'),
(179, 11, 179, 'Kediri', '2016-06-02 11:12:54', '0000-00-00 00:00:00'),
(180, 24, 180, 'Keerom', '2016-06-02 11:12:54', '0000-00-00 00:00:00'),
(181, 10, 181, 'Kendal', '2016-06-02 11:12:54', '0000-00-00 00:00:00'),
(182, 30, 182, 'Kendari', '2016-06-02 11:12:54', '0000-00-00 00:00:00'),
(183, 4, 183, 'Kepahiang', '2016-06-02 11:12:54', '0000-00-00 00:00:00'),
(184, 17, 184, 'Kepulauan Anambas', '2016-06-02 11:12:54', '0000-00-00 00:00:00'),
(185, 19, 185, 'Kepulauan Aru', '2016-06-02 11:12:54', '0000-00-00 00:00:00'),
(186, 32, 186, 'Kepulauan Mentawai', '2016-06-02 11:12:54', '0000-00-00 00:00:00'),
(187, 26, 187, 'Kepulauan Meranti', '2016-06-02 11:12:54', '0000-00-00 00:00:00'),
(188, 31, 188, 'Kepulauan Sangihe', '2016-06-02 11:12:54', '0000-00-00 00:00:00'),
(189, 6, 189, 'Kepulauan Seribu', '2016-06-02 11:12:54', '0000-00-00 00:00:00'),
(190, 31, 190, 'Kepulauan Siau Tagulandang Biaro (Sitaro)', '2016-06-02 11:12:54', '0000-00-00 00:00:00'),
(191, 20, 191, 'Kepulauan Sula', '2016-06-02 11:12:54', '0000-00-00 00:00:00'),
(192, 31, 192, 'Kepulauan Talaud', '2016-06-02 11:12:54', '0000-00-00 00:00:00'),
(193, 24, 193, 'Kepulauan Yapen (Yapen Waropen)', '2016-06-02 11:12:54', '0000-00-00 00:00:00'),
(194, 8, 194, 'Kerinci', '2016-06-02 11:12:54', '0000-00-00 00:00:00'),
(195, 12, 195, 'Ketapang', '2016-06-02 11:12:54', '0000-00-00 00:00:00'),
(196, 10, 196, 'Klaten', '2016-06-02 11:12:54', '0000-00-00 00:00:00'),
(197, 1, 197, 'Klungkung', '2016-06-02 11:12:54', '0000-00-00 00:00:00'),
(198, 30, 198, 'Kolaka', '2016-06-02 11:12:54', '0000-00-00 00:00:00'),
(199, 30, 199, 'Kolaka Utara', '2016-06-02 11:12:54', '0000-00-00 00:00:00'),
(200, 30, 200, 'Konawe', '2016-06-02 11:12:54', '0000-00-00 00:00:00'),
(201, 30, 201, 'Konawe Selatan', '2016-06-02 11:12:54', '0000-00-00 00:00:00'),
(202, 30, 202, 'Konawe Utara', '2016-06-02 11:12:54', '0000-00-00 00:00:00'),
(203, 13, 203, 'Kotabaru', '2016-06-02 11:12:54', '0000-00-00 00:00:00'),
(204, 31, 204, 'Kotamobagu', '2016-06-02 11:12:54', '0000-00-00 00:00:00'),
(205, 14, 205, 'Kotawaringin Barat', '2016-06-02 11:12:54', '0000-00-00 00:00:00'),
(206, 14, 206, 'Kotawaringin Timur', '2016-06-02 11:12:54', '0000-00-00 00:00:00'),
(207, 26, 207, 'Kuantan Singingi', '2016-06-02 11:12:54', '0000-00-00 00:00:00'),
(208, 12, 208, 'Kubu Raya', '2016-06-02 11:12:54', '0000-00-00 00:00:00'),
(209, 10, 209, 'Kudus', '2016-06-02 11:12:54', '0000-00-00 00:00:00'),
(210, 5, 210, 'Kulon Progo', '2016-06-02 11:12:54', '0000-00-00 00:00:00'),
(211, 9, 211, 'Kuningan', '2016-06-02 11:12:54', '0000-00-00 00:00:00'),
(212, 23, 212, 'Kupang', '2016-06-02 11:12:54', '0000-00-00 00:00:00'),
(213, 23, 213, 'Kupang', '2016-06-02 11:12:54', '0000-00-00 00:00:00'),
(214, 15, 214, 'Kutai Barat', '2016-06-02 11:12:54', '0000-00-00 00:00:00'),
(215, 15, 215, 'Kutai Kartanegara', '2016-06-02 11:12:54', '0000-00-00 00:00:00'),
(216, 15, 216, 'Kutai Timur', '2016-06-02 11:12:54', '0000-00-00 00:00:00'),
(217, 34, 217, 'Labuhan Batu', '2016-06-02 11:12:54', '0000-00-00 00:00:00'),
(218, 34, 218, 'Labuhan Batu Selatan', '2016-06-02 11:12:54', '0000-00-00 00:00:00'),
(219, 34, 219, 'Labuhan Batu Utara', '2016-06-02 11:12:54', '0000-00-00 00:00:00'),
(220, 33, 220, 'Lahat', '2016-06-02 11:12:54', '0000-00-00 00:00:00'),
(221, 14, 221, 'Lamandau', '2016-06-02 11:12:54', '0000-00-00 00:00:00'),
(222, 11, 222, 'Lamongan', '2016-06-02 11:12:54', '0000-00-00 00:00:00'),
(223, 18, 223, 'Lampung Barat', '2016-06-02 11:12:54', '0000-00-00 00:00:00'),
(224, 18, 224, 'Lampung Selatan', '2016-06-02 11:12:54', '0000-00-00 00:00:00'),
(225, 18, 225, 'Lampung Tengah', '2016-06-02 11:12:54', '0000-00-00 00:00:00'),
(226, 18, 226, 'Lampung Timur', '2016-06-02 11:12:54', '0000-00-00 00:00:00'),
(227, 18, 227, 'Lampung Utara', '2016-06-02 11:12:54', '0000-00-00 00:00:00'),
(228, 12, 228, 'Landak', '2016-06-02 11:12:54', '0000-00-00 00:00:00'),
(229, 34, 229, 'Langkat', '2016-06-02 11:12:54', '0000-00-00 00:00:00'),
(230, 21, 230, 'Langsa', '2016-06-02 11:12:54', '0000-00-00 00:00:00'),
(231, 24, 231, 'Lanny Jaya', '2016-06-02 11:12:54', '0000-00-00 00:00:00'),
(232, 3, 232, 'Lebak', '2016-06-02 11:12:54', '0000-00-00 00:00:00'),
(233, 4, 233, 'Lebong', '2016-06-02 11:12:54', '0000-00-00 00:00:00'),
(234, 23, 234, 'Lembata', '2016-06-02 11:12:54', '0000-00-00 00:00:00'),
(235, 21, 235, 'Lhokseumawe', '2016-06-02 11:12:54', '0000-00-00 00:00:00'),
(236, 32, 236, 'Lima Puluh Koto/Kota', '2016-06-02 11:12:54', '0000-00-00 00:00:00'),
(237, 17, 237, 'Lingga', '2016-06-02 11:12:54', '0000-00-00 00:00:00'),
(238, 22, 238, 'Lombok Barat', '2016-06-02 11:12:54', '0000-00-00 00:00:00'),
(239, 22, 239, 'Lombok Tengah', '2016-06-02 11:12:54', '0000-00-00 00:00:00'),
(240, 22, 240, 'Lombok Timur', '2016-06-02 11:12:54', '0000-00-00 00:00:00'),
(241, 22, 241, 'Lombok Utara', '2016-06-02 11:12:54', '0000-00-00 00:00:00'),
(242, 33, 242, 'Lubuk Linggau', '2016-06-02 11:12:54', '0000-00-00 00:00:00'),
(243, 11, 243, 'Lumajang', '2016-06-02 11:12:54', '0000-00-00 00:00:00'),
(244, 28, 244, 'Luwu', '2016-06-02 11:12:54', '0000-00-00 00:00:00'),
(245, 28, 245, 'Luwu Timur', '2016-06-02 11:12:54', '0000-00-00 00:00:00'),
(246, 28, 246, 'Luwu Utara', '2016-06-02 11:12:54', '0000-00-00 00:00:00'),
(247, 11, 247, 'Madiun', '2016-06-02 11:12:54', '0000-00-00 00:00:00'),
(248, 11, 248, 'Madiun', '2016-06-02 11:12:54', '0000-00-00 00:00:00'),
(249, 10, 249, 'Magelang', '2016-06-02 11:12:54', '0000-00-00 00:00:00'),
(250, 10, 250, 'Magelang', '2016-06-02 11:12:54', '0000-00-00 00:00:00'),
(251, 11, 251, 'Magetan', '2016-06-02 11:12:54', '0000-00-00 00:00:00'),
(252, 9, 252, 'Majalengka', '2016-06-02 11:12:54', '0000-00-00 00:00:00'),
(253, 27, 253, 'Majene', '2016-06-02 11:12:54', '0000-00-00 00:00:00'),
(254, 28, 254, 'Makassar', '2016-06-02 11:12:54', '0000-00-00 00:00:00'),
(255, 11, 255, 'Malang', '2016-06-02 11:12:54', '0000-00-00 00:00:00'),
(256, 11, 256, 'Malang', '2016-06-02 11:12:54', '0000-00-00 00:00:00'),
(257, 16, 257, 'Malinau', '2016-06-02 11:12:54', '0000-00-00 00:00:00'),
(258, 19, 258, 'Maluku Barat Daya', '2016-06-02 11:12:54', '0000-00-00 00:00:00'),
(259, 19, 259, 'Maluku Tengah', '2016-06-02 11:12:54', '0000-00-00 00:00:00'),
(260, 19, 260, 'Maluku Tenggara', '2016-06-02 11:12:54', '0000-00-00 00:00:00'),
(261, 19, 261, 'Maluku Tenggara Barat', '2016-06-02 11:12:54', '0000-00-00 00:00:00'),
(262, 27, 262, 'Mamasa', '2016-06-02 11:12:54', '0000-00-00 00:00:00'),
(263, 24, 263, 'Mamberamo Raya', '2016-06-02 11:12:54', '0000-00-00 00:00:00'),
(264, 24, 264, 'Mamberamo Tengah', '2016-06-02 11:12:54', '0000-00-00 00:00:00'),
(265, 27, 265, 'Mamuju', '2016-06-02 11:12:54', '0000-00-00 00:00:00'),
(266, 27, 266, 'Mamuju Utara', '2016-06-02 11:12:54', '0000-00-00 00:00:00'),
(267, 31, 267, 'Manado', '2016-06-02 11:12:54', '0000-00-00 00:00:00'),
(268, 34, 268, 'Mandailing Natal', '2016-06-02 11:12:54', '0000-00-00 00:00:00'),
(269, 23, 269, 'Manggarai', '2016-06-02 11:12:54', '0000-00-00 00:00:00'),
(270, 23, 270, 'Manggarai Barat', '2016-06-02 11:12:54', '0000-00-00 00:00:00'),
(271, 23, 271, 'Manggarai Timur', '2016-06-02 11:12:54', '0000-00-00 00:00:00'),
(272, 25, 272, 'Manokwari', '2016-06-02 11:12:54', '0000-00-00 00:00:00'),
(273, 25, 273, 'Manokwari Selatan', '2016-06-02 11:12:54', '0000-00-00 00:00:00'),
(274, 24, 274, 'Mappi', '2016-06-02 11:12:54', '0000-00-00 00:00:00'),
(275, 28, 275, 'Maros', '2016-06-02 11:12:54', '0000-00-00 00:00:00'),
(276, 22, 276, 'Mataram', '2016-06-02 11:12:54', '0000-00-00 00:00:00'),
(277, 25, 277, 'Maybrat', '2016-06-02 11:12:54', '0000-00-00 00:00:00'),
(278, 34, 278, 'Medan', '2016-06-02 11:12:54', '0000-00-00 00:00:00'),
(279, 12, 279, 'Melawi', '2016-06-02 11:12:54', '0000-00-00 00:00:00'),
(280, 8, 280, 'Merangin', '2016-06-02 11:12:54', '0000-00-00 00:00:00'),
(281, 24, 281, 'Merauke', '2016-06-02 11:12:54', '0000-00-00 00:00:00'),
(282, 18, 282, 'Mesuji', '2016-06-02 11:12:54', '0000-00-00 00:00:00'),
(283, 18, 283, 'Metro', '2016-06-02 11:12:54', '0000-00-00 00:00:00'),
(284, 24, 284, 'Mimika', '2016-06-02 11:12:54', '0000-00-00 00:00:00'),
(285, 31, 285, 'Minahasa', '2016-06-02 11:12:54', '0000-00-00 00:00:00'),
(286, 31, 286, 'Minahasa Selatan', '2016-06-02 11:12:54', '0000-00-00 00:00:00'),
(287, 31, 287, 'Minahasa Tenggara', '2016-06-02 11:12:54', '0000-00-00 00:00:00'),
(288, 31, 288, 'Minahasa Utara', '2016-06-02 11:12:54', '0000-00-00 00:00:00'),
(289, 11, 289, 'Mojokerto', '2016-06-02 11:12:54', '0000-00-00 00:00:00'),
(290, 11, 290, 'Mojokerto', '2016-06-02 11:12:54', '0000-00-00 00:00:00'),
(291, 29, 291, 'Morowali', '2016-06-02 11:12:54', '0000-00-00 00:00:00'),
(292, 33, 292, 'Muara Enim', '2016-06-02 11:12:54', '0000-00-00 00:00:00'),
(293, 8, 293, 'Muaro Jambi', '2016-06-02 11:12:54', '0000-00-00 00:00:00'),
(294, 4, 294, 'Muko Muko', '2016-06-02 11:12:54', '0000-00-00 00:00:00'),
(295, 30, 295, 'Muna', '2016-06-02 11:12:54', '0000-00-00 00:00:00'),
(296, 14, 296, 'Murung Raya', '2016-06-02 11:12:54', '0000-00-00 00:00:00'),
(297, 33, 297, 'Musi Banyuasin', '2016-06-02 11:12:54', '0000-00-00 00:00:00'),
(298, 33, 298, 'Musi Rawas', '2016-06-02 11:12:54', '0000-00-00 00:00:00'),
(299, 24, 299, 'Nabire', '2016-06-02 11:12:54', '0000-00-00 00:00:00'),
(300, 21, 300, 'Nagan Raya', '2016-06-02 11:12:54', '0000-00-00 00:00:00'),
(301, 23, 301, 'Nagekeo', '2016-06-02 11:12:54', '0000-00-00 00:00:00'),
(302, 17, 302, 'Natuna', '2016-06-02 11:12:54', '0000-00-00 00:00:00'),
(303, 24, 303, 'Nduga', '2016-06-02 11:12:54', '0000-00-00 00:00:00'),
(304, 23, 304, 'Ngada', '2016-06-02 11:12:54', '0000-00-00 00:00:00'),
(305, 11, 305, 'Nganjuk', '2016-06-02 11:12:54', '0000-00-00 00:00:00'),
(306, 11, 306, 'Ngawi', '2016-06-02 11:12:54', '0000-00-00 00:00:00'),
(307, 34, 307, 'Nias', '2016-06-02 11:12:54', '0000-00-00 00:00:00'),
(308, 34, 308, 'Nias Barat', '2016-06-02 11:12:54', '0000-00-00 00:00:00'),
(309, 34, 309, 'Nias Selatan', '2016-06-02 11:12:54', '0000-00-00 00:00:00'),
(310, 34, 310, 'Nias Utara', '2016-06-02 11:12:54', '0000-00-00 00:00:00'),
(311, 16, 311, 'Nunukan', '2016-06-02 11:12:54', '0000-00-00 00:00:00'),
(312, 33, 312, 'Ogan Ilir', '2016-06-02 11:12:54', '0000-00-00 00:00:00'),
(313, 33, 313, 'Ogan Komering Ilir', '2016-06-02 11:12:54', '0000-00-00 00:00:00'),
(314, 33, 314, 'Ogan Komering Ulu', '2016-06-02 11:12:54', '0000-00-00 00:00:00'),
(315, 33, 315, 'Ogan Komering Ulu Selatan', '2016-06-02 11:12:54', '0000-00-00 00:00:00'),
(316, 33, 316, 'Ogan Komering Ulu Timur', '2016-06-02 11:12:54', '0000-00-00 00:00:00'),
(317, 11, 317, 'Pacitan', '2016-06-02 11:12:54', '0000-00-00 00:00:00'),
(318, 32, 318, 'Padang', '2016-06-02 11:12:54', '0000-00-00 00:00:00'),
(319, 34, 319, 'Padang Lawas', '2016-06-02 11:12:54', '0000-00-00 00:00:00'),
(320, 34, 320, 'Padang Lawas Utara', '2016-06-02 11:12:54', '0000-00-00 00:00:00'),
(321, 32, 321, 'Padang Panjang', '2016-06-02 11:12:54', '0000-00-00 00:00:00'),
(322, 32, 322, 'Padang Pariaman', '2016-06-02 11:12:54', '0000-00-00 00:00:00'),
(323, 34, 323, 'Padang Sidempuan', '2016-06-02 11:12:54', '0000-00-00 00:00:00'),
(324, 33, 324, 'Pagar Alam', '2016-06-02 11:12:54', '0000-00-00 00:00:00'),
(325, 34, 325, 'Pakpak Bharat', '2016-06-02 11:12:54', '0000-00-00 00:00:00'),
(326, 14, 326, 'Palangka Raya', '2016-06-02 11:12:54', '0000-00-00 00:00:00'),
(327, 33, 327, 'Palembang', '2016-06-02 11:12:54', '0000-00-00 00:00:00'),
(328, 28, 328, 'Palopo', '2016-06-02 11:12:54', '0000-00-00 00:00:00'),
(329, 29, 329, 'Palu', '2016-06-02 11:12:54', '0000-00-00 00:00:00'),
(330, 11, 330, 'Pamekasan', '2016-06-02 11:12:54', '0000-00-00 00:00:00'),
(331, 3, 331, 'Pandeglang', '2016-06-02 11:12:54', '0000-00-00 00:00:00'),
(332, 9, 332, 'Pangandaran', '2016-06-02 11:12:54', '0000-00-00 00:00:00'),
(333, 28, 333, 'Pangkajene Kepulauan', '2016-06-02 11:12:54', '0000-00-00 00:00:00'),
(334, 2, 334, 'Pangkal Pinang', '2016-06-02 11:12:54', '0000-00-00 00:00:00'),
(335, 24, 335, 'Paniai', '2016-06-02 11:12:54', '0000-00-00 00:00:00'),
(336, 28, 336, 'Parepare', '2016-06-02 11:12:54', '0000-00-00 00:00:00'),
(337, 32, 337, 'Pariaman', '2016-06-02 11:12:54', '0000-00-00 00:00:00'),
(338, 29, 338, 'Parigi Moutong', '2016-06-02 11:12:54', '0000-00-00 00:00:00'),
(339, 32, 339, 'Pasaman', '2016-06-02 11:12:54', '0000-00-00 00:00:00'),
(340, 32, 340, 'Pasaman Barat', '2016-06-02 11:12:54', '0000-00-00 00:00:00'),
(341, 15, 341, 'Paser', '2016-06-02 11:12:54', '0000-00-00 00:00:00'),
(342, 11, 342, 'Pasuruan', '2016-06-02 11:12:54', '0000-00-00 00:00:00'),
(343, 11, 343, 'Pasuruan', '2016-06-02 11:12:54', '0000-00-00 00:00:00'),
(344, 10, 344, 'Pati', '2016-06-02 11:12:54', '0000-00-00 00:00:00'),
(345, 32, 345, 'Payakumbuh', '2016-06-02 11:12:54', '0000-00-00 00:00:00'),
(346, 25, 346, 'Pegunungan Arfak', '2016-06-02 11:12:54', '0000-00-00 00:00:00'),
(347, 24, 347, 'Pegunungan Bintang', '2016-06-02 11:12:54', '0000-00-00 00:00:00'),
(348, 10, 348, 'Pekalongan', '2016-06-02 11:12:54', '0000-00-00 00:00:00'),
(349, 10, 349, 'Pekalongan', '2016-06-02 11:12:54', '0000-00-00 00:00:00'),
(350, 26, 350, 'Pekanbaru', '2016-06-02 11:12:54', '0000-00-00 00:00:00'),
(351, 26, 351, 'Pelalawan', '2016-06-02 11:12:54', '0000-00-00 00:00:00'),
(352, 10, 352, 'Pemalang', '2016-06-02 11:12:54', '0000-00-00 00:00:00'),
(353, 34, 353, 'Pematang Siantar', '2016-06-02 11:12:54', '0000-00-00 00:00:00'),
(354, 15, 354, 'Penajam Paser Utara', '2016-06-02 11:12:54', '0000-00-00 00:00:00'),
(355, 18, 355, 'Pesawaran', '2016-06-02 11:12:54', '0000-00-00 00:00:00'),
(356, 18, 356, 'Pesisir Barat', '2016-06-02 11:12:54', '0000-00-00 00:00:00'),
(357, 32, 357, 'Pesisir Selatan', '2016-06-02 11:12:54', '0000-00-00 00:00:00'),
(358, 21, 358, 'Pidie', '2016-06-02 11:12:54', '0000-00-00 00:00:00'),
(359, 21, 359, 'Pidie Jaya', '2016-06-02 11:12:54', '0000-00-00 00:00:00'),
(360, 28, 360, 'Pinrang', '2016-06-02 11:12:54', '0000-00-00 00:00:00'),
(361, 7, 361, 'Pohuwato', '2016-06-02 11:12:54', '0000-00-00 00:00:00'),
(362, 27, 362, 'Polewali Mandar', '2016-06-02 11:12:54', '0000-00-00 00:00:00'),
(363, 11, 363, 'Ponorogo', '2016-06-02 11:12:54', '0000-00-00 00:00:00'),
(364, 12, 364, 'Pontianak', '2016-06-02 11:12:54', '0000-00-00 00:00:00'),
(365, 12, 365, 'Pontianak', '2016-06-02 11:12:54', '0000-00-00 00:00:00'),
(366, 29, 366, 'Poso', '2016-06-02 11:12:54', '0000-00-00 00:00:00'),
(367, 33, 367, 'Prabumulih', '2016-06-02 11:12:54', '0000-00-00 00:00:00'),
(368, 18, 368, 'Pringsewu', '2016-06-02 11:12:54', '0000-00-00 00:00:00'),
(369, 11, 369, 'Probolinggo', '2016-06-02 11:12:54', '0000-00-00 00:00:00'),
(370, 11, 370, 'Probolinggo', '2016-06-02 11:12:54', '0000-00-00 00:00:00'),
(371, 14, 371, 'Pulang Pisau', '2016-06-02 11:12:54', '0000-00-00 00:00:00'),
(372, 20, 372, 'Pulau Morotai', '2016-06-02 11:12:54', '0000-00-00 00:00:00'),
(373, 24, 373, 'Puncak', '2016-06-02 11:12:54', '0000-00-00 00:00:00'),
(374, 24, 374, 'Puncak Jaya', '2016-06-02 11:12:54', '0000-00-00 00:00:00'),
(375, 10, 375, 'Purbalingga', '2016-06-02 11:12:54', '0000-00-00 00:00:00'),
(376, 9, 376, 'Purwakarta', '2016-06-02 11:12:54', '0000-00-00 00:00:00'),
(377, 10, 377, 'Purworejo', '2016-06-02 11:12:54', '0000-00-00 00:00:00'),
(378, 25, 378, 'Raja Ampat', '2016-06-02 11:12:54', '0000-00-00 00:00:00'),
(379, 4, 379, 'Rejang Lebong', '2016-06-02 11:12:54', '0000-00-00 00:00:00'),
(380, 10, 380, 'Rembang', '2016-06-02 11:12:54', '0000-00-00 00:00:00'),
(381, 26, 381, 'Rokan Hilir', '2016-06-02 11:12:54', '0000-00-00 00:00:00'),
(382, 26, 382, 'Rokan Hulu', '2016-06-02 11:12:54', '0000-00-00 00:00:00'),
(383, 23, 383, 'Rote Ndao', '2016-06-02 11:12:54', '0000-00-00 00:00:00'),
(384, 21, 384, 'Sabang', '2016-06-02 11:12:54', '0000-00-00 00:00:00'),
(385, 23, 385, 'Sabu Raijua', '2016-06-02 11:12:54', '0000-00-00 00:00:00'),
(386, 10, 386, 'Salatiga', '2016-06-02 11:12:54', '0000-00-00 00:00:00'),
(387, 15, 387, 'Samarinda', '2016-06-02 11:12:54', '0000-00-00 00:00:00'),
(388, 12, 388, 'Sambas', '2016-06-02 11:12:54', '0000-00-00 00:00:00'),
(389, 34, 389, 'Samosir', '2016-06-02 11:12:54', '0000-00-00 00:00:00'),
(390, 11, 390, 'Sampang', '2016-06-02 11:12:54', '0000-00-00 00:00:00'),
(391, 12, 391, 'Sanggau', '2016-06-02 11:12:54', '0000-00-00 00:00:00'),
(392, 24, 392, 'Sarmi', '2016-06-02 11:12:54', '0000-00-00 00:00:00'),
(393, 8, 393, 'Sarolangun', '2016-06-02 11:12:54', '0000-00-00 00:00:00'),
(394, 32, 394, 'Sawah Lunto', '2016-06-02 11:12:54', '0000-00-00 00:00:00'),
(395, 12, 395, 'Sekadau', '2016-06-02 11:12:54', '0000-00-00 00:00:00'),
(396, 28, 396, 'Selayar (Kepulauan Selayar)', '2016-06-02 11:12:54', '0000-00-00 00:00:00'),
(397, 4, 397, 'Seluma', '2016-06-02 11:12:54', '0000-00-00 00:00:00'),
(398, 10, 398, 'Semarang', '2016-06-02 11:12:54', '0000-00-00 00:00:00'),
(399, 10, 399, 'Semarang', '2016-06-02 11:12:54', '0000-00-00 00:00:00'),
(400, 19, 400, 'Seram Bagian Barat', '2016-06-02 11:12:54', '0000-00-00 00:00:00'),
(401, 19, 401, 'Seram Bagian Timur', '2016-06-02 11:12:54', '0000-00-00 00:00:00'),
(402, 3, 402, 'Serang', '2016-06-02 11:12:54', '0000-00-00 00:00:00'),
(403, 3, 403, 'Serang', '2016-06-02 11:12:54', '0000-00-00 00:00:00'),
(404, 34, 404, 'Serdang Bedagai', '2016-06-02 11:12:54', '0000-00-00 00:00:00'),
(405, 14, 405, 'Seruyan', '2016-06-02 11:12:54', '0000-00-00 00:00:00'),
(406, 26, 406, 'Siak', '2016-06-02 11:12:54', '0000-00-00 00:00:00'),
(407, 34, 407, 'Sibolga', '2016-06-02 11:12:54', '0000-00-00 00:00:00'),
(408, 28, 408, 'Sidenreng Rappang/Rapang', '2016-06-02 11:12:54', '0000-00-00 00:00:00'),
(409, 11, 409, 'Sidoarjo', '2016-06-02 11:12:54', '0000-00-00 00:00:00'),
(410, 29, 410, 'Sigi', '2016-06-02 11:12:54', '0000-00-00 00:00:00'),
(411, 32, 411, 'Sijunjung (Sawah Lunto Sijunjung)', '2016-06-02 11:12:54', '0000-00-00 00:00:00'),
(412, 23, 412, 'Sikka', '2016-06-02 11:12:54', '0000-00-00 00:00:00'),
(413, 34, 413, 'Simalungun', '2016-06-02 11:12:54', '0000-00-00 00:00:00'),
(414, 21, 414, 'Simeulue', '2016-06-02 11:12:54', '0000-00-00 00:00:00'),
(415, 12, 415, 'Singkawang', '2016-06-02 11:12:54', '0000-00-00 00:00:00'),
(416, 28, 416, 'Sinjai', '2016-06-02 11:12:54', '0000-00-00 00:00:00'),
(417, 12, 417, 'Sintang', '2016-06-02 11:12:54', '0000-00-00 00:00:00'),
(418, 11, 418, 'Situbondo', '2016-06-02 11:12:54', '0000-00-00 00:00:00'),
(419, 5, 419, 'Sleman', '2016-06-02 11:12:54', '0000-00-00 00:00:00'),
(420, 32, 420, 'Solok', '2016-06-02 11:12:54', '0000-00-00 00:00:00'),
(421, 32, 421, 'Solok', '2016-06-02 11:12:54', '0000-00-00 00:00:00'),
(422, 32, 422, 'Solok Selatan', '2016-06-02 11:12:54', '0000-00-00 00:00:00'),
(423, 28, 423, 'Soppeng', '2016-06-02 11:12:54', '0000-00-00 00:00:00'),
(424, 25, 424, 'Sorong', '2016-06-02 11:12:54', '0000-00-00 00:00:00'),
(425, 25, 425, 'Sorong', '2016-06-02 11:12:54', '0000-00-00 00:00:00'),
(426, 25, 426, 'Sorong Selatan', '2016-06-02 11:12:54', '0000-00-00 00:00:00'),
(427, 10, 427, 'Sragen', '2016-06-02 11:12:54', '0000-00-00 00:00:00'),
(428, 9, 428, 'Subang', '2016-06-02 11:12:54', '0000-00-00 00:00:00'),
(429, 21, 429, 'Subulussalam', '2016-06-02 11:12:54', '0000-00-00 00:00:00'),
(430, 9, 430, 'Sukabumi', '2016-06-02 11:12:54', '0000-00-00 00:00:00'),
(431, 9, 431, 'Sukabumi', '2016-06-02 11:12:54', '0000-00-00 00:00:00'),
(432, 14, 432, 'Sukamara', '2016-06-02 11:12:54', '0000-00-00 00:00:00'),
(433, 10, 433, 'Sukoharjo', '2016-06-02 11:12:54', '0000-00-00 00:00:00'),
(434, 23, 434, 'Sumba Barat', '2016-06-02 11:12:54', '0000-00-00 00:00:00'),
(435, 23, 435, 'Sumba Barat Daya', '2016-06-02 11:12:54', '0000-00-00 00:00:00'),
(436, 23, 436, 'Sumba Tengah', '2016-06-02 11:12:54', '0000-00-00 00:00:00'),
(437, 23, 437, 'Sumba Timur', '2016-06-02 11:12:54', '0000-00-00 00:00:00'),
(438, 22, 438, 'Sumbawa', '2016-06-02 11:12:54', '0000-00-00 00:00:00'),
(439, 22, 439, 'Sumbawa Barat', '2016-06-02 11:12:54', '0000-00-00 00:00:00'),
(440, 9, 440, 'Sumedang', '2016-06-02 11:12:54', '0000-00-00 00:00:00'),
(441, 11, 441, 'Sumenep', '2016-06-02 11:12:54', '0000-00-00 00:00:00'),
(442, 8, 442, 'Sungaipenuh', '2016-06-02 11:12:54', '0000-00-00 00:00:00'),
(443, 24, 443, 'Supiori', '2016-06-02 11:12:54', '0000-00-00 00:00:00'),
(444, 11, 444, 'Surabaya', '2016-06-02 11:12:54', '0000-00-00 00:00:00'),
(445, 10, 445, 'Surakarta (Solo)', '2016-06-02 11:12:54', '0000-00-00 00:00:00'),
(446, 13, 446, 'Tabalong', '2016-06-02 11:12:54', '0000-00-00 00:00:00'),
(447, 1, 447, 'Tabanan', '2016-06-02 11:12:54', '0000-00-00 00:00:00'),
(448, 28, 448, 'Takalar', '2016-06-02 11:12:54', '0000-00-00 00:00:00'),
(449, 25, 449, 'Tambrauw', '2016-06-02 11:12:54', '0000-00-00 00:00:00'),
(450, 16, 450, 'Tana Tidung', '2016-06-02 11:12:54', '0000-00-00 00:00:00'),
(451, 28, 451, 'Tana Toraja', '2016-06-02 11:12:54', '0000-00-00 00:00:00'),
(452, 13, 452, 'Tanah Bumbu', '2016-06-02 11:12:54', '0000-00-00 00:00:00'),
(453, 32, 453, 'Tanah Datar', '2016-06-02 11:12:54', '0000-00-00 00:00:00'),
(454, 13, 454, 'Tanah Laut', '2016-06-02 11:12:54', '0000-00-00 00:00:00'),
(455, 3, 455, 'Tangerang', '2016-06-02 11:12:54', '0000-00-00 00:00:00'),
(456, 3, 456, 'Tangerang', '2016-06-02 11:12:54', '0000-00-00 00:00:00'),
(457, 3, 457, 'Tangerang Selatan', '2016-06-02 11:12:54', '0000-00-00 00:00:00'),
(458, 18, 458, 'Tanggamus', '2016-06-02 11:12:54', '0000-00-00 00:00:00'),
(459, 34, 459, 'Tanjung Balai', '2016-06-02 11:12:54', '0000-00-00 00:00:00'),
(460, 8, 460, 'Tanjung Jabung Barat', '2016-06-02 11:12:54', '0000-00-00 00:00:00'),
(461, 8, 461, 'Tanjung Jabung Timur', '2016-06-02 11:12:54', '0000-00-00 00:00:00'),
(462, 17, 462, 'Tanjung Pinang', '2016-06-02 11:12:54', '0000-00-00 00:00:00'),
(463, 34, 463, 'Tapanuli Selatan', '2016-06-02 11:12:54', '0000-00-00 00:00:00'),
(464, 34, 464, 'Tapanuli Tengah', '2016-06-02 11:12:54', '0000-00-00 00:00:00'),
(465, 34, 465, 'Tapanuli Utara', '2016-06-02 11:12:54', '0000-00-00 00:00:00'),
(466, 13, 466, 'Tapin', '2016-06-02 11:12:54', '0000-00-00 00:00:00'),
(467, 16, 467, 'Tarakan', '2016-06-02 11:12:54', '0000-00-00 00:00:00'),
(468, 9, 468, 'Tasikmalaya', '2016-06-02 11:12:54', '0000-00-00 00:00:00'),
(469, 9, 469, 'Tasikmalaya', '2016-06-02 11:12:54', '0000-00-00 00:00:00'),
(470, 34, 470, 'Tebing Tinggi', '2016-06-02 11:12:54', '0000-00-00 00:00:00'),
(471, 8, 471, 'Tebo', '2016-06-02 11:12:54', '0000-00-00 00:00:00'),
(472, 10, 472, 'Tegal', '2016-06-02 11:12:54', '0000-00-00 00:00:00'),
(473, 10, 473, 'Tegal', '2016-06-02 11:12:54', '0000-00-00 00:00:00'),
(474, 25, 474, 'Teluk Bintuni', '2016-06-02 11:12:54', '0000-00-00 00:00:00'),
(475, 25, 475, 'Teluk Wondama', '2016-06-02 11:12:54', '0000-00-00 00:00:00'),
(476, 10, 476, 'Temanggung', '2016-06-02 11:12:54', '0000-00-00 00:00:00'),
(477, 20, 477, 'Ternate', '2016-06-02 11:12:54', '0000-00-00 00:00:00'),
(478, 20, 478, 'Tidore Kepulauan', '2016-06-02 11:12:54', '0000-00-00 00:00:00'),
(479, 23, 479, 'Timor Tengah Selatan', '2016-06-02 11:12:54', '0000-00-00 00:00:00'),
(480, 23, 480, 'Timor Tengah Utara', '2016-06-02 11:12:54', '0000-00-00 00:00:00'),
(481, 34, 481, 'Toba Samosir', '2016-06-02 11:12:54', '0000-00-00 00:00:00'),
(482, 29, 482, 'Tojo Una-Una', '2016-06-02 11:12:54', '0000-00-00 00:00:00'),
(483, 29, 483, 'Toli-Toli', '2016-06-02 11:12:54', '0000-00-00 00:00:00'),
(484, 24, 484, 'Tolikara', '2016-06-02 11:12:54', '0000-00-00 00:00:00'),
(485, 31, 485, 'Tomohon', '2016-06-02 11:12:54', '0000-00-00 00:00:00'),
(486, 28, 486, 'Toraja Utara', '2016-06-02 11:12:54', '0000-00-00 00:00:00'),
(487, 11, 487, 'Trenggalek', '2016-06-02 11:12:54', '0000-00-00 00:00:00'),
(488, 19, 488, 'Tual', '2016-06-02 11:12:54', '0000-00-00 00:00:00'),
(489, 11, 489, 'Tuban', '2016-06-02 11:12:54', '0000-00-00 00:00:00'),
(490, 18, 490, 'Tulang Bawang', '2016-06-02 11:12:54', '0000-00-00 00:00:00'),
(491, 18, 491, 'Tulang Bawang Barat', '2016-06-02 11:12:54', '0000-00-00 00:00:00'),
(492, 11, 492, 'Tulungagung', '2016-06-02 11:12:54', '0000-00-00 00:00:00'),
(493, 28, 493, 'Wajo', '2016-06-02 11:12:54', '0000-00-00 00:00:00'),
(494, 30, 494, 'Wakatobi', '2016-06-02 11:12:54', '0000-00-00 00:00:00'),
(495, 24, 495, 'Waropen', '2016-06-02 11:12:54', '0000-00-00 00:00:00'),
(496, 18, 496, 'Way Kanan', '2016-06-02 11:12:54', '0000-00-00 00:00:00'),
(497, 10, 497, 'Wonogiri', '2016-06-02 11:12:54', '0000-00-00 00:00:00'),
(498, 10, 498, 'Wonosobo', '2016-06-02 11:12:54', '0000-00-00 00:00:00'),
(499, 24, 499, 'Yahukimo', '2016-06-02 11:12:54', '0000-00-00 00:00:00'),
(500, 24, 500, 'Yalimo', '2016-06-02 11:12:54', '0000-00-00 00:00:00'),
(501, 5, 501, 'Yogyakarta', '2016-06-02 11:12:54', '0000-00-00 00:00:00');

-- --------------------------------------------------------

--
-- Table structure for table `bkm_config`
--

CREATE TABLE `bkm_config` (
  `id` int(10) NOT NULL,
  `name` varchar(100) DEFAULT NULL,
  `value` text,
  `config_type` varchar(10) DEFAULT NULL,
  `created_at` timestamp NULL DEFAULT '0000-00-00 00:00:00',
  `updated_at` timestamp NULL DEFAULT '0000-00-00 00:00:00' ON UPDATE CURRENT_TIMESTAMP
) ENGINE=InnoDB DEFAULT CHARSET=latin1;

--
-- Dumping data for table `bkm_config`
--

INSERT INTO `bkm_config` (`id`, `name`, `value`, `config_type`, `created_at`, `updated_at`) VALUES
(1, 'web_name', 'Intrac', 'both', NULL, '2017-10-23 02:09:32'),
(2, 'web_logo', 's7Y9sy_logo.png', 'both', NULL, '2017-11-01 07:49:54'),
(3, 'web_email', 'solveway@solveway.co.id', 'both', NULL, '2017-11-01 08:16:18'),
(4, 'favicon', 'jsfvGa_logo.png', 'both', NULL, '2017-11-01 07:49:54'),
(5, 'web_title', 'Intrac Website', 'both', '0000-00-00 00:00:00', '2017-10-23 02:09:32'),
(6, 'web_description', 'Intrac Website', 'both', '0000-00-00 00:00:00', '2017-10-23 02:09:32'),
(7, 'web_keywords', 'Intrac Website', 'both', '0000-00-00 00:00:00', '2017-10-23 02:09:32'),
(8, 'maintenance_mode', 'n', 'front', '0000-00-00 00:00:00', '2016-05-19 05:26:19'),
(9, 'background_color', '#d622cf', 'front', '0000-00-00 00:00:00', '2016-05-29 09:25:41'),
(10, 'font_color', '#2f9fd6', 'front', '0000-00-00 00:00:00', '2016-05-29 09:25:43'),
(11, 'send_email', 'n', 'both', '0000-00-00 00:00:00', '2016-11-29 10:18:35'),
(12, 'send_sms', 'n', 'both', '0000-00-00 00:00:00', '2016-11-29 09:07:11'),
(13, 'deadline_payment', '1', 'both', '0000-00-00 00:00:00', '0000-00-00 00:00:00'),
(14, 'phone', '(021) 7123 1231', 'front', '0000-00-00 00:00:00', '2017-11-01 08:09:58'),
(15, 'address', '<p>Jakarta</p>\r\n<p>Ruko Garden Shopping Arcade No. 8EK</p>\r\n<p>Podomoro City - Central Park</p>\r\n<p>Jl. Letjen S. Parman Kav. 28</p>\r\n<p>Grogol - Petamburan</p>\r\n<p>Jakarta Barat</p>\r\n<p>11470</p>', 'front', '0000-00-00 00:00:00', '2017-12-05 09:36:31'),
(16, 'shop_info', 'Beli disini ada diskon 40 % di setiap pembelian ke 3 ! ayo segera ', 'front', '0000-00-00 00:00:00', '2017-11-01 08:22:44'),
(17, 'shipping_returns_product', '<p>Lorem ipsum dolor sit amet, consectetur adipiscing elit, sed do eiusmod tempor incididunt ut labore et dolore magna aliqua. Ut enim ad minim veniam, quis nostrud exercitation ullamco laboris nisi ut aliquip ex ea commodo consequat. Duis aute irure dolor in reprehenderit in voluptate velit.</p>\r\n<ul>\r\n<li>Any Product types that You want - Simple, Configurable</li>\r\n<li>Downloadable/Digital Products, Virtual Products</li>\r\n<li>Inventory Management with Backordered items</li>\r\n<li>Customer Personal Products - upload text for embroidery, monogramming</li>\r\n<li>Create Store-specific attributes on the fly</li>\r\n</ul>', 'front', '0000-00-00 00:00:00', '2016-12-03 15:23:01'),
(18, 'terms_condition_product', '<p>Lorem ipsum dolor sit amet, consectetur adipiscing elit, sed do eiusmod tempor incididunt ut labore et dolore magna aliqua. Ut enim ad minim veniam, quis nostrud exercitation ullamco laboris nisi ut aliquip ex ea commodo consequat. Duis aute irure dolor in reprehenderit in voluptate velit.</p>\r\n<ul>\r\n<li>Any Product types that You want - Simple, Configurable</li>\r\n<li>Downloadable/Digital Products, Virtual Products</li>\r\n<li>Inventory Management with Backordered items</li>\r\n<li>Customer Personal Products - upload text for embroidery, monogramming</li>\r\n<li>Create Store-specific attributes on the fly</li>\r\n</ul>', 'front', '0000-00-00 00:00:00', '2016-12-03 15:23:01'),
(19, 'gmaps', 'https://www.google.com/maps/embed?pb=!1m18!1m12!1m3!1d3967.126812408091!2d106.77924691486086!3d-6.1136249955732245!2m3!1f0!2f0!3f0!3m2!1i1024!2i768!4f13.1!3m3!1m2!1s0x2e6a1da3243f9251%3A0x4d57833c2076dd00!2sJl.+Pluit+Karang+Jelita+No.61b%2C+Pluit%2C+Penjaringan%2C+Kota+Jkt+Utara%2C+Daerah+Khusus+Ibukota+Jakarta+14450!5e0!3m2!1sid!2sid!4v1511172251842', 'front', '0000-00-00 00:00:00', '2017-12-05 08:18:39'),
(20, 'city', '151', 'front', '0000-00-00 00:00:00', '2017-05-31 09:59:28'),
(21, 'fax', '021 5595 7681', 'front', '0000-00-00 00:00:00', '2017-06-07 07:53:02'),
(22, 'clock_1', 'Mon - Sat (09.00 - 20.00)', 'front', '0000-00-00 00:00:00', '2017-11-07 04:13:54'),
(24, 'clock_2', 'Sun (10.00 - 18.00)', 'front', '0000-00-00 00:00:00', '2017-11-07 04:13:54'),
(25, 'clock_3', 'Buka saat Libur', 'front', '0000-00-00 00:00:00', '2017-11-07 04:13:54'),
(26, 'foot_des', '<p>All Rights Reserved. &copy; 2016</p>\r\n<p>www.Intrac.com</p>\r\n<p>&nbsp;</p>\r\n<p>Jam Kerja :</p>\r\n<p>&nbsp;</p>\r\n<p>Senin - Jumat : 09:00 - 17:00 WIB</p>\r\n<p>Sabtu : 09:00 - 12:00 WIB</p>\r\n<p>&nbsp;</p>\r\n<p>Di luar jam kerja akan tetap di respon apabila memungkinkan. Terimakasih. :)</p>', 'front', '0000-00-00 00:00:00', '2017-11-07 04:17:00'),
(27, 'address2', '<p>Jakarta</p>\r\n<p>Ruko Garden Shopping Arcade No. 8EK</p>\r\n<p>Podomoro City - Central Park</p>\r\n<p>Jl. Letjen S. Parman Kav. 28</p>\r\n<p>Grogol - Petamburan</p>\r\n<p>Jakarta Barat</p>\r\n<p>11470</p>', 'front', '0000-00-00 00:00:00', '2017-12-05 09:44:59');

-- --------------------------------------------------------

--
-- Table structure for table `bkm_contact`
--

CREATE TABLE `bkm_contact` (
  `id` int(11) NOT NULL,
  `contact_name` varchar(100) DEFAULT NULL,
  `value` text,
  `image` varchar(100) DEFAULT NULL,
  `status` varchar(1) DEFAULT NULL,
  `upd_by` int(10) DEFAULT NULL,
  `created_at` timestamp NOT NULL DEFAULT CURRENT_TIMESTAMP ON UPDATE CURRENT_TIMESTAMP,
  `updated_at` timestamp NOT NULL DEFAULT '0000-00-00 00:00:00'
) ENGINE=InnoDB DEFAULT CHARSET=latin1;

--
-- Dumping data for table `bkm_contact`
--

INSERT INTO `bkm_contact` (`id`, `contact_name`, `value`, `image`, `status`, `upd_by`, `created_at`, `updated_at`) VALUES
(1, 'bbm', 'D9918EF2', 'cWsezu_bbm.png', 'y', 1, '2017-12-05 08:58:15', '2017-12-05 08:58:15'),
(2, 'whatsapp', '08989315256', 'JKRQyE_whatsapp.png', 'y', 1, '2017-12-05 08:58:49', '2017-12-05 08:58:49');

-- --------------------------------------------------------

--
-- Table structure for table `bkm_contactmessage`
--

CREATE TABLE `bkm_contactmessage` (
  `id` int(11) NOT NULL,
  `name` varchar(100) DEFAULT NULL,
  `email` varchar(100) DEFAULT NULL,
  `phone` char(20) DEFAULT NULL,
  `subject` varchar(100) DEFAULT NULL,
  `message` text,
  `upd_by` int(10) DEFAULT NULL,
  `created_at` timestamp NULL DEFAULT '0000-00-00 00:00:00',
  `updated_at` timestamp NULL DEFAULT '0000-00-00 00:00:00' ON UPDATE CURRENT_TIMESTAMP
) ENGINE=InnoDB DEFAULT CHARSET=latin1;

--
-- Dumping data for table `bkm_contactmessage`
--

INSERT INTO `bkm_contactmessage` (`id`, `name`, `email`, `phone`, `subject`, `message`, `upd_by`, `created_at`, `updated_at`) VALUES
(1, 'a', 'b', '1', 'ca', 'd', 1, '0000-00-00 00:00:00', '2017-06-13 02:23:54'),
(2, 'bulek', 'bulekberry1@yahoo.com', '2', 'bulekberry', 'bulekberry message', NULL, '2017-04-19 14:20:17', '2017-06-13 02:23:56'),
(3, 'Bulekberry', 'bulekberry1@yahoo.com', '3', 'bulekberry', 'bulekberry\r\n', NULL, '2017-04-19 14:21:01', '2017-06-13 02:23:58'),
(4, 'Ryne', 'ryne@gmail.com', '4', 'Ryne Test Mail', 'ryne test', 1, '2017-06-01 16:11:00', '2017-06-13 02:23:59'),
(5, 'Reina', 'reina@gmail.com', '08545656562', 'Contact Us', 'Sudahkah anda minum kopi hari ini ?', 0, '2017-06-13 02:29:08', '2017-06-13 02:29:08'),
(6, 'Reyna', 'reyna@gmail.com', '0854756462', 'Contact Us', 'hari ini minum 10 botol kopi', 0, '2017-06-13 02:33:24', '2017-06-13 02:33:24'),
(7, 'Sera', 'sera@gmail.com', '085452221111', 'Contact Us', 'Minum air putih 8 gelas tiap harinya', 0, '2017-06-13 02:36:58', '2017-06-13 02:36:58'),
(8, 'Sei', 'sei@gmail.com', '0857545451252', 'Contact Us', 'Sei Disini ', 0, '2017-06-13 02:39:26', '2017-06-13 02:39:26'),
(9, 'Ss', 'fafa@gmail.com', '123154165165', 'Contact Us', 'asdafafafwasd', 0, '2017-06-13 02:45:55', '2017-06-13 02:45:55'),
(10, 'final', 'final@gmail.com', '054523235062', 'Contact Us', 'Testing loh', 0, '2017-06-13 02:52:05', '2017-06-13 02:52:05'),
(11, 'cs', 'cs@gmail.com', '123232232', 'Contact Us', 'sdsds', 0, '2017-06-13 02:59:13', '2017-06-13 02:59:13'),
(12, 'reina', 'reina@gmail.com', '198282828', 'Contact Us', 'reina message untuk testing', 0, '2017-09-07 04:21:25', '2017-09-07 04:21:25'),
(13, 'reina', 'reina@gmail.com', '29292929', 'Contact Us', 'reina testing message', 0, '2017-09-07 04:28:19', '2017-09-07 04:28:19');

-- --------------------------------------------------------

--
-- Table structure for table `bkm_content`
--

CREATE TABLE `bkm_content` (
  `id` int(10) NOT NULL,
  `name` varchar(100) DEFAULT NULL,
  `value` text,
  `created_at` timestamp NULL DEFAULT '0000-00-00 00:00:00',
  `updated_at` timestamp NULL DEFAULT '0000-00-00 00:00:00' ON UPDATE CURRENT_TIMESTAMP
) ENGINE=InnoDB DEFAULT CHARSET=latin1;

--
-- Dumping data for table `bkm_content`
--

INSERT INTO `bkm_content` (`id`, `name`, `value`, `created_at`, `updated_at`) VALUES
(1, 'home_banner', '[{"title":"banner 1","button_text":"","url":"","image":"mjFOoy_bn1.jpg","id":"5LM"},{"title":"banner 2","button_text":"","url":"","image":"O8NRF5_bn2.jpg","id":"QnM"},{"title":"banner 3","button_text":"","url":"","image":"cXNSij_bn3.jpg","id":"38N"},{"title":"Banner 4","button_text":"","url":"","image":"cp5K5p_bn4.jpg","id":"ZvQ"},{"title":"Banner 5","button_text":"","url":"","image":"wXgWOV_bn5.jpg","id":"zPg"},{"title":"Banner 6","button_text":"","url":"","image":"LlX9xf_bn6.jpg","id":"aLg"},{"title":"Banner 7","button_text":"","url":"","image":"YAiEGQ_bn7.jpg","id":"nOv"},{"title":"Banner 8","button_text":"","url":"","image":"8GFoDJ_bn8.jpg","id":"avS"},{"title":"Banner 9","button_text":"","url":"","image":"Dq7XzT_bn9.jpg","id":"fMc"}]', '0000-00-00 00:00:00', '2017-11-01 08:40:55'),
(2, 'footer_product_category', '[]', '0000-00-00 00:00:00', '2017-04-11 05:35:52');

-- --------------------------------------------------------

--
-- Table structure for table `bkm_customer`
--

CREATE TABLE `bkm_customer` (
  `id` int(11) NOT NULL,
  `email` varchar(100) DEFAULT NULL,
  `name` varchar(100) DEFAULT NULL,
  `password` varchar(150) DEFAULT NULL,
  `gender` varchar(1) DEFAULT NULL,
  `birth_date` date DEFAULT NULL,
  `images` varchar(100) DEFAULT NULL,
  `status` varchar(1) DEFAULT NULL,
  `last_login` datetime DEFAULT NULL ON UPDATE CURRENT_TIMESTAMP,
  `remember_token` varchar(150) DEFAULT NULL,
  `upd_by` int(10) DEFAULT NULL,
  `created_at` timestamp NULL DEFAULT '0000-00-00 00:00:00',
  `updated_at` timestamp NULL DEFAULT '0000-00-00 00:00:00' ON UPDATE CURRENT_TIMESTAMP
) ENGINE=InnoDB DEFAULT CHARSET=latin1;

--
-- Dumping data for table `bkm_customer`
--

INSERT INTO `bkm_customer` (`id`, `email`, `name`, `password`, `gender`, `birth_date`, `images`, `status`, `last_login`, `remember_token`, `upd_by`, `created_at`, `updated_at`) VALUES
(1, 'sinceritymaiden@hotmail.com', 'Vincent', '$2y$10$pGWG4e/C/hjEKj2QRFDWxOLdcxvfE2PCWCTaV8tjhr0TZyyBMDqQ.', 'm', '1991-08-16', '', 'y', NULL, NULL, 1, '2016-10-30 15:55:08', '2016-11-27 04:44:42'),
(4, 'sinceritymaiden1@hotmail.com', 'vincent', '$2y$10$5qLkYdsXGTNVmEL5Rvo93.vfO0xD1En1ndzp2anWz9TY6jOyA.KRO', NULL, NULL, NULL, 'y', '2017-02-01 14:51:21', 'RO9kjJlyX4aI1oudOrKZVRIY8RtebeVCx1nG5D814wecVmSal04Y0oZOgFxt', NULL, '2017-01-11 10:12:30', '2017-02-01 07:51:21'),
(5, 'bulekberry1@yahoo.com', ' bulekberry', '$2y$10$5nzY0i6xKUq9n48lcmm/7u5v2IESyy4JErp2GxDqatAISJsEVOfZa', '', NULL, NULL, 'y', '2017-06-02 00:14:54', 'VURgHY0E58Q3IdaXEV7zetVsjHotLeGIME3JZuKMmGgKjLHkJmW64ZdkXZPT', NULL, '2017-03-08 02:22:35', '2017-06-01 17:14:54'),
(37, 'testdevlop203@gmail.com', ' ', '$2y$10$/aQYsywhxuPojCtB9/OEWuEbKYXbEMmA5XxytS1nBatfHnELqv4sa', NULL, NULL, NULL, 'y', '2017-03-31 11:26:30', 'Md2hlFu4TQcrWAu9gv5MYnA37Yn5hZFkE6BsPE66pjL1lgpb0GSU02Crzzkj', NULL, '2017-03-31 04:07:23', '2017-03-31 04:26:30'),
(38, 'testdev203@gmail.com', ' ', '$2y$10$VDnnFqKcofQqxL8/iR16OuVsE/DsmFMwFdEC2OY3PrF2ZmuoUJ.mW', NULL, NULL, NULL, 'y', '2017-04-04 21:48:36', 'hio3bBgVVaTnh1yay1FUADOa9fKo6JqWrUYMlaNjQYK3uj1ywJ1Djx7LZnZd', NULL, '2017-04-01 14:22:52', '2017-04-04 14:48:36'),
(39, 'a@gmail.com', 'konohana', '$2y$10$IhkU3JtUXI982eGCWzCuaOOjT7Hnng8me67NZHfGqwOY4Qz4r1oBe', NULL, NULL, NULL, 'y', '2017-04-06 23:34:16', NULL, NULL, '2017-04-06 16:34:16', '2017-04-06 16:34:16'),
(40, 'a@gmail.com', 'konohana', '$2y$10$bpout/nUOAm1QAACUR7irOHUSXrkbXpzoDn4FrYARFxpdUcsbtJDS', NULL, NULL, NULL, 'y', '2017-04-06 23:34:53', NULL, NULL, '2017-04-06 16:34:53', '2017-04-06 16:34:53'),
(41, 'a@gmail.com', 'konohana', '$2y$10$eF1JRH71nlniPpY.3FG4PO2eRbagjlcg8eMtvTr3rjzaotBGSUsSC', NULL, NULL, NULL, 'y', '2017-04-06 23:39:19', 'wgai9rEXaGfltlXS3jKRtBaVqWysjeWpNvqg5AvA2zUjnT7utSTOiqpABTMC', NULL, '2017-04-06 16:35:14', '2017-04-06 16:39:19'),
(42, 'narutoback@gmail.com', 'naruto back', '$2y$10$i6K9olV7.6Xh7ZKQAIbqC.6ingVMtefpTwm1F/beSFXe9O/XL/G2q', NULL, NULL, NULL, 'y', '2017-04-06 23:47:09', 'lp29af0zfOwHT7UyIFg3hX25yWyNT9YiVHbhAIeNLdM79vVGRbtV1UL3hbN1', NULL, '2017-04-06 16:41:58', '2017-04-06 16:47:09'),
(43, 'lolz@gmail.com', 'lolz', '$2y$10$qhg/f1nfo5L9Aq/jb5OFFONC0PC6RA.aGSAbk1bzgm4URWpU1HY7i', NULL, NULL, NULL, 'y', '2017-04-12 11:50:39', 'nzjUt7y79PH3YIAnLIieJfxnTmjaUt6P0urqxnktVM8MyB6FGbhKPW2BEITi', NULL, '2017-04-12 04:48:31', '2017-04-12 04:50:39'),
(44, 'hinata@gmail.com', 'hinata', '$2y$10$AlMrUJ7MkoT7nokcUSYyaeYDviWfEiPXbfiOmwE8ricZHIH5djhwO', NULL, NULL, NULL, 'y', '2017-04-12 11:54:15', 'DDyqizPGJHV1Aj5nqQGC5cIrGX5nBdNBB7znJI8DN1VDK1ATA0xKfTPJnw3g', NULL, '2017-04-12 04:54:03', '2017-04-12 04:54:15'),
(45, 'hinata2@gmail.com', 'hinata', '$2y$10$fMa3HNmA8jsMVzKZNAKa7eXaQ2KRM0Ishisv4/fLtAyBVP5GqbM3G', NULL, NULL, NULL, 'y', '2017-04-12 12:53:44', '1zOFlW8YfMFoHziFSwIPCSEy7fZyyD16lDYznWk9xGQcu0jvTPdkUZIQoDpQ', NULL, '2017-04-12 05:52:37', '2017-04-12 05:53:44'),
(46, 'anohana@gmail.com', 'anohana', '$2y$10$ZERPQDGR4g613Suck9e5vOH1ZA2aQh82FQ5X3UEd7Ctxm.zi.Rjeu', NULL, NULL, NULL, 'y', '2017-04-18 16:56:15', 'Ywcg5ue7XPfOHPpXyXpp7ZQlYHrl1iRFAjcV8Q6KxzXqjoT4rXM5lyqXNSlh', NULL, '2017-04-18 09:52:17', '2017-04-18 09:56:15'),
(47, 'fandi@gmail.com', 'fandi', '$2y$10$2udMrlgVA/z4hf8GTRU6.e5R/R0DGH9nWSBi9zZ/fN6LCWcXdwbGO', '', NULL, NULL, 'y', '2017-12-06 15:42:29', 'Y6vhA6UmQeooIdhpyyLNTiWBiG1s1cQp4K935IaxVuQVHE5Ba9xUjTYQATm8', NULL, '2017-10-03 07:37:32', '2017-12-06 08:42:29');

-- --------------------------------------------------------

--
-- Table structure for table `bkm_customer_address`
--

CREATE TABLE `bkm_customer_address` (
  `id` int(11) NOT NULL,
  `customer_id` int(11) NOT NULL,
  `first_name` varchar(80) DEFAULT NULL,
  `last_name` varchar(70) DEFAULT NULL,
  `address` text,
  `postal_code` varchar(10) DEFAULT NULL,
  `province_id` int(11) DEFAULT NULL,
  `city_id` int(11) DEFAULT NULL,
  `sub_district_id` int(11) DEFAULT NULL,
  `phone` varchar(100) DEFAULT NULL,
  `status` varchar(1) DEFAULT '0',
  `updated_at` datetime DEFAULT NULL,
  `created_at` datetime DEFAULT NULL
) ENGINE=MyISAM DEFAULT CHARSET=latin1;

--
-- Dumping data for table `bkm_customer_address`
--

INSERT INTO `bkm_customer_address` (`id`, `customer_id`, `first_name`, `last_name`, `address`, `postal_code`, `province_id`, `city_id`, `sub_district_id`, `phone`, `status`, `updated_at`, `created_at`) VALUES
(1, 1, 'Vincent', 'cent', 'Tangerang, Villa Taman Bandara H5 No 3', '15211', 3, 455, 6278, '083873066171', 'y', NULL, NULL),
(2, 4, 'Vincent', 'cent', 'Tangerang, Villa Taman Bandara H5 No 3', '15211', 3, 455, 6278, '083873066171', 'n', '2017-02-08 09:07:40', NULL),
(3, 4, 'Vincent', 'cent', 'Tangerang, Villa Taman Bandara H5 No 3', '15211', 3, 455, 6278, '083873066171', 'y', '2017-02-08 09:07:40', NULL),
(5, 5, 'Bulekberry', 'On titan', 'bulekberry on titan, season 100', '117015', 6, 151, 2087, '0874545445', 'y', '2017-03-31 10:44:02', '2017-03-22 00:00:00'),
(54, 38, 'waw lagi', '', 'lagi lagi test', '123141', 6, 152, 2096, '1241541', 'y', '2017-04-02 21:51:42', '2017-04-02 21:20:59'),
(55, 39, 'konohana', '', 'kakakakak', '123141', 6, 151, 2087, '020202020', 'y', '2017-04-06 23:34:17', '2017-04-06 23:34:17'),
(56, 40, 'konohana', '', 'kakakakak', '123141', 6, 151, 2087, '020202020', 'y', '2017-04-06 23:34:53', '2017-04-06 23:34:53'),
(57, 41, 'konohana', '', 'kakakakak', '123141', 6, 151, 2087, '020202020', 'y', '2017-04-06 23:35:14', '2017-04-06 23:35:14'),
(58, 42, 'naruto back', '', 'Konohana seberang gunung fuji', '1218282', 34, 278, 3915, '19292929', 'y', '2017-04-06 23:41:58', '2017-04-06 23:41:58'),
(59, 43, 'lolz', '', 'Rumah LOLz', '11920', 6, 151, 2087, '08545621215', 'y', '2017-04-12 11:48:31', '2017-04-12 11:48:31'),
(60, 44, 'hinata', '', 'satu rumah dengan naruto', '11920', 6, 151, 2087, '08545621215', 'y', '2017-04-12 11:54:03', '2017-04-12 11:54:03'),
(61, 47, 'freya', '', 'somewhere in the world', '112323', 6, 151, 2087, '0895665651212', 'y', '2017-10-13 15:30:27', '2017-10-06 14:29:12');

-- --------------------------------------------------------

--
-- Table structure for table `bkm_customer_cart`
--

CREATE TABLE `bkm_customer_cart` (
  `id` int(10) NOT NULL,
  `customer_id` int(10) DEFAULT NULL,
  `content` text,
  `created_at` timestamp NULL DEFAULT '0000-00-00 00:00:00',
  `updated_at` timestamp NULL DEFAULT '0000-00-00 00:00:00' ON UPDATE CURRENT_TIMESTAMP
) ENGINE=InnoDB DEFAULT CHARSET=latin1;

--
-- Dumping data for table `bkm_customer_cart`
--

INSERT INTO `bkm_customer_cart` (`id`, `customer_id`, `content`, `created_at`, `updated_at`) VALUES
(12, 5, '[]', '2017-03-31 02:17:20', '2017-06-06 05:08:51'),
(13, 37, '[]', '2017-03-31 04:23:39', '2017-10-02 09:37:21'),
(14, 38, '[]', '2017-04-01 15:40:53', '2017-10-02 09:37:24'),
(15, 47, '[]', '2017-10-03 07:46:53', '2017-12-06 08:44:42');

-- --------------------------------------------------------

--
-- Table structure for table `bkm_customer_group`
--

CREATE TABLE `bkm_customer_group` (
  `id` int(11) NOT NULL,
  `customer_group_name` varchar(100) DEFAULT NULL,
  `upd_by` int(10) DEFAULT NULL,
  `created_at` timestamp NULL DEFAULT '0000-00-00 00:00:00',
  `updated_at` timestamp NULL DEFAULT '0000-00-00 00:00:00' ON UPDATE CURRENT_TIMESTAMP
) ENGINE=InnoDB DEFAULT CHARSET=latin1;

--
-- Dumping data for table `bkm_customer_group`
--

INSERT INTO `bkm_customer_group` (`id`, `customer_group_name`, `upd_by`, `created_at`, `updated_at`) VALUES
(2, 'Masyarakat', 1, '2016-10-30 15:15:54', '2016-10-31 08:14:57'),
(3, 'Pendatang', 1, '2016-10-30 16:09:33', '2016-10-31 08:14:40');

-- --------------------------------------------------------

--
-- Table structure for table `bkm_customer_group_data`
--

CREATE TABLE `bkm_customer_group_data` (
  `id` int(11) NOT NULL,
  `customer_id` int(10) DEFAULT NULL,
  `customer_group_id` int(10) DEFAULT NULL,
  `created_at` timestamp NULL DEFAULT '0000-00-00 00:00:00',
  `updated_at` timestamp NULL DEFAULT '0000-00-00 00:00:00' ON UPDATE CURRENT_TIMESTAMP
) ENGINE=InnoDB DEFAULT CHARSET=latin1;

--
-- Dumping data for table `bkm_customer_group_data`
--

INSERT INTO `bkm_customer_group_data` (`id`, `customer_id`, `customer_group_id`, `created_at`, `updated_at`) VALUES
(4, 2, 3, '2016-10-30 16:12:12', '2016-10-30 16:12:12'),
(5, 3, 3, '2016-10-30 16:14:37', '2016-10-30 16:15:34'),
(6, 3, 3, '2016-10-30 16:14:37', '2016-10-30 16:15:36'),
(7, 4, 3, '2016-10-30 16:14:55', '2016-10-30 16:15:37'),
(14, 5, 3, '2016-10-31 08:11:09', '2016-10-31 08:11:09'),
(15, 5, 2, '2016-10-31 08:11:09', '2016-10-31 08:11:09');

-- --------------------------------------------------------

--
-- Table structure for table `bkm_customer_wishlist`
--

CREATE TABLE `bkm_customer_wishlist` (
  `id` int(11) NOT NULL,
  `customer_id` int(10) DEFAULT NULL,
  `product_id` int(10) DEFAULT NULL,
  `created_at` timestamp NULL DEFAULT '0000-00-00 00:00:00',
  `updated_at` timestamp NULL DEFAULT '0000-00-00 00:00:00' ON UPDATE CURRENT_TIMESTAMP
) ENGINE=InnoDB DEFAULT CHARSET=latin1;

-- --------------------------------------------------------

--
-- Table structure for table `bkm_delivery_price`
--

CREATE TABLE `bkm_delivery_price` (
  `id` int(11) NOT NULL,
  `delivery_service_sub_id` int(10) DEFAULT NULL,
  `sub_district_id` int(10) DEFAULT NULL,
  `price` decimal(30,2) DEFAULT NULL,
  `etd` varchar(100) DEFAULT NULL,
  `notes` text,
  `created_at` timestamp NULL DEFAULT '0000-00-00 00:00:00',
  `updated_at` timestamp NULL DEFAULT '0000-00-00 00:00:00' ON UPDATE CURRENT_TIMESTAMP
) ENGINE=InnoDB DEFAULT CHARSET=latin1;

-- --------------------------------------------------------

--
-- Table structure for table `bkm_delivery_service`
--

CREATE TABLE `bkm_delivery_service` (
  `id` int(11) NOT NULL,
  `name` varchar(50) DEFAULT NULL,
  `name_alias` varchar(100) DEFAULT NULL,
  `image` varchar(100) DEFAULT NULL,
  `order` int(10) DEFAULT NULL,
  `status` varchar(1) DEFAULT NULL,
  `upd_by` int(10) DEFAULT NULL,
  `created_at` timestamp NULL DEFAULT '0000-00-00 00:00:00',
  `updated_at` timestamp NULL DEFAULT '0000-00-00 00:00:00' ON UPDATE CURRENT_TIMESTAMP
) ENGINE=InnoDB DEFAULT CHARSET=latin1;

--
-- Dumping data for table `bkm_delivery_service`
--

INSERT INTO `bkm_delivery_service` (`id`, `name`, `name_alias`, `image`, `order`, `status`, `upd_by`, `created_at`, `updated_at`) VALUES
(1, 'JNE', 'JNE', NULL, 1, 'y', NULL, '0000-00-00 00:00:00', '2016-11-27 05:08:35'),
(2, 'TIKI', 'TIKI', NULL, 2, 'y', NULL, '0000-00-00 00:00:00', '2017-10-18 07:27:19'),
(3, 'POS', 'POS', NULL, 3, 'y', NULL, '0000-00-00 00:00:00', '2016-11-27 05:08:40');

-- --------------------------------------------------------

--
-- Table structure for table `bkm_delivery_service_sub`
--

CREATE TABLE `bkm_delivery_service_sub` (
  `id` int(11) NOT NULL,
  `delivery_service_id` int(10) DEFAULT NULL,
  `name` varchar(50) DEFAULT NULL,
  `name_alias` varchar(100) DEFAULT NULL,
  `order` int(10) DEFAULT NULL,
  `status` varchar(1) DEFAULT NULL,
  `upd_by` int(10) DEFAULT NULL,
  `created_at` timestamp NULL DEFAULT '0000-00-00 00:00:00',
  `updated_at` timestamp NULL DEFAULT '0000-00-00 00:00:00' ON UPDATE CURRENT_TIMESTAMP
) ENGINE=InnoDB DEFAULT CHARSET=latin1;

--
-- Dumping data for table `bkm_delivery_service_sub`
--

INSERT INTO `bkm_delivery_service_sub` (`id`, `delivery_service_id`, `name`, `name_alias`, `order`, `status`, `upd_by`, `created_at`, `updated_at`) VALUES
(1, 1, 'Ongkos Kirim Ekonomis', 'OKE', 1, 'y', 1, '2016-10-31 15:09:51', '2016-11-01 10:03:12'),
(2, 1, 'Layanan Reguler', 'REG', 2, 'y', 1, '2016-10-31 15:09:51', '2016-11-01 10:03:10'),
(3, 1, 'Yakin Esok Sampai', 'YES', 3, 'y', 1, '2016-10-31 15:11:23', '2016-11-01 10:03:09'),
(4, 2, 'OVER NIGHT SERVICE', 'ONS', 1, 'y', 1, '0000-00-00 00:00:00', '2016-11-25 01:13:26'),
(5, 2, 'REGULAR SERVICE', 'REG', 2, 'y', 1, '0000-00-00 00:00:00', '2016-11-01 10:03:08'),
(6, 3, 'Surat Khilat Khusus', 'Surat Khilat Khusus', 3, 'y', 1, '0000-00-00 00:00:00', '2016-11-01 10:03:07'),
(7, 3, 'Express Next Day', 'Express Next Day', 3, 'y', 1, '0000-00-00 00:00:00', '2016-11-01 10:03:07');

-- --------------------------------------------------------

--
-- Table structure for table `bkm_discount`
--

CREATE TABLE `bkm_discount` (
  `id` int(11) NOT NULL,
  `product_id` int(11) DEFAULT NULL,
  `valid_from` date DEFAULT NULL,
  `valid_to` date DEFAULT NULL,
  `discount_type` varchar(1) DEFAULT NULL,
  `amount` decimal(30,2) DEFAULT NULL,
  `status` varchar(1) DEFAULT NULL,
  `upd_by` int(10) DEFAULT NULL,
  `created_at` timestamp NULL DEFAULT NULL,
  `updated_at` timestamp NULL DEFAULT NULL ON UPDATE CURRENT_TIMESTAMP
) ENGINE=InnoDB DEFAULT CHARSET=latin1;

--
-- Dumping data for table `bkm_discount`
--

INSERT INTO `bkm_discount` (`id`, `product_id`, `valid_from`, `valid_to`, `discount_type`, `amount`, `status`, `upd_by`, `created_at`, `updated_at`) VALUES
(7, 26, '2017-10-12', '2017-10-31', 'p', '20.00', 'y', 1, '2017-10-12 07:38:53', '2017-10-18 04:39:28'),
(8, 27, '2017-10-15', '2017-10-31', 'p', '50.00', 'y', 1, '2017-10-15 15:25:31', '2017-10-18 04:39:48'),
(9, 25, '2017-10-15', '2017-10-31', 'p', '70.00', 'y', 1, '2017-10-15 15:36:49', '2017-10-18 04:39:14');

-- --------------------------------------------------------

--
-- Table structure for table `bkm_featured_product_dt`
--

CREATE TABLE `bkm_featured_product_dt` (
  `id` int(11) NOT NULL,
  `featured_product_hd_id` int(10) DEFAULT NULL,
  `product_id` int(10) DEFAULT NULL,
  `created_at` timestamp NULL DEFAULT '0000-00-00 00:00:00',
  `updated_at` timestamp NULL DEFAULT '0000-00-00 00:00:00' ON UPDATE CURRENT_TIMESTAMP
) ENGINE=InnoDB DEFAULT CHARSET=latin1;

--
-- Dumping data for table `bkm_featured_product_dt`
--

INSERT INTO `bkm_featured_product_dt` (`id`, `featured_product_hd_id`, `product_id`, `created_at`, `updated_at`) VALUES
(60, 1, 8, '0000-00-00 00:00:00', '0000-00-00 00:00:00'),
(61, 1, 9, '0000-00-00 00:00:00', '0000-00-00 00:00:00'),
(62, 1, 10, '0000-00-00 00:00:00', '0000-00-00 00:00:00');

-- --------------------------------------------------------

--
-- Table structure for table `bkm_featured_product_hd`
--

CREATE TABLE `bkm_featured_product_hd` (
  `id` int(11) NOT NULL,
  `featured_name` varchar(100) DEFAULT NULL,
  `valid_from` date DEFAULT NULL,
  `valid_to` date DEFAULT NULL,
  `status` varchar(1) DEFAULT NULL,
  `order` int(3) DEFAULT NULL,
  `created_at` timestamp NULL DEFAULT '0000-00-00 00:00:00',
  `updated_at` timestamp NULL DEFAULT '0000-00-00 00:00:00' ON UPDATE CURRENT_TIMESTAMP
) ENGINE=InnoDB DEFAULT CHARSET=latin1;

--
-- Dumping data for table `bkm_featured_product_hd`
--

INSERT INTO `bkm_featured_product_hd` (`id`, `featured_name`, `valid_from`, `valid_to`, `status`, `order`, `created_at`, `updated_at`) VALUES
(1, 'Produk Rekomendasi', '2017-11-02', '3000-11-02', 'y', NULL, '2017-11-02 09:28:18', '2017-11-02 09:28:18');

-- --------------------------------------------------------

--
-- Table structure for table `bkm_flash_deal`
--

CREATE TABLE `bkm_flash_deal` (
  `id` int(11) NOT NULL,
  `tanggal` date NOT NULL,
  `valid_from` time NOT NULL,
  `valid_to` time NOT NULL,
  `product_id` text NOT NULL,
  `status` varchar(1) NOT NULL,
  `stock` int(11) NOT NULL,
  `created_at` timestamp NOT NULL DEFAULT CURRENT_TIMESTAMP ON UPDATE CURRENT_TIMESTAMP,
  `updated_at` timestamp NOT NULL DEFAULT '0000-00-00 00:00:00'
) ENGINE=InnoDB DEFAULT CHARSET=latin1;

--
-- Dumping data for table `bkm_flash_deal`
--

INSERT INTO `bkm_flash_deal` (`id`, `tanggal`, `valid_from`, `valid_to`, `product_id`, `status`, `stock`, `created_at`, `updated_at`) VALUES
(7, '2017-10-19', '09:14:00', '23:21:00', '[{"product_id":"23","stock":2,"discount":"20"}]', 'n', 0, '2017-10-23 07:24:02', '2017-10-23 07:24:02'),
(8, '2017-10-18', '00:00:00', '13:00:00', '[{"product_id":"23","stock":"2","discount":"20"}]', 'n', 0, '2017-10-23 07:24:02', '2017-10-23 07:24:02');

-- --------------------------------------------------------

--
-- Table structure for table `bkm_jobs`
--

CREATE TABLE `bkm_jobs` (
  `id` bigint(20) UNSIGNED NOT NULL,
  `queue` varchar(255) COLLATE utf8_unicode_ci NOT NULL,
  `payload` longtext COLLATE utf8_unicode_ci NOT NULL,
  `attempts` tinyint(3) UNSIGNED NOT NULL,
  `reserved` tinyint(3) UNSIGNED NOT NULL,
  `reserved_at` int(10) UNSIGNED DEFAULT NULL,
  `available_at` int(10) UNSIGNED NOT NULL,
  `created_at` int(10) UNSIGNED NOT NULL
) ENGINE=InnoDB DEFAULT CHARSET=utf8 COLLATE=utf8_unicode_ci;

-- --------------------------------------------------------

--
-- Table structure for table `bkm_migrations`
--

CREATE TABLE `bkm_migrations` (
  `migration` varchar(255) COLLATE utf8_unicode_ci NOT NULL,
  `batch` int(11) NOT NULL
) ENGINE=MyISAM DEFAULT CHARSET=utf8 COLLATE=utf8_unicode_ci;

--
-- Dumping data for table `bkm_migrations`
--

INSERT INTO `bkm_migrations` (`migration`, `batch`) VALUES
('2014_10_12_000000_create_users_table', 1),
('2014_10_12_100000_create_password_resets_table', 2),
('2015_12_25_142003_create_jobs_table', 2);

-- --------------------------------------------------------

--
-- Table structure for table `bkm_mslanguage`
--

CREATE TABLE `bkm_mslanguage` (
  `id` int(10) NOT NULL,
  `language_name` varchar(30) DEFAULT NULL,
  `language_name_alias` varchar(30) DEFAULT NULL,
  `status` varchar(1) DEFAULT NULL,
  `order` int(10) DEFAULT NULL,
  `upd_by` int(10) DEFAULT NULL,
  `created_at` timestamp NULL DEFAULT '0000-00-00 00:00:00',
  `updated_at` timestamp NULL DEFAULT '0000-00-00 00:00:00' ON UPDATE CURRENT_TIMESTAMP
) ENGINE=InnoDB DEFAULT CHARSET=latin1;

--
-- Dumping data for table `bkm_mslanguage`
--

INSERT INTO `bkm_mslanguage` (`id`, `language_name`, `language_name_alias`, `status`, `order`, `upd_by`, `created_at`, `updated_at`) VALUES
(1, 'Indonesia', 'id', 'y', 1, NULL, '0000-00-00 00:00:00', '0000-00-00 00:00:00'),
(2, 'English', 'en', 'y', 2, NULL, '0000-00-00 00:00:00', '0000-00-00 00:00:00');

-- --------------------------------------------------------

--
-- Table structure for table `bkm_msmenu`
--

CREATE TABLE `bkm_msmenu` (
  `id` int(11) NOT NULL,
  `heading` varchar(30) DEFAULT NULL,
  `menu_name` varchar(50) DEFAULT NULL,
  `menu_name_alias` varchar(50) DEFAULT NULL,
  `menu_id` int(10) DEFAULT NULL,
  `status_parent` varchar(1) DEFAULT NULL,
  `icon` varchar(30) DEFAULT NULL,
  `create` varchar(1) DEFAULT NULL,
  `edit` varchar(1) DEFAULT NULL,
  `view` varchar(1) DEFAULT NULL,
  `delete` varchar(1) DEFAULT NULL,
  `sorting` varchar(1) DEFAULT NULL,
  `export` varchar(1) DEFAULT NULL,
  `order` int(2) DEFAULT NULL,
  `status` varchar(1) DEFAULT NULL,
  `created_at` timestamp NULL DEFAULT '0000-00-00 00:00:00',
  `updated_at` timestamp NULL DEFAULT '0000-00-00 00:00:00' ON UPDATE CURRENT_TIMESTAMP
) ENGINE=MyISAM DEFAULT CHARSET=latin1;

--
-- Dumping data for table `bkm_msmenu`
--

INSERT INTO `bkm_msmenu` (`id`, `heading`, `menu_name`, `menu_name_alias`, `menu_id`, `status_parent`, `icon`, `create`, `edit`, `view`, `delete`, `sorting`, `export`, `order`, `status`, `created_at`, `updated_at`) VALUES
(1, 'Control Menu', 'Dashboard', '/', NULL, 'y', 'fa fa-home', 'n', 'n', 'n', 'n', 'n', 'n', 1, 'y', '0000-00-00 00:00:00', '2016-06-01 09:43:00'),
(2, NULL, 'Preferences', 'preferences', NULL, 'y', 'fa fa-wrench', 'n', 'n', 'n', 'n', 'n', 'n', 25, 'y', '0000-00-00 00:00:00', '2016-11-25 07:28:06'),
(3, NULL, 'User', 'user', 12, 'n', NULL, 'y', 'y', 'y', 'y', 'n', 'n', 2, 'y', '0000-00-00 00:00:00', '2016-06-01 08:06:05'),
(4, NULL, 'User Access', 'user-access', 12, 'n', NULL, 'y', 'y', 'y', 'y', 'n', 'n', 1, 'y', '0000-00-00 00:00:00', '2016-06-01 08:06:08'),
(5, NULL, 'General Settings', 'general-settings', 2, 'n', NULL, 'n', 'n', 'y', 'n', 'n', 'n', 4, 'y', '0000-00-00 00:00:00', '2016-11-29 10:19:50'),
(6, NULL, 'Blog', 'blog', NULL, 'y', 'fa fa-newspaper-o', '7', 'n', 'n', 'n', 'n', 'n', 10, 'y', '0000-00-00 00:00:00', '2016-11-25 07:27:47'),
(7, NULL, 'Category', 'category', 6, 'n', NULL, 'y', 'y', 'y', 'y', 'y', 'n', 1, 'y', '0000-00-00 00:00:00', '2016-06-01 13:45:15'),
(8, NULL, 'Sub Category', 'sub-category', 6, 'n', NULL, 'y', 'y', 'y', 'y', 'y', 'n', 2, 'y', '0000-00-00 00:00:00', '2016-06-01 13:45:26'),
(9, NULL, 'Front End', 'front-end', NULL, 'y', 'fa fa-pagelines', 'n', 'n', 'n', 'n', 'n', 'n', 9, 'y', '0000-00-00 00:00:00', '2016-11-25 07:27:43'),
(10, NULL, 'Pages', 'pages', 9, 'n', NULL, 'y', 'y', 'y', 'y', 'y', 'n', 2, 'y', '0000-00-00 00:00:00', '2016-06-01 13:45:41'),
(11, NULL, 'Slide Show', 'slide-show', 9, 'n', NULL, 'y', 'y', 'y', 'y', 'y', 'n', 1, 'y', '0000-00-00 00:00:00', '2016-06-01 13:45:50'),
(12, NULL, 'Administration', 'administration', NULL, 'y', 'fa fa-cog', 'n', 'n', 'n', 'n', 'n', 'n', 12, 'y', '0000-00-00 00:00:00', '2016-06-01 09:36:11'),
(13, NULL, 'Social Media', 'social-media', 9, 'n', NULL, 'y', 'y', 'y', 'y', 'y', 'n', 4, 'y', '0000-00-00 00:00:00', '2016-06-01 13:45:57'),
(14, NULL, 'Contact Message', 'contact-message', 9, 'n', NULL, 'n', 'n', 'n', 'n', 'n', 'y', 5, 'y', '0000-00-00 00:00:00', '2016-06-01 08:06:24'),
(15, NULL, 'Subscriber', 'subscriber', 9, 'n', NULL, 'n', 'n', 'n', 'n', 'n', 'y', 6, 'y', '0000-00-00 00:00:00', '2016-06-01 08:06:25'),
(16, '', 'Tag', 'tag', 6, 'n', '', 'y', 'y', 'y', 'y', 'n', 'n', 3, 'n', '0000-00-00 00:00:00', '2017-11-02 09:21:00'),
(17, NULL, 'Post', 'post', 6, 'n', NULL, 'y', 'y', 'y', 'y', 'n', 'n', 4, 'y', '0000-00-00 00:00:00', '2016-06-01 13:46:36'),
(20, NULL, 'Catalog', 'catalog', NULL, 'y', 'fa fa-book', 'n', 'n', 'n', 'n', 'n', 'n', 2, 'y', '0000-00-00 00:00:00', '2016-06-01 13:41:01'),
(18, NULL, 'Pop Up', 'popup', 9, 'n', NULL, 'y', 'y', 'y', 'y', 'n', 'n', 3, 'n', '0000-00-00 00:00:00', '2017-11-02 09:22:53'),
(19, NULL, 'Content', 'content', 9, 'n', NULL, 'n', 'n', 'y', 'n', 'n', 'n', 7, 'y', '0000-00-00 00:00:00', '2016-11-25 01:26:27'),
(21, NULL, 'Brand', 'brand', 20, 'n', NULL, 'y', 'y', 'y', 'y', 'y', 'n', 3, 'y', '0000-00-00 00:00:00', '2016-06-01 13:47:07'),
(22, NULL, 'Category', 'product-category', 20, 'n', NULL, 'y', 'y', 'y', 'y', 'y', 'n', 1, 'y', '0000-00-00 00:00:00', '2016-06-01 13:47:04'),
(38, NULL, 'Product Attribute Data', 'product-attribute-data', 20, 'n', NULL, 'y', 'y', 'y', 'y', 'y', 'n', 6, 'y', '0000-00-00 00:00:00', '2016-11-25 05:55:13'),
(25, NULL, 'Members', 'members', NULL, 'y', 'fa fa-users', 'n', 'n', 'n', 'n', 'n', 'n', 4, 'y', '0000-00-00 00:00:00', '2016-06-01 09:12:13'),
(23, NULL, 'Sub Category', 'product-sub-category', 20, 'n', NULL, 'y', 'y', 'y', 'y', 'y', 'n', 2, 'y', '0000-00-00 00:00:00', '2016-06-01 13:47:00'),
(24, NULL, 'Product', 'product', 20, 'n', NULL, 'y', 'y', 'y', 'y', 'y', 'n', 4, 'y', '0000-00-00 00:00:00', '2016-06-01 13:46:27'),
(26, NULL, 'Customer', 'customer', 25, 'n', NULL, 'y', 'y', 'y', 'n', 'n', 'y', 1, 'y', '0000-00-00 00:00:00', '2016-10-30 15:31:06'),
(27, NULL, 'Order', 'order', NULL, 'y', 'fa fa-cart-arrow-down', 'n', 'n', 'n', 'n', 'n', 'n', 3, 'y', '0000-00-00 00:00:00', '2016-06-01 09:25:25'),
(28, NULL, 'Orders', 'orders', 27, 'n', NULL, 'n', 'y', 'y', 'n', 'n', 'y', 1, 'y', '0000-00-00 00:00:00', '2016-06-01 09:26:49'),
(29, NULL, 'Promotion', 'promotion', NULL, 'y', 'fa fa-google-wallet', 'n', 'n', 'n', 'n', 'n', 'n', 5, 'y', '0000-00-00 00:00:00', '0000-00-00 00:00:00'),
(30, NULL, 'Voucher', 'voucher', 29, 'n', NULL, 'y', 'y', 'y', 'y', 'n', 'y', 1, 'y', '0000-00-00 00:00:00', '2016-11-25 06:27:25'),
(31, NULL, 'Shipping & Payment', 'shipping-&-payment', NULL, 'y', 'fa fa-truck', 'n', 'n', 'n', 'n', 'n', 'n', 6, 'y', '0000-00-00 00:00:00', '0000-00-00 00:00:00'),
(32, NULL, 'Payment Method', 'payment-method', 31, 'n', NULL, 'n', 'y', 'y', 'n', 'y', 'n', 1, 'y', '0000-00-00 00:00:00', '2016-06-01 13:46:14'),
(33, NULL, 'Bank Account', 'bank-account', 31, 'n', NULL, 'y', 'y', 'y', 'y', 'y', 'n', 2, 'y', '0000-00-00 00:00:00', '2016-06-01 13:46:18'),
(34, NULL, 'Report', 'report', NULL, 'y', 'fa fa-bar-chart', 'n', 'n', 'n', 'n', 'n', 'n', 7, 'n', '0000-00-00 00:00:00', '2017-11-02 09:20:37'),
(35, NULL, 'Customer', 'customer-report', 34, 'n', NULL, 'n', 'n', 'n', 'n', 'n', 'y', 1, 'y', '0000-00-00 00:00:00', '0000-00-00 00:00:00'),
(36, NULL, 'Product Attribute', 'product-attribute', 20, 'n', NULL, 'y', 'y', 'y', 'y', 'y', 'n', 5, 'y', '0000-00-00 00:00:00', '2016-06-01 13:43:57'),
(37, NULL, 'Customer Group', 'customer-group', 25, 'n', NULL, 'y', 'y', 'y', 'y', 'n', 'y', 2, 'n', '0000-00-00 00:00:00', '2017-11-02 09:20:32'),
(39, NULL, 'Delivery Service', 'delivery-service', 31, 'n', NULL, 'n', 'y', 'y', 'n', 'y', 'n', 3, 'y', '0000-00-00 00:00:00', '2016-11-25 05:55:10'),
(40, NULL, 'Delivery Service Sub', 'delivery-service-sub', 31, 'n', NULL, 'n', 'y', 'y', 'n', 'y', 'n', 4, 'y', '0000-00-00 00:00:00', '2016-11-25 05:55:08'),
(41, NULL, 'Notification Template', 'notification-template', NULL, 'y', 'fa fa-bell', 'n', 'n', 'n', 'n', 'n', 'n', 8, 'y', '0000-00-00 00:00:00', '2016-11-25 07:27:41'),
(42, NULL, 'Email Template', 'email-template', 41, 'n', NULL, 'n', 'y', 'y', 'n', 'n', 'n', 1, 'y', '0000-00-00 00:00:00', '0000-00-00 00:00:00'),
(43, NULL, 'SMS Template', 'sms-template', 41, 'n', NULL, 'n', 'y', 'y', 'n', 'n', 'n', 2, 'n', '0000-00-00 00:00:00', '2017-11-02 09:20:42'),
(44, NULL, 'Featured Product', 'featured-product', 9, NULL, NULL, 'n', 'y', 'y', 'y', 'n', 'n', 8, 'y', '0000-00-00 00:00:00', '2017-11-02 09:28:30'),
(110, NULL, 'Banner', 'banner', 9, 'n', NULL, 'y', 'y', 'y', 'y', 'y', 'n', 1, 'y', '0000-00-00 00:00:00', '2016-06-01 13:45:50'),
(115, NULL, 'Contact', 'contact', 9, 'n', NULL, 'y', 'y', 'y', 'y', 'n', 'n', 5, 'y', '0000-00-00 00:00:00', '2016-06-01 13:45:57'),
(114, NULL, 'Price Rule', 'price-rule', 20, 'n', NULL, 'y', 'y', 'y', 'y', 'n', 'n', 6, 'y', '0000-00-00 00:00:00', '2017-10-26 09:53:10');

-- --------------------------------------------------------

--
-- Table structure for table `bkm_orderaddress`
--

CREATE TABLE `bkm_orderaddress` (
  `id` int(10) NOT NULL,
  `orderhd_id` int(30) DEFAULT NULL,
  `first_name` varchar(30) DEFAULT NULL,
  `last_name` varchar(30) DEFAULT NULL,
  `phone` varchar(30) DEFAULT NULL,
  `address` text,
  `postal_code` int(20) DEFAULT NULL,
  `province` varchar(100) DEFAULT NULL,
  `city` varchar(100) DEFAULT NULL,
  `sub_district` varchar(100) DEFAULT NULL,
  `delivery_service_name` varchar(50) DEFAULT NULL,
  `created_at` timestamp NULL DEFAULT '0000-00-00 00:00:00',
  `updated_at` timestamp NULL DEFAULT '0000-00-00 00:00:00' ON UPDATE CURRENT_TIMESTAMP
) ENGINE=InnoDB DEFAULT CHARSET=latin1;

--
-- Dumping data for table `bkm_orderaddress`
--

INSERT INTO `bkm_orderaddress` (`id`, `orderhd_id`, `first_name`, `last_name`, `phone`, `address`, `postal_code`, `province`, `city`, `sub_district`, `delivery_service_name`, `created_at`, `updated_at`) VALUES
(1, 1, 'Vincent', 'Cent', '083873066171', 'Tangerang, Villa Taman Bandara H5 No 3', 15211, 'Banten', 'Tangerang', 'Kosambi', 'JNE - REG', '0000-00-00 00:00:00', '2016-11-27 05:08:30'),
(13, 13, 'testing', '', '99', 'testing', 1919, 'DKI Jakart', 'Jakarta Barat', 'Cengkareng', 'TIKI - REG', '2017-03-29 08:12:58', '2017-03-29 08:12:58'),
(14, 19, 'hinata', '', '08545621215', 'satu rumah dengan naruto', 11920, 'DKI Jakart', 'Jakarta Barat', 'Cengkareng', 'TIKI - REG', '2017-03-29 09:45:56', '2017-03-29 09:45:56'),
(15, 20, 'hinata', '', '08545621215', 'satu rumah dengan naruto', 11920, 'DKI Jakart', 'Jakarta Barat', 'Cengkareng', 'TIKI - REG', '2017-03-29 09:48:12', '2017-03-29 09:48:12'),
(16, 21, 'hinata', '', '08545621215', 'satu rumah dengan naruto', 11920, 'DKI Jakart', 'Jakarta Barat', 'Cengkareng', 'TIKI - REG', '2017-03-29 09:48:26', '2017-03-29 09:48:26'),
(17, 22, 'hinata', '', '9191919', 'rumah naruto', 12818, 'DKI Jakart', 'Jakarta Barat', 'Cengkareng', 'TIKI - REG', '2017-03-30 08:06:24', '2017-03-30 08:06:24'),
(18, 23, 'test dev', '', '0818274838', 'Rumah orang tua', 117015, 'DKI Jakart', 'Jakarta Barat', 'Cengkareng', 'TIKI - REG', '2017-04-02 14:16:13', '2017-04-02 14:16:13'),
(19, 24, 'test dev', '', '0818274838', 'Rumah orang tua', 117015, 'DKI Jakart', 'Jakarta Barat', 'Cengkareng', 'TIKI - REG', '2017-04-02 14:20:59', '2017-04-02 14:20:59'),
(20, 25, 'test dev', '', '0818274838', 'Rumah orang tua', 117015, '', '', '', 'TIKI - REG', '2017-04-02 14:34:56', '2017-04-02 14:34:56'),
(21, 26, 'new test dev', '', '292993', 'alamat rumah ku baru', 129292, '', '', '', '', '2017-04-02 14:42:17', '2017-04-02 14:42:17'),
(22, 27, 'wow test', '', '12331', 'alamat waw', 112, '', '', '', '', '2017-04-02 14:45:11', '2017-04-02 14:45:11'),
(23, 28, 'waw lagi', '', '1241541', 'lagi lagi test', 123141, '', '', '', '', '2017-04-02 14:51:42', '2017-04-02 14:51:42'),
(24, 29, 'salah', '', '1192929', 'test lagiiiiii', 192929, '', '', '', '', '2017-04-02 14:53:55', '2017-04-02 14:53:55'),
(25, 30, 'konohana', '', '020202020', 'kakakakak', 123141, '', '', '', 'REG - REGULAR SERVICE', '2017-04-06 16:38:22', '2017-04-06 16:38:22'),
(26, 31, 'naruto back', '', '19292929', 'Konohana seberang gunung fuji', 1218282, '', '', '', 'REG - REGULAR SERVICE', '2017-04-06 16:43:34', '2017-04-06 16:43:34'),
(27, 32, 'Bulekberry', '', '0874545445', 'bulekberry on titan, season 100', 117015, '', '', '', 'REG - REGULAR SERVICE', '2017-04-12 01:50:19', '2017-04-12 01:50:19'),
(28, 33, 'Bulekberry', '', '0874545445', 'bulekberry on titan, season 100', 117015, '', '', '', 'TIKI - REGULAR SERVICE', '2017-04-18 02:34:05', '2017-04-18 02:34:05'),
(29, 34, 'Bulekberry', '', '0874545445', 'bulekberry on titan, season 100', 117015, '', '', '', 'TIKI - REGULAR SERVICE', '2017-04-21 03:09:13', '2017-04-21 03:09:13'),
(30, 35, 'Bulekberry', '', '0874545445', 'bulekberry on titan, season 100', 117015, '', '', '', 'TIKI - REGULAR SERVICE', '2017-04-21 03:12:27', '2017-04-21 03:12:27'),
(31, 36, 'Bulekberry', '', '0874545445', 'bulekberry on titan, season 100', 117015, '', '', '', 'TIKI - REGULAR SERVICE', '2017-04-21 03:13:25', '2017-04-21 03:13:25'),
(32, 37, 'Bulekberry', '', '0874545445', 'bulekberry on titan, season 100', 117015, '', '', '', 'TIKI - REGULAR SERVICE', '2017-04-21 03:15:37', '2017-04-21 03:15:37'),
(33, 38, 'Bulekberry', '', '0874545445', 'bulekberry on titan, season 100', 117015, '', '', '', 'TIKI - REGULAR SERVICE', '2017-04-21 03:18:13', '2017-04-21 03:18:13'),
(34, 39, 'Bulekberry', '', '0874545445', 'bulekberry on titan, season 100', 117015, '', '', '', 'TIKI - REGULAR SERVICE', '2017-04-21 03:21:17', '2017-04-21 03:21:17'),
(35, 40, 'Bulekberry', '', '0874545445', 'bulekberry on titan, season 100', 117015, '', '', '', 'TIKI - REGULAR SERVICE', '2017-05-29 01:14:19', '2017-05-29 01:14:19'),
(36, 41, 'Bulekberry', '', '0874545445', 'bulekberry on titan, season 100', 117015, '', '', '', 'TIKI - REGULAR SERVICE', '2017-05-29 01:14:19', '2017-05-29 01:14:19'),
(37, 42, 'Bulekberry', '', '0874545445', 'bulekberry on titan, season 100', 117015, '', '', '', 'TIKI - REGULAR SERVICE', '2017-05-29 01:14:27', '2017-05-29 01:14:27'),
(38, 43, 'Bulekberry', '', '0874545445', 'bulekberry on titan, season 100', 117015, '', '', '', 'TIKI - REGULAR SERVICE', '2017-05-29 01:14:52', '2017-05-29 01:14:52'),
(39, 44, 'Bulekberry', '', '0874545445', 'bulekberry on titan, season 100', 117015, '', '', '', 'TIKI - REGULAR SERVICE', '2017-05-29 01:14:52', '2017-05-29 01:14:52'),
(40, 45, 'Bulekberry', '', '0874545445', 'bulekberry on titan, season 100', 117015, '', '', '', 'TIKI - REGULAR SERVICE', '2017-05-29 01:15:51', '2017-05-29 01:15:51'),
(41, 46, 'Bulekberry', '', '0874545445', 'bulekberry on titan, season 100', 117015, '', '', '', 'TIKI - REGULAR SERVICE', '2017-05-29 01:16:07', '2017-05-29 01:16:07'),
(42, 47, 'Bulekberry', '', '0874545445', 'bulekberry on titan, season 100', 117015, '', '', '', 'TIKI - REGULAR SERVICE', '2017-05-29 01:32:21', '2017-05-29 01:32:21'),
(43, 48, 'Bulekberry', '', '0874545445', 'bulekberry on titan, season 100', 117015, '', '', '', 'TIKI - REGULAR SERVICE', '2017-05-29 01:32:21', '2017-05-29 01:32:21'),
(44, 49, 'Bulekberry', '', '0874545445', 'bulekberry on titan, season 100', 117015, '', '', '', 'TIKI - REGULAR SERVICE', '2017-05-29 01:33:07', '2017-05-29 01:33:07'),
(45, 50, 'Bulekberry', '', '0874545445', 'bulekberry on titan, season 100', 117015, '', '', '', 'TIKI - REGULAR SERVICE', '2017-05-29 01:51:28', '2017-05-29 01:51:28'),
(46, 51, 'Bulekberry', '', '0874545445', 'bulekberry on titan, season 100', 117015, '', '', '', 'TIKI - REGULAR SERVICE', '2017-05-29 01:57:07', '2017-05-29 01:57:07'),
(47, 52, 'Bulekberry', '', '0874545445', 'bulekberry on titan, season 100', 117015, '', '', '', 'TIKI - REGULAR SERVICE', '2017-05-29 01:59:10', '2017-05-29 01:59:10'),
(48, 53, 'Bulekberry', '', '0874545445', 'bulekberry on titan, season 100', 117015, '', '', '', 'TIKI - REGULAR SERVICE', '2017-05-29 01:59:10', '2017-05-29 01:59:10'),
(49, 54, 'Bulekberry', '', '0874545445', 'bulekberry on titan, season 100', 117015, '', '', '', 'TIKI - REGULAR SERVICE', '2017-05-29 02:18:42', '2017-05-29 02:18:42'),
(50, 55, 'Bulekberry', '', '0874545445', 'bulekberry on titan, season 100', 117015, '', '', '', 'TIKI - REGULAR SERVICE', '2017-05-29 02:20:04', '2017-05-29 02:20:04'),
(51, 56, 'Bulekberry', '', '0874545445', 'bulekberry on titan, season 100', 117015, '', '', '', 'TIKI - REGULAR SERVICE', '2017-05-29 02:20:16', '2017-05-29 02:20:16'),
(52, 57, 'Bulekberry', '', '0874545445', 'bulekberry on titan, season 100', 117015, '', '', '', 'TIKI - REGULAR SERVICE', '2017-05-29 02:20:48', '2017-05-29 02:20:48'),
(53, 58, 'Bulekberry', '', '0874545445', 'bulekberry on titan, season 100', 117015, '', '', '', 'TIKI - REGULAR SERVICE', '2017-05-29 02:21:03', '2017-05-29 02:21:03'),
(54, 59, 'Bulekberry', '', '0874545445', 'bulekberry on titan, season 100', 117015, '', '', '', 'TIKI - REGULAR SERVICE', '2017-05-29 02:25:33', '2017-05-29 02:25:33'),
(55, 60, 'Bulekberry', '', '0874545445', 'bulekberry on titan, season 100', 117015, '', '', '', 'TIKI - REGULAR SERVICE', '2017-05-30 02:40:23', '2017-05-30 02:40:23'),
(56, 61, 'Bulekberry', '', '0874545445', 'bulekberry on titan, season 100', 117015, '', '', '', 'TIKI - REGULAR SERVICE', '2017-06-01 15:44:43', '2017-06-01 15:44:43'),
(57, 62, 'Bulekberry', '', '0874545445', 'bulekberry on titan, season 100', 117015, '', '', '', 'TIKI - REGULAR SERVICE', '2017-06-06 05:08:51', '2017-06-06 05:08:51'),
(58, 63, 'nobiedm', '', '0856565213', 'ini rumah ku loh ', 117015, 'Sumatera U', 'Medan', 'Medan Kota', 'JNE - Layanan Reguler', '2017-10-06 07:29:12', '2017-10-06 07:29:12'),
(59, 64, 'nobiedm', '', '0856565213', 'ini rumah ku loh ', 117015, '', '', '', 'JNE - Layanan Reguler', '2017-10-06 07:53:07', '2017-10-06 07:53:07'),
(60, 65, 'nobiedm', '', '0856565213', 'ini rumah ku loh ', 117015, '', '', '', 'JNE - Layanan Reguler', '2017-10-06 08:06:28', '2017-10-06 08:06:28'),
(61, 66, 'nobiedm', '', '0856565213', 'ini rumah ku loh ', 117015, 'Sumatera U', 'Medan', 'Medan Kota', 'JNE - Ongkos Kirim Ekonomis', '2017-10-06 08:36:14', '2017-10-06 08:36:14'),
(62, 67, 'nobiedm', '', '0856565213', 'ini rumah ku loh ', 117015, 'Sumatera Utara', 'Medan', 'Medan Kota', 'JNE - Layanan Reguler', '2017-10-06 08:57:52', '2017-10-06 08:57:52'),
(63, 68, 'freya', '', '0895665651212', 'somewhere in the world', 112323, 'DKI Jakarta', 'Jakarta Barat', 'Cengkareng', '', '2017-10-06 09:07:34', '2017-10-06 09:07:34'),
(64, 69, 'freya', '', '0895665651212', 'somewhere in the world', 112323, 'DKI Jakarta', 'Jakarta Barat', 'Cengkareng', 'TIKI - REGULAR SERVICE', '2017-10-18 06:54:01', '2017-10-18 06:54:01'),
(65, 70, 'freya', '', '0895665651212', 'somewhere in the world', 112323, 'DKI Jakarta', 'Jakarta Barat', 'Cengkareng', 'TIKI - REGULAR SERVICE', '2017-10-18 06:59:11', '2017-10-18 06:59:11'),
(66, 71, 'freya', '', '0895665651212', 'somewhere in the world', 112323, 'DKI Jakarta', 'Jakarta Barat', 'Cengkareng', 'TIKI - REGULAR SERVICE', '2017-10-18 07:10:11', '2017-10-18 07:10:11'),
(67, 72, 'freya', '', '0895665651212', 'somewhere in the world', 112323, 'DKI Jakarta', 'Jakarta Barat', 'Cengkareng', 'TIKI - REGULAR SERVICE', '2017-10-19 02:26:50', '2017-10-19 02:26:50'),
(68, 73, 'freya', '', '0895665651212', 'somewhere in the world', 112323, 'DKI Jakarta', 'Jakarta Barat', 'Cengkareng', 'TIKI - REGULAR SERVICE', '2017-10-19 02:27:10', '2017-10-19 02:27:10'),
(69, 74, 'freya', '', '0895665651212', 'somewhere in the world', 112323, 'DKI Jakarta', 'Jakarta Barat', 'Cengkareng', 'TIKI - REGULAR SERVICE', '2017-10-19 02:38:09', '2017-10-19 02:38:09'),
(70, 75, 'freya', '', '0895665651212', 'somewhere in the world', 112323, 'DKI Jakarta', 'Jakarta Barat', 'Cengkareng', 'TIKI - REGULAR SERVICE', '2017-10-19 02:39:15', '2017-10-19 02:39:15'),
(71, 76, 'freya', '', '0895665651212', 'somewhere in the world', 112323, 'DKI Jakarta', 'Jakarta Barat', 'Cengkareng', 'TIKI - REGULAR SERVICE', '2017-10-19 02:53:54', '2017-10-19 02:53:54'),
(72, 77, 'freya', '', '0895665651212', 'somewhere in the world', 112323, 'DKI Jakarta', 'Jakarta Barat', 'Cengkareng', 'TIKI - REGULAR SERVICE', '2017-10-19 02:56:43', '2017-10-19 02:56:43'),
(73, 78, 'freya', '', '0895665651212', 'somewhere in the world', 112323, 'DKI Jakarta', 'Jakarta Barat', 'Cengkareng', 'TIKI - REGULAR SERVICE', '2017-10-19 02:57:00', '2017-10-19 02:57:00'),
(74, 79, 'freya', '', '0895665651212', 'somewhere in the world', 112323, 'DKI Jakarta', 'Jakarta Barat', 'Cengkareng', 'TIKI - REGULAR SERVICE', '2017-10-19 04:27:08', '2017-10-19 04:27:08'),
(75, 80, 'freya', '', '0895665651212', 'somewhere in the world', 112323, 'DKI Jakarta', 'Jakarta Barat', 'Cengkareng', 'TIKI - REGULAR SERVICE', '2017-10-19 04:30:21', '2017-10-19 04:30:21'),
(76, 81, 'freya', '', '0895665651212', 'somewhere in the world', 112323, 'DKI Jakarta', 'Jakarta Barat', 'Cengkareng', 'TIKI - REGULAR SERVICE', '2017-10-19 04:35:21', '2017-10-19 04:35:21'),
(77, 82, 'freya', '', '0895665651212', 'somewhere in the world', 112323, 'DKI Jakarta', 'Jakarta Barat', 'Cengkareng', 'TIKI - REGULAR SERVICE', '2017-12-06 07:44:00', '2017-12-06 07:44:00'),
(78, 83, 'freya', '', '0895665651212', 'somewhere in the world', 112323, 'DKI Jakarta', 'Jakarta Barat', 'Cengkareng', 'TIKI - REGULAR SERVICE', '2017-12-06 08:44:42', '2017-12-06 08:44:42');

-- --------------------------------------------------------

--
-- Table structure for table `bkm_orderbilling`
--

CREATE TABLE `bkm_orderbilling` (
  `id` int(10) NOT NULL,
  `orderhd_id` int(30) DEFAULT NULL,
  `first_name` varchar(30) DEFAULT NULL,
  `last_name` varchar(30) DEFAULT NULL,
  `phone` varchar(30) DEFAULT NULL,
  `address` text,
  `postal_code` int(20) DEFAULT NULL,
  `province` varchar(100) DEFAULT NULL,
  `city` varchar(100) DEFAULT NULL,
  `sub_district` varchar(100) DEFAULT NULL,
  `created_at` timestamp NULL DEFAULT '0000-00-00 00:00:00',
  `updated_at` timestamp NULL DEFAULT '0000-00-00 00:00:00' ON UPDATE CURRENT_TIMESTAMP
) ENGINE=InnoDB DEFAULT CHARSET=latin1;

--
-- Dumping data for table `bkm_orderbilling`
--

INSERT INTO `bkm_orderbilling` (`id`, `orderhd_id`, `first_name`, `last_name`, `phone`, `address`, `postal_code`, `province`, `city`, `sub_district`, `created_at`, `updated_at`) VALUES
(1, 1, 'Vincent', 'Cent', '083873066171', 'Tangerang, Villa Taman Bandara H5 No 3', 15211, 'Banten', 'Tangerang', 'Kosambi', '0000-00-00 00:00:00', '2016-11-27 05:10:39'),
(13, 13, 'testing', '', '99', 'testing', 1919, 'DKI Jakarta', 'Jakarta Barat', 'Cengkareng', '2017-03-29 08:12:58', '2017-03-29 08:12:58'),
(14, 19, 'hinata', '', '08545621215', 'satu rumah dengan naruto', 11920, 'DKI Jakarta', 'Jakarta Barat', 'Cengkareng', '2017-03-29 09:45:56', '2017-03-29 09:45:56'),
(15, 20, 'hinata', '', '08545621215', 'satu rumah dengan naruto', 11920, 'DKI Jakarta', 'Jakarta Barat', 'Cengkareng', '2017-03-29 09:48:12', '2017-03-29 09:48:12'),
(16, 21, 'hinata', '', '08545621215', 'satu rumah dengan naruto', 11920, 'DKI Jakarta', 'Jakarta Barat', 'Cengkareng', '2017-03-29 09:48:26', '2017-03-29 09:48:26'),
(17, 22, 'hinata', '', '9191919', 'rumah naruto', 12818, 'DKI Jakarta', 'Jakarta Barat', 'Cengkareng', '2017-03-30 08:06:24', '2017-03-30 08:06:24'),
(18, 23, 'test dev', '', '0818274838', 'Rumah orang tua', 117015, 'DKI Jakarta', 'Jakarta Barat', 'Cengkareng', '2017-04-02 14:16:13', '2017-04-02 14:16:13'),
(19, 24, 'test dev', '', '0818274838', 'Rumah orang tua', 117015, 'DKI Jakarta', 'Jakarta Barat', 'Cengkareng', '2017-04-02 14:20:59', '2017-04-02 14:20:59'),
(20, 25, 'test dev', '', '0818274838', 'Rumah orang tua', 117015, '', '', '', '2017-04-02 14:34:56', '2017-04-02 14:34:56'),
(21, 26, 'new test dev', '', '292993', 'alamat rumah ku baru', 129292, '', '', '', '2017-04-02 14:42:17', '2017-04-02 14:42:17'),
(22, 27, 'wow test', '', '12331', 'alamat waw', 112, '', '', '', '2017-04-02 14:45:11', '2017-04-02 14:45:11'),
(23, 28, 'waw lagi', '', '1241541', 'lagi lagi test', 123141, '', '', '', '2017-04-02 14:51:42', '2017-04-02 14:51:42'),
(24, 29, 'salah', '', '1192929', 'test lagiiiiii', 192929, '', '', '', '2017-04-02 14:53:55', '2017-04-02 14:53:55'),
(25, 30, 'konohana', '', '020202020', 'kakakakak', 123141, '', '', '', '2017-04-06 16:38:22', '2017-04-06 16:38:22'),
(26, 31, 'naruto back', '', '19292929', 'Konohana seberang gunung fuji', 1218282, '', '', '', '2017-04-06 16:43:34', '2017-04-06 16:43:34'),
(27, 32, 'Bulekberry', '', '0874545445', 'bulekberry on titan, season 100', 117015, '', '', '', '2017-04-12 01:50:19', '2017-04-12 01:50:19'),
(28, 33, 'Bulekberry', '', '0874545445', 'bulekberry on titan, season 100', 117015, '', '', '', '2017-04-18 02:34:05', '2017-04-18 02:34:05'),
(29, 34, 'Bulekberry', '', '0874545445', 'bulekberry on titan, season 100', 117015, '', '', '', '2017-04-21 03:09:13', '2017-04-21 03:09:13'),
(30, 35, 'Bulekberry', '', '0874545445', 'bulekberry on titan, season 100', 117015, '', '', '', '2017-04-21 03:12:27', '2017-04-21 03:12:27'),
(31, 36, 'Bulekberry', '', '0874545445', 'bulekberry on titan, season 100', 117015, '', '', '', '2017-04-21 03:13:25', '2017-04-21 03:13:25'),
(32, 37, 'Bulekberry', '', '0874545445', 'bulekberry on titan, season 100', 117015, '', '', '', '2017-04-21 03:15:37', '2017-04-21 03:15:37'),
(33, 38, 'Bulekberry', '', '0874545445', 'bulekberry on titan, season 100', 117015, '', '', '', '2017-04-21 03:18:13', '2017-04-21 03:18:13'),
(34, 39, 'Bulekberry', '', '0874545445', 'bulekberry on titan, season 100', 117015, '', '', '', '2017-04-21 03:21:17', '2017-04-21 03:21:17'),
(35, 40, 'Bulekberry', '', '0874545445', 'bulekberry on titan, season 100', 117015, '', '', '', '2017-05-29 01:14:19', '2017-05-29 01:14:19'),
(36, 41, 'Bulekberry', '', '0874545445', 'bulekberry on titan, season 100', 117015, '', '', '', '2017-05-29 01:14:19', '2017-05-29 01:14:19'),
(37, 42, 'Bulekberry', '', '0874545445', 'bulekberry on titan, season 100', 117015, '', '', '', '2017-05-29 01:14:27', '2017-05-29 01:14:27'),
(38, 43, 'Bulekberry', '', '0874545445', 'bulekberry on titan, season 100', 117015, '', '', '', '2017-05-29 01:14:52', '2017-05-29 01:14:52'),
(39, 44, 'Bulekberry', '', '0874545445', 'bulekberry on titan, season 100', 117015, '', '', '', '2017-05-29 01:14:52', '2017-05-29 01:14:52'),
(40, 45, 'Bulekberry', '', '0874545445', 'bulekberry on titan, season 100', 117015, '', '', '', '2017-05-29 01:15:51', '2017-05-29 01:15:51'),
(41, 46, 'Bulekberry', '', '0874545445', 'bulekberry on titan, season 100', 117015, '', '', '', '2017-05-29 01:16:07', '2017-05-29 01:16:07'),
(42, 47, 'Bulekberry', '', '0874545445', 'bulekberry on titan, season 100', 117015, '', '', '', '2017-05-29 01:32:21', '2017-05-29 01:32:21'),
(43, 48, 'Bulekberry', '', '0874545445', 'bulekberry on titan, season 100', 117015, '', '', '', '2017-05-29 01:32:21', '2017-05-29 01:32:21'),
(44, 49, 'Bulekberry', '', '0874545445', 'bulekberry on titan, season 100', 117015, '', '', '', '2017-05-29 01:33:07', '2017-05-29 01:33:07'),
(45, 50, 'Bulekberry', '', '0874545445', 'bulekberry on titan, season 100', 117015, '', '', '', '2017-05-29 01:51:28', '2017-05-29 01:51:28'),
(46, 51, 'Bulekberry', '', '0874545445', 'bulekberry on titan, season 100', 117015, '', '', '', '2017-05-29 01:57:07', '2017-05-29 01:57:07'),
(47, 52, 'Bulekberry', '', '0874545445', 'bulekberry on titan, season 100', 117015, '', '', '', '2017-05-29 01:59:10', '2017-05-29 01:59:10'),
(48, 53, 'Bulekberry', '', '0874545445', 'bulekberry on titan, season 100', 117015, '', '', '', '2017-05-29 01:59:10', '2017-05-29 01:59:10'),
(49, 54, 'Bulekberry', '', '0874545445', 'bulekberry on titan, season 100', 117015, '', '', '', '2017-05-29 02:18:42', '2017-05-29 02:18:42'),
(50, 55, 'Bulekberry', '', '0874545445', 'bulekberry on titan, season 100', 117015, '', '', '', '2017-05-29 02:20:04', '2017-05-29 02:20:04'),
(51, 56, 'Bulekberry', '', '0874545445', 'bulekberry on titan, season 100', 117015, '', '', '', '2017-05-29 02:20:16', '2017-05-29 02:20:16'),
(52, 57, 'Bulekberry', '', '0874545445', 'bulekberry on titan, season 100', 117015, '', '', '', '2017-05-29 02:20:48', '2017-05-29 02:20:48'),
(53, 58, 'Bulekberry', '', '0874545445', 'bulekberry on titan, season 100', 117015, '', '', '', '2017-05-29 02:21:03', '2017-05-29 02:21:03'),
(54, 59, 'Bulekberry', '', '0874545445', 'bulekberry on titan, season 100', 117015, '', '', '', '2017-05-29 02:25:33', '2017-05-29 02:25:33'),
(55, 60, 'Bulekberry', '', '0874545445', 'bulekberry on titan, season 100', 117015, '', '', '', '2017-05-30 02:40:23', '2017-05-30 02:40:23'),
(56, 61, 'Bulekberry', '', '0874545445', 'bulekberry on titan, season 100', 117015, '', '', '', '2017-06-01 15:44:43', '2017-06-01 15:44:43'),
(57, 62, 'Bulekberry', '', '0874545445', 'bulekberry on titan, season 100', 117015, '', '', '', '2017-06-06 05:08:51', '2017-06-06 05:08:51'),
(58, 63, 'nobiedm', '', '0856565213', 'ini rumah ku loh ', 117015, 'Sumatera Utara', 'Medan', 'Medan Kota', '2017-10-06 07:29:12', '2017-10-06 07:29:12'),
(59, 64, 'nobiedm', '', '0856565213', 'ini rumah ku loh ', 117015, '', '', '', '2017-10-06 07:53:07', '2017-10-06 07:53:07'),
(60, 65, 'nobiedm', '', '0856565213', 'ini rumah ku loh ', 117015, '', '', '', '2017-10-06 08:06:28', '2017-10-06 08:06:28'),
(61, 66, 'nobiedm', '', '0856565213', 'ini rumah ku loh ', 117015, 'Sumatera Utara', 'Medan', 'Medan Kota', '2017-10-06 08:36:14', '2017-10-06 08:36:14'),
(62, 67, 'nobiedm', '', '0856565213', 'ini rumah ku loh ', 117015, 'Sumatera Utara', 'Medan', 'Medan Kota', '2017-10-06 08:57:52', '2017-10-06 08:57:52'),
(63, 68, 'freya', '', '0895665651212', 'somewhere in the world', 112323, 'DKI Jakarta', 'Jakarta Barat', 'Cengkareng', '2017-10-06 09:07:34', '2017-10-06 09:07:34'),
(64, 69, 'freya', '', '0895665651212', 'somewhere in the world', 112323, 'DKI Jakarta', 'Jakarta Barat', 'Cengkareng', '2017-10-18 06:54:01', '2017-10-18 06:54:01'),
(65, 70, 'freya', '', '0895665651212', 'somewhere in the world', 112323, 'DKI Jakarta', 'Jakarta Barat', 'Cengkareng', '2017-10-18 06:59:11', '2017-10-18 06:59:11'),
(66, 71, 'freya', '', '0895665651212', 'somewhere in the world', 112323, 'DKI Jakarta', 'Jakarta Barat', 'Cengkareng', '2017-10-18 07:10:11', '2017-10-18 07:10:11'),
(67, 72, 'freya', '', '0895665651212', 'somewhere in the world', 112323, 'DKI Jakarta', 'Jakarta Barat', 'Cengkareng', '2017-10-19 02:26:50', '2017-10-19 02:26:50'),
(68, 73, 'freya', '', '0895665651212', 'somewhere in the world', 112323, 'DKI Jakarta', 'Jakarta Barat', 'Cengkareng', '2017-10-19 02:27:10', '2017-10-19 02:27:10'),
(69, 74, 'freya', '', '0895665651212', 'somewhere in the world', 112323, 'DKI Jakarta', 'Jakarta Barat', 'Cengkareng', '2017-10-19 02:38:09', '2017-10-19 02:38:09'),
(70, 75, 'freya', '', '0895665651212', 'somewhere in the world', 112323, 'DKI Jakarta', 'Jakarta Barat', 'Cengkareng', '2017-10-19 02:39:15', '2017-10-19 02:39:15'),
(71, 76, 'freya', '', '0895665651212', 'somewhere in the world', 112323, 'DKI Jakarta', 'Jakarta Barat', 'Cengkareng', '2017-10-19 02:53:54', '2017-10-19 02:53:54'),
(72, 77, 'freya', '', '0895665651212', 'somewhere in the world', 112323, 'DKI Jakarta', 'Jakarta Barat', 'Cengkareng', '2017-10-19 02:56:43', '2017-10-19 02:56:43'),
(73, 78, 'freya', '', '0895665651212', 'somewhere in the world', 112323, 'DKI Jakarta', 'Jakarta Barat', 'Cengkareng', '2017-10-19 02:57:00', '2017-10-19 02:57:00'),
(74, 79, 'freya', '', '0895665651212', 'somewhere in the world', 112323, 'DKI Jakarta', 'Jakarta Barat', 'Cengkareng', '2017-10-19 04:27:08', '2017-10-19 04:27:08'),
(75, 80, 'freya', '', '0895665651212', 'somewhere in the world', 112323, 'DKI Jakarta', 'Jakarta Barat', 'Cengkareng', '2017-10-19 04:30:21', '2017-10-19 04:30:21'),
(76, 81, 'freya', '', '0895665651212', 'somewhere in the world', 112323, 'DKI Jakarta', 'Jakarta Barat', 'Cengkareng', '2017-10-19 04:35:21', '2017-10-19 04:35:21'),
(77, 82, 'freya', '', '0895665651212', 'somewhere in the world', 112323, 'DKI Jakarta', 'Jakarta Barat', 'Cengkareng', '2017-12-06 07:44:00', '2017-12-06 07:44:00'),
(78, 83, 'freya', '', '0895665651212', 'somewhere in the world', 112323, 'DKI Jakarta', 'Jakarta Barat', 'Cengkareng', '2017-12-06 08:44:42', '2017-12-06 08:44:42');

-- --------------------------------------------------------

--
-- Table structure for table `bkm_orderconfirm`
--

CREATE TABLE `bkm_orderconfirm` (
  `id` int(10) NOT NULL,
  `orderhd_id` int(30) DEFAULT NULL,
  `destination` varchar(100) DEFAULT NULL,
  `name` varchar(100) DEFAULT NULL,
  `amount` int(30) DEFAULT NULL,
  `payment_date` date DEFAULT NULL,
  `notes` text,
  `image_name` varchar(255) NOT NULL,
  `created_at` timestamp NULL DEFAULT '0000-00-00 00:00:00',
  `updated_at` timestamp NULL DEFAULT '0000-00-00 00:00:00' ON UPDATE CURRENT_TIMESTAMP
) ENGINE=InnoDB DEFAULT CHARSET=latin1;

--
-- Dumping data for table `bkm_orderconfirm`
--

INSERT INTO `bkm_orderconfirm` (`id`, `orderhd_id`, `destination`, `name`, `amount`, `payment_date`, `notes`, `image_name`, `created_at`, `updated_at`) VALUES
(1, 1, 'BCA - Vincent: 2791\r\nKCP NUSANTARA\r\n', 'Vincent', 971000, '2016-11-29', 'Konfirmasi Ya Aku', '', '0000-00-00 00:00:00', '2016-11-29 08:39:20'),
(2, 62, 'BCA - Vincent: 2791\r\nKCP NUSANTARA\r\n', 'Vincent', 358000, '2016-11-29', 'Konfirmasi Ya Aku', '', '0000-00-00 00:00:00', '2016-11-29 08:39:20'),
(3, 67, 'BCA - Vincent: 2791\r\nKCP NUSANTARA\r\n', 'nobiedm', 210000, '2017-10-05', 'ini laporan bayar', 'components/front/images/confirm_payment/17100600006/nu5YXH_icon_1.png', '2017-10-06 09:02:14', '2017-10-06 09:02:14');

-- --------------------------------------------------------

--
-- Table structure for table `bkm_orderdt`
--

CREATE TABLE `bkm_orderdt` (
  `id` int(10) NOT NULL,
  `orderhd_id` int(10) DEFAULT NULL,
  `product_data_attribute_master_id` int(10) DEFAULT NULL,
  `attribute_description` text,
  `product_code` varchar(30) DEFAULT NULL,
  `product_name` varchar(100) DEFAULT NULL,
  `thumbnail` varchar(255) DEFAULT NULL,
  `price` decimal(30,2) DEFAULT NULL,
  `qty` int(10) DEFAULT NULL,
  `weight` decimal(5,1) DEFAULT NULL,
  `reseller` int(11) DEFAULT NULL,
  `discount` decimal(30,2) DEFAULT NULL,
  `discount_type` varchar(1) DEFAULT NULL,
  `total_weight` decimal(5,1) DEFAULT NULL,
  `total_price` decimal(40,2) DEFAULT NULL,
  `created_at` timestamp NULL DEFAULT '0000-00-00 00:00:00',
  `updated_at` timestamp NULL DEFAULT '0000-00-00 00:00:00' ON UPDATE CURRENT_TIMESTAMP
) ENGINE=InnoDB DEFAULT CHARSET=latin1;

--
-- Dumping data for table `bkm_orderdt`
--

INSERT INTO `bkm_orderdt` (`id`, `orderhd_id`, `product_data_attribute_master_id`, `attribute_description`, `product_code`, `product_name`, `thumbnail`, `price`, `qty`, `weight`, `reseller`, `discount`, `discount_type`, `total_weight`, `total_price`, `created_at`, `updated_at`) VALUES
(1, 1, 15, '{"Color":"Green","Size":"M"}', 'SEX-002', 'Skye Sleeveless Top', 'components/front/images/product/2/6DJbwO_32427_skye-sleeveless-top_dark-olive-green_O7TUA.jpg', '129000.00', 2, '0.3', NULL, '0.00', NULL, '0.6', '258000.00', '0000-00-00 00:00:00', '2016-11-29 04:26:08'),
(2, 1, 19, '{"Color":"Pink","Size":"M"}', 'SEX-001', 'Catrelle Grey Preppy Dress', 'components/front/images/product/1/D8ksLB_137037_catrelle-grey-preppy-dress_grey_N5O96.jpg', '159000.00', 5, '0.2', NULL, '0.00', NULL, '1.0', '795000.00', '0000-00-00 00:00:00', '2016-11-29 04:26:24'),
(24, 13, 22, '{"Color":"Brown"}', 'DO1', 'SLIMWALLET DO 1-0', 'components/front/images/product/4/pfwMYU_pr1.png', '249000.00', 1, '0.4', NULL, '0.00', NULL, '0.4', '249000.00', '2017-03-29 08:12:58', '2017-03-29 08:12:58'),
(25, 19, 22, '{"Color":"Brown"}', 'DO1', 'SLIMWALLET DO 1-0', 'components/front/images/product/4/pfwMYU_pr1.png', '249000.00', 1, '0.4', NULL, '0.00', NULL, '0.4', '249000.00', '2017-03-29 09:45:56', '2017-03-29 09:45:56'),
(26, 19, 23, '{"Color":"Dark Brown"}', 'DO2', 'SLIMWALLET DO 1-1', 'components/front/images/product/5/ItFz2o_pr2.png', '249000.00', 1, '0.3', NULL, '0.00', NULL, '0.3', '249000.00', '2017-03-29 09:45:56', '2017-03-29 09:45:56'),
(27, 20, 22, '{"Color":"Brown"}', 'DO1', 'SLIMWALLET DO 1-0', 'components/front/images/product/4/pfwMYU_pr1.png', '249000.00', 1, '0.4', NULL, '0.00', NULL, '0.4', '249000.00', '2017-03-29 09:48:12', '2017-03-29 09:48:12'),
(28, 20, 23, '{"Color":"Dark Brown"}', 'DO2', 'SLIMWALLET DO 1-1', 'components/front/images/product/5/ItFz2o_pr2.png', '249000.00', 1, '0.3', NULL, '0.00', NULL, '0.3', '249000.00', '2017-03-29 09:48:12', '2017-03-29 09:48:12'),
(29, 21, 22, '{"Color":"Brown"}', 'DO1', 'SLIMWALLET DO 1-0', 'components/front/images/product/4/pfwMYU_pr1.png', '249000.00', 1, '0.4', NULL, '0.00', NULL, '0.4', '249000.00', '2017-03-29 09:48:26', '2017-03-29 09:48:26'),
(30, 21, 23, '{"Color":"Dark Brown"}', 'DO2', 'SLIMWALLET DO 1-1', 'components/front/images/product/5/ItFz2o_pr2.png', '249000.00', 1, '0.3', NULL, '0.00', NULL, '0.3', '249000.00', '2017-03-29 09:48:26', '2017-03-29 09:48:26'),
(31, 22, 22, '{"Color":"Brown","Size":"L"}', 'DO1', 'SLIMWALLET DO 1-0', 'components/front/images/product/4/pfwMYU_pr1.png', '249000.00', 1, '0.4', NULL, '0.00', NULL, '0.4', '249000.00', '2017-03-30 08:06:24', '2017-03-30 08:06:24'),
(32, 24, 22, '{"Color":"Brown","Size":"L"}', 'DO1', 'SLIMWALLET DO 1-0', 'components/front/images/product/4/pfwMYU_pr1.png', '249000.00', 1, '0.4', NULL, '0.00', NULL, '0.4', '249000.00', '2017-04-02 14:20:59', '2017-04-02 14:20:59'),
(33, 24, 23, '{"Color":"Dark Brown","Size":"L"}', 'DO2', 'SLIMWALLET DO 1-1', 'components/front/images/product/5/ItFz2o_pr2.png', '249000.00', 1, '0.3', NULL, '0.00', NULL, '0.3', '249000.00', '2017-04-02 14:20:59', '2017-04-02 14:20:59'),
(34, 24, 24, '{"Color":"Black","Size":"L"}', 'DO3', 'SLIMWALLET DO 1-3', 'components/front/images/product/6/rgUP0l_pr3.png', '249000.00', 1, '0.2', NULL, '0.00', NULL, '0.2', '249000.00', '2017-04-02 14:20:59', '2017-04-02 14:20:59'),
(35, 25, 22, '{"Color":"Brown","Size":"L"}', 'DO1', 'SLIMWALLET DO 1-0', 'components/front/images/product/4/pfwMYU_pr1.png', '249000.00', 1, '0.4', NULL, '0.00', NULL, '0.4', '249000.00', '2017-04-02 14:34:56', '2017-04-02 14:34:56'),
(36, 25, 23, '{"Color":"Dark Brown","Size":"L"}', 'DO2', 'SLIMWALLET DO 1-1', 'components/front/images/product/5/ItFz2o_pr2.png', '249000.00', 1, '0.3', NULL, '0.00', NULL, '0.3', '249000.00', '2017-04-02 14:34:56', '2017-04-02 14:34:56'),
(37, 25, 24, '{"Color":"Black","Size":"L"}', 'DO3', 'SLIMWALLET DO 1-3', 'components/front/images/product/6/rgUP0l_pr3.png', '249000.00', 1, '0.2', NULL, '0.00', NULL, '0.2', '249000.00', '2017-04-02 14:34:56', '2017-04-02 14:34:56'),
(38, 26, 22, '{"Color":"Brown","Size":"L"}', 'DO1', 'SLIMWALLET DO 1-0', 'components/front/images/product/4/pfwMYU_pr1.png', '249000.00', 1, '0.4', NULL, '0.00', NULL, '0.4', '249000.00', '2017-04-02 14:42:17', '2017-04-02 14:42:17'),
(39, 26, 23, '{"Color":"Dark Brown","Size":"L"}', 'DO2', 'SLIMWALLET DO 1-1', 'components/front/images/product/5/ItFz2o_pr2.png', '249000.00', 1, '0.3', NULL, '0.00', NULL, '0.3', '249000.00', '2017-04-02 14:42:17', '2017-04-02 14:42:17'),
(40, 26, 24, '{"Color":"Black","Size":"L"}', 'DO3', 'SLIMWALLET DO 1-3', 'components/front/images/product/6/rgUP0l_pr3.png', '249000.00', 1, '0.2', NULL, '0.00', NULL, '0.2', '249000.00', '2017-04-02 14:42:17', '2017-04-02 14:42:17'),
(41, 27, 22, '{"Color":"Brown","Size":"L"}', 'DO1', 'SLIMWALLET DO 1-0', 'components/front/images/product/4/pfwMYU_pr1.png', '249000.00', 1, '0.4', NULL, '0.00', NULL, '0.4', '249000.00', '2017-04-02 14:45:11', '2017-04-02 14:45:11'),
(42, 27, 23, '{"Color":"Dark Brown","Size":"L"}', 'DO2', 'SLIMWALLET DO 1-1', 'components/front/images/product/5/ItFz2o_pr2.png', '249000.00', 1, '0.3', NULL, '0.00', NULL, '0.3', '249000.00', '2017-04-02 14:45:11', '2017-04-02 14:45:11'),
(43, 27, 24, '{"Color":"Black","Size":"L"}', 'DO3', 'SLIMWALLET DO 1-3', 'components/front/images/product/6/rgUP0l_pr3.png', '249000.00', 1, '0.2', NULL, '0.00', NULL, '0.2', '249000.00', '2017-04-02 14:45:11', '2017-04-02 14:45:11'),
(44, 28, 22, '{"Color":"Brown","Size":"L"}', 'DO1', 'SLIMWALLET DO 1-0', 'components/front/images/product/4/pfwMYU_pr1.png', '249000.00', 1, '0.4', NULL, '0.00', NULL, '0.4', '249000.00', '2017-04-02 14:51:42', '2017-04-02 14:51:42'),
(45, 28, 23, '{"Color":"Dark Brown","Size":"L"}', 'DO2', 'SLIMWALLET DO 1-1', 'components/front/images/product/5/ItFz2o_pr2.png', '249000.00', 1, '0.3', NULL, '0.00', NULL, '0.3', '249000.00', '2017-04-02 14:51:42', '2017-04-02 14:51:42'),
(46, 28, 24, '{"Color":"Black","Size":"L"}', 'DO3', 'SLIMWALLET DO 1-3', 'components/front/images/product/6/rgUP0l_pr3.png', '249000.00', 1, '0.2', NULL, '0.00', NULL, '0.2', '249000.00', '2017-04-02 14:51:42', '2017-04-02 14:51:42'),
(47, 29, 22, '{"Color":"Brown","Size":"L"}', 'DO1', 'SLIMWALLET DO 1-0', 'components/front/images/product/4/pfwMYU_pr1.png', '249000.00', 1, '0.4', NULL, '0.00', NULL, '0.4', '249000.00', '2017-04-02 14:53:55', '2017-04-02 14:53:55'),
(48, 29, 23, '{"Color":"Dark Brown","Size":"L"}', 'DO2', 'SLIMWALLET DO 1-1', 'components/front/images/product/5/ItFz2o_pr2.png', '249000.00', 1, '0.3', NULL, '0.00', NULL, '0.3', '249000.00', '2017-04-02 14:53:55', '2017-04-02 14:53:55'),
(49, 29, 24, '{"Color":"Black","Size":"L"}', 'DO3', 'SLIMWALLET DO 1-3', 'components/front/images/product/6/rgUP0l_pr3.png', '249000.00', 1, '0.2', NULL, '0.00', NULL, '0.2', '249000.00', '2017-04-02 14:53:55', '2017-04-02 14:53:55'),
(50, 30, 23, '{"Color":"Dark Brown"}', 'DO2', 'SLIMWALLET DO 1-1', 'components/front/images/product/5/ItFz2o_pr2.png', '249000.00', 1, '0.3', NULL, '0.00', NULL, '0.3', '249000.00', '2017-04-06 16:38:22', '2017-04-06 16:38:22'),
(51, 30, 25, '{"Color":"Brown"}', 'DO4', 'SLIMWALLET DO 3-0', 'components/front/images/product/7/mA6SP5_pr4.png', '199000.00', 1, '1.2', NULL, '0.00', NULL, '1.2', '199000.00', '2017-04-06 16:38:22', '2017-04-06 16:38:22'),
(52, 31, 25, '{"Color":"Brown"}', 'DO4', 'SLIMWALLET DO 3-0', 'components/front/images/product/7/mA6SP5_pr4.png', '199000.00', 1, '1.2', NULL, '0.00', NULL, '1.2', '199000.00', '2017-04-06 16:43:34', '2017-04-06 16:43:34'),
(53, 31, 24, '{"Color":"Black"}', 'DO3', 'SLIMWALLET DO 1-3', 'components/front/images/product/6/rgUP0l_pr3.png', '249000.00', 2, '0.2', NULL, '0.00', NULL, '0.4', '498000.00', '2017-04-06 16:43:34', '2017-04-06 16:43:34'),
(54, 32, 42, '{"Color":"Blue"}', 'PO1-0BL', 'PASS HOLDER PO 1-1', 'components/front/images/product/10/CNCLUp_pr7.png', '349000.00', 1, '0.5', NULL, '0.00', NULL, '0.5', '349000.00', '2017-04-12 01:50:19', '2017-04-12 01:50:19'),
(55, 32, 24, '{"Color":"Black"}', 'DO1-0BC', 'SLIMWALLET DO 1-3', 'components/front/images/product/6/rgUP0l_pr3.png', '249000.00', 1, '0.3', NULL, '0.00', NULL, '0.3', '249000.00', '2017-04-12 01:50:19', '2017-04-12 01:50:19'),
(56, 33, 25, '{"Color":"Brown"}', 'DO3-0BR', 'SLIMWALLET DO 3-0', 'components/front/images/product/7/mA6SP5_pr4.png', '199000.00', 1, '1.2', NULL, '0.00', NULL, '1.2', '199000.00', '2017-04-18 02:34:05', '2017-04-18 02:34:05'),
(57, 34, 26, '{"Color":"Dark Brown"}', 'DO3-0DB', 'SLIMWALLET DO 3-1', 'components/front/images/product/8/YfQ4Sj_pr5.png', '199000.00', 1, '1.4', NULL, '0.00', NULL, '1.4', '199000.00', '2017-04-21 03:09:13', '2017-04-21 03:09:13'),
(58, 35, 22, '{"Color":"Brown"}', 'DO1-0BR', 'SLIMWALLET DO 1-0', 'components/front/images/product/4/pfwMYU_pr1.png', '249000.00', 1, '0.4', NULL, '0.00', NULL, '0.4', '249000.00', '2017-04-21 03:12:27', '2017-04-21 03:12:27'),
(59, 36, 25, '{"Color":"Brown"}', 'DO3-0BR', 'SLIMWALLET DO 3-0', 'components/front/images/product/7/mA6SP5_pr4.png', '199000.00', 1, '1.2', NULL, '0.00', NULL, '1.2', '199000.00', '2017-04-21 03:13:25', '2017-04-21 03:13:25'),
(60, 37, 30, '{"Color":"Dark Brown"}', 'KE1-0BR', 'KEYHOLDER KE 1-1', 'components/front/images/product/13/DeX9Jg_pr10.png', '199000.00', 1, '0.5', NULL, '0.00', NULL, '0.5', '199000.00', '2017-04-21 03:15:37', '2017-04-21 03:15:37'),
(61, 38, 42, '{"Color":"Blue"}', 'PO1-0BL', 'PASS HOLDER PO 1-1', 'components/front/images/product/10/CNCLUp_pr7.png', '349000.00', 1, '0.5', NULL, '0.00', NULL, '0.5', '349000.00', '2017-04-21 03:18:13', '2017-04-21 03:18:13'),
(62, 39, 42, '{"Color":"Blue"}', 'PO1-0BL', 'PASS HOLDER PO 1-1', 'components/front/images/product/10/CNCLUp_pr7.png', '349000.00', 1, '0.5', NULL, '0.00', NULL, '0.5', '349000.00', '2017-04-21 03:21:17', '2017-04-21 03:21:17'),
(63, 59, 24, '{"Color":"Black"}', 'DO1-0BC', 'SLIMWALLET DO 1-3', 'components/front/images/product/6/rgUP0l_pr3.png', '249000.00', 1, '0.3', NULL, '0.00', NULL, '0.3', '249000.00', '2017-05-29 02:25:33', '2017-05-29 02:25:33'),
(64, 59, 26, '{"Color":"Dark Brown"}', 'DO3-0DB', 'SLIMWALLET DO 3-1', 'components/front/images/product/8/YfQ4Sj_pr5.png', '199000.00', 1, '1.4', NULL, '0.00', NULL, '1.4', '199000.00', '2017-05-29 02:25:33', '2017-05-29 02:25:33'),
(65, 59, 32, '{"Color":"Natural"}', 'KE1-0BR', 'KEYHOLDER KE 1-4', 'components/front/images/product/15/YECx2m_pr12.png', '199000.00', 1, '0.5', NULL, '0.00', NULL, '0.5', '199000.00', '2017-05-29 02:25:33', '2017-05-29 02:25:33'),
(66, 59, 29, '{"Color":"Brown"}', 'DO2-0BR', 'LONG WALLET DO 2-0', 'components/front/images/product/11/r4BDPw_pr8.png', '199000.00', 2, '0.5', NULL, '0.00', NULL, '1.0', '398000.00', '2017-05-29 02:25:33', '2017-05-29 02:25:33'),
(67, 59, 27, '{"Color":"Brown"}', 'PO1-0BR', 'PASS HOLDER PO 1-0', 'components/front/images/product/9/bbZvrK_pr6.png', '349000.00', 1, '0.5', NULL, '0.00', NULL, '0.5', '349000.00', '2017-05-29 02:25:33', '2017-05-29 02:25:33'),
(68, 59, 22, '{"Color":"Brown"}', 'DO1-0BR', 'SLIMWALLET DO 1-0', 'components/front/images/product/4/pfwMYU_pr1.png', '249000.00', 1, '0.4', NULL, '0.00', NULL, '0.4', '249000.00', '2017-05-29 02:25:33', '2017-05-29 02:25:33'),
(69, 60, 41, '{"Color":"Brown"}', 'KE1-0DB', 'KEYHOLDER KE 1-0', 'components/front/images/product/12/58cdt5_pr9.png', '199000.00', 1, '0.5', NULL, '0.00', NULL, '0.5', '199000.00', '2017-05-30 02:40:23', '2017-05-30 02:40:23'),
(70, 60, 30, '{"Color":"Dark Brown"}', 'KE1-0BR', 'KEYHOLDER KE 1-1', 'components/front/images/product/13/DeX9Jg_pr10.png', '199000.00', 2, '0.5', NULL, '0.00', NULL, '1.0', '398000.00', '2017-05-30 02:40:23', '2017-05-30 02:40:23'),
(71, 61, 30, '{"Color":"Dark Brown"}', 'KE1-0BR', 'KEYHOLDER KE 1-1', 'components/front/images/product/13/DeX9Jg_pr10.png', '199000.00', 1, '0.5', NULL, '0.00', NULL, '0.5', '199000.00', '2017-06-01 15:44:43', '2017-06-01 15:44:43'),
(72, 62, 27, '{"Color":"Brown"}', 'PO1-0BR', 'PASS HOLDER PO 1-0', 'components/front/images/product/9/bbZvrK_pr6.png', '349000.00', 1, '0.5', NULL, '0.00', '', '0.5', '349000.00', '2017-06-06 05:08:51', '2017-06-15 10:24:54'),
(73, 63, 47, '{"Size":"L"}', 'lr5', 'Lorem Luwak Gold 5', 'components/front/images/product/27/K8Sg6G_food.jpg', '280000.00', 1, '2.0', NULL, '0.00', '', '2.0', '280000.00', '2017-10-06 07:29:12', '2017-10-06 07:29:12'),
(74, 64, 47, '{"Size":"L"}', 'lr5', 'Lorem Luwak Gold 5', 'components/front/images/product/27/K8Sg6G_food.jpg', '280000.00', 1, '2.0', NULL, '0.00', '', '2.0', '280000.00', '2017-10-06 07:53:07', '2017-10-06 07:53:07'),
(75, 65, 45, '{"Size":"M"}', 'lr3', 'Lorem Luwak Gold 3', 'components/front/images/product/25/jTCjs6_food.jpg', '350000.00', 1, '1.0', NULL, '0.00', '', '1.0', '350000.00', '2017-10-06 08:06:28', '2017-10-06 08:06:28'),
(76, 66, 45, '{"Size":"M"}', 'lr3', 'Lorem Luwak Gold 3', 'components/front/images/product/25/jTCjs6_food.jpg', '350000.00', 1, '1.0', NULL, '0.00', '', '1.0', '350000.00', '2017-10-06 08:36:14', '2017-10-06 08:36:14'),
(77, 67, 44, '{"Size":"S"}', 'lr2', 'Lorem Luwak Gold 2', 'components/front/images/product/24/fwNBtL_food.jpg', '180000.00', 1, '1.0', NULL, '0.00', '', '1.0', '180000.00', '2017-10-06 08:57:52', '2017-10-06 08:57:52'),
(78, 68, 46, '{"Size":"L"}', 'lr4', 'Lorem Luwak Gold 4', 'components/front/images/product/26/fVxznR_food.jpg', '160000.00', 1, '1.0', NULL, '0.00', '', '1.0', '160000.00', '2017-10-06 09:07:34', '2017-10-06 09:07:34'),
(79, 69, 55, '{"stock":"Stock Product"}', 'lr5', 'Lorem Luwak Gold 5', 'components/front/images/product/27/K8Sg6G_food.jpg', '280000.00', 1, '2.0', NULL, '0.00', '', '2.0', '280000.00', '2017-10-18 06:54:01', '2017-10-18 06:54:01'),
(80, 70, 53, '{"stock":"Stock Product"}', 'lr3', 'Lorem Luwak Gold 3', 'components/front/images/product/25/jTCjs6_food.jpg', '350000.00', 1, '1.0', NULL, '0.00', '', '1.0', '350000.00', '2017-10-18 06:59:11', '2017-10-18 06:59:11'),
(81, 71, 52, '{"stock":"Stock Product"}', 'lr2', 'Lorem Luwak Gold 2', 'components/front/images/product/24/fwNBtL_food.jpg', '180000.00', 1, '1.0', NULL, '0.00', '', '1.0', '180000.00', '2017-10-18 07:10:11', '2017-10-18 07:10:11'),
(82, 73, 51, '{"stock":"Stock Product"}', 'lr1', 'Lorem Luwak Gold 1', 'components/front/images/product/23/EXilqp_food.jpg', '200000.00', 1, '1.0', NULL, '0.00', '', '1.0', '200000.00', '2017-10-19 02:27:10', '2017-10-19 02:27:10'),
(83, 74, 51, '{"stock":"Stock Product"}', 'lr1', 'Lorem Luwak Gold 1', 'components/front/images/product/23/EXilqp_food.jpg', '200000.00', 1, '1.0', NULL, '0.00', '', '1.0', '200000.00', '2017-10-19 02:38:09', '2017-10-19 02:38:09'),
(84, 75, 51, '{"stock":"Stock Product"}', 'lr1', 'Lorem Luwak Gold 1', 'components/front/images/product/23/EXilqp_food.jpg', '200000.00', 1, '1.0', NULL, '0.00', '', '1.0', '200000.00', '2017-10-19 02:39:15', '2017-10-19 02:39:15'),
(85, 76, 51, '{"stock":"Stock Product"}', 'lr1', 'Lorem Luwak Gold 1', 'components/front/images/product/23/EXilqp_food.jpg', '200000.00', 1, '1.0', NULL, '0.00', '', '1.0', '200000.00', '2017-10-19 02:53:54', '2017-10-19 02:53:54'),
(86, 78, 51, '{"stock":"Stock Product"}', 'lr1', 'Lorem Luwak Gold 1', 'components/front/images/product/23/EXilqp_food.jpg', '160000.00', 1, '1.0', NULL, '0.00', '', '1.0', '200000.00', '2017-10-19 02:57:00', '2017-10-19 02:57:00'),
(87, 79, 51, '{"stock":"Stock Product"}', 'lr1', 'Lorem Luwak Gold 1', 'components/front/images/product/23/EXilqp_food.jpg', '160000.00', 1, '1.0', NULL, '0.00', '', '1.0', '160000.00', '2017-10-19 04:27:08', '2017-10-19 04:27:08'),
(88, 79, 53, '{"stock":"Stock Product"}', 'lr3', 'Lorem Luwak Gold 3', 'components/front/images/product/25/jTCjs6_food.jpg', '350000.00', 3, '1.0', NULL, '0.00', '', '3.0', '1050000.00', '2017-10-19 04:27:08', '2017-10-19 04:27:08'),
(89, 80, 54, '{"stock":"Stock Product"}', 'lr4', 'Lorem Luwak Gold 4', 'components/front/images/product/26/fVxznR_food.jpg', '160000.00', 1, '1.0', NULL, '0.00', '', '1.0', '160000.00', '2017-10-19 04:30:21', '2017-10-19 04:30:21'),
(90, 80, 55, '{"stock":"Stock Product"}', 'lr5', 'Lorem Luwak Gold 5', 'components/front/images/product/27/K8Sg6G_food.jpg', '280000.00', 1, '2.0', NULL, '0.00', '', '2.0', '280000.00', '2017-10-19 04:30:21', '2017-10-19 04:30:21'),
(91, 81, 51, '{"stock":"Stock Product"}', 'lr1', 'Lorem Luwak Gold 1', 'components/front/images/product/23/EXilqp_food.jpg', '160000.00', 1, '1.0', NULL, '0.00', '', '1.0', '160000.00', '2017-10-19 04:35:21', '2017-10-19 04:35:21'),
(92, 81, 54, '{"stock":"Stock Product"}', 'lr4', 'Lorem Luwak Gold 4', 'components/front/images/product/26/fVxznR_food.jpg', '160000.00', 1, '1.0', NULL, '0.00', '', '1.0', '160000.00', '2017-10-19 04:35:21', '2017-10-19 04:35:21'),
(93, 82, 1, '{"color":"red"}', '', 'JBL C100SI In-Ear Headphones with Mic Android & iOS - Hitam 1', 'components/front/images/product/1/z5Pbh2_product_detail.jpg', '180000.00', 16, '1.0', NULL, NULL, NULL, '16.0', '2880000.00', '2017-12-06 07:44:00', '2017-12-06 07:44:00'),
(94, 83, 4, '{"color":"red"}', '', 'Xiaomi Mi Piston In-Ear Headphones Fresh Edition - Hitam 2', 'components/front/images/product/4/oQp2oY_product_detail.jpg', '288000.00', 15, '1.0', NULL, NULL, NULL, '15.0', '4320000.00', '2017-12-06 08:44:42', '2017-12-06 08:44:42');

-- --------------------------------------------------------

--
-- Table structure for table `bkm_orderhd`
--

CREATE TABLE `bkm_orderhd` (
  `id` int(10) NOT NULL,
  `order_id` varchar(30) DEFAULT NULL,
  `customer_id` int(10) DEFAULT NULL,
  `total_weight` decimal(5,2) DEFAULT NULL,
  `shipping_amount` decimal(30,2) DEFAULT NULL,
  `voucher_amount` decimal(30,2) DEFAULT NULL,
  `sub_total_amount` decimal(30,2) DEFAULT NULL,
  `total_shipping_amount` decimal(30,2) DEFAULT NULL,
  `total_amount` decimal(30,2) DEFAULT NULL,
  `kode_unik` int(5) DEFAULT NULL,
  `tracking_code` varchar(50) DEFAULT NULL,
  `order_status_id` int(5) DEFAULT NULL,
  `payment_method_id` int(5) DEFAULT NULL,
  `bank_info` text,
  `order_date` datetime DEFAULT '0000-00-00 00:00:00',
  `cc_count` int(1) DEFAULT NULL,
  `created_at` timestamp NULL DEFAULT '0000-00-00 00:00:00',
  `updated_at` timestamp NULL DEFAULT '0000-00-00 00:00:00' ON UPDATE CURRENT_TIMESTAMP
) ENGINE=InnoDB DEFAULT CHARSET=latin1;

--
-- Dumping data for table `bkm_orderhd`
--

INSERT INTO `bkm_orderhd` (`id`, `order_id`, `customer_id`, `total_weight`, `shipping_amount`, `voucher_amount`, `sub_total_amount`, `total_shipping_amount`, `total_amount`, `kode_unik`, `tracking_code`, `order_status_id`, `payment_method_id`, `bank_info`, `order_date`, `cc_count`, `created_at`, `updated_at`) VALUES
(1, '26111600001', 1, '2.00', '9000.00', '100000.00', '1053000.00', '18000.00', '971000.00', NULL, '123456', 4, 1, 'BCA\r\nVincent: 2791\r\nKCP NUSANTARA', '2016-11-27 02:54:00', 0, '0000-00-00 00:00:00', '2017-03-29 02:51:46'),
(13, '17032900001', 0, '1.00', '9000.00', '0.00', '249000.00', '9000.00', '258000.00', NULL, NULL, 1, 1, 'Vincent: 2791\r\nKCP NUSANTARA\r\n', '2017-03-29 03:12:58', 0, '2017-03-29 08:12:58', '2017-03-31 04:27:58'),
(14, '17032900002', 23, '1.00', '9000.00', '448200.00', '498000.00', '9000.00', '-389400.00', NULL, NULL, 1, 1, 'Vincent: 2791\r\nKCP NUSANTARA\r\n', '2017-03-29 04:32:02', 0, '2017-03-29 09:32:02', '2017-03-29 09:32:02'),
(15, '17032900003', 24, '1.00', '9000.00', '448200.00', '498000.00', '9000.00', '-389400.00', NULL, NULL, 1, 1, 'Vincent: 2791\r\nKCP NUSANTARA\r\n', '2017-03-29 04:32:35', 0, '2017-03-29 09:32:35', '2017-03-29 09:32:35'),
(16, '17032900004', 25, '1.00', '9000.00', '448200.00', '498000.00', '9000.00', '-389400.00', NULL, NULL, 1, 1, 'Vincent: 2791\r\nKCP NUSANTARA\r\n', '2017-03-29 04:34:02', 0, '2017-03-29 09:34:02', '2017-03-29 09:34:02'),
(17, '17032900005', 26, '1.00', '9000.00', '448200.00', '498000.00', '9000.00', '-389400.00', NULL, NULL, 1, 1, 'Vincent: 2791\r\nKCP NUSANTARA\r\n', '2017-03-29 04:35:12', 0, '2017-03-29 09:35:12', '2017-03-29 09:35:12'),
(18, '17032900006', 27, '1.00', '9000.00', '448200.00', '498000.00', '9000.00', '-389400.00', NULL, NULL, 1, 1, 'Vincent: 2791\r\nKCP NUSANTARA\r\n', '2017-03-29 04:37:07', 0, '2017-03-29 09:37:07', '2017-03-29 09:37:07'),
(19, '17032900007', 29, '1.00', '9000.00', '0.00', '498000.00', '9000.00', '507000.00', NULL, NULL, 1, 1, 'Vincent: 2791\r\nKCP NUSANTARA\r\n', '2017-03-29 04:45:56', 0, '2017-03-29 09:45:56', '2017-03-29 09:45:56'),
(20, '17032900008', 31, '1.00', '9000.00', '0.00', '498000.00', '9000.00', '507000.00', NULL, NULL, 1, 1, 'Vincent: 2791\r\nKCP NUSANTARA\r\n', '2017-03-29 04:48:12', 0, '2017-03-29 09:48:12', '2017-03-29 09:48:12'),
(21, '17032900009', 33, '1.00', '9000.00', '0.00', '498000.00', '9000.00', '507000.00', NULL, NULL, 1, 1, 'Vincent: 2791\r\nKCP NUSANTARA\r\n', '2017-03-29 04:48:26', 0, '2017-03-29 09:48:26', '2017-03-29 09:48:26'),
(22, '17033000001', 35, '1.00', '9000.00', '0.00', '249000.00', '9000.00', '258000.00', NULL, NULL, 2, 1, 'Vincent: 2791\r\nKCP NUSANTARA\r\n', '2017-03-30 03:06:24', 0, '2017-03-30 08:06:24', '2017-03-30 09:04:00'),
(23, '17040200001', 38, '1.00', '9000.00', '0.00', '847000.00', '9000.00', '856000.00', NULL, NULL, 1, 1, 'Vincent: 2791\r\nKCP NUSANTARA\r\n', '2017-04-02 09:16:13', 0, '2017-04-02 14:16:13', '2017-04-02 14:16:13'),
(24, '17040200002', 38, '1.00', '9000.00', '0.00', '747000.00', '9000.00', '756000.00', NULL, NULL, 2, 1, 'Vincent: 2791\r\nKCP NUSANTARA\r\n', '2017-04-02 09:20:59', 0, '2017-04-02 14:20:59', '2017-04-02 14:34:02'),
(25, '17040200003', 38, '1.00', '9000.00', '0.00', '747000.00', '9000.00', '756000.00', NULL, NULL, 1, 1, 'Vincent: 2791\r\nKCP NUSANTARA\r\n', '2017-04-02 09:34:55', 0, '2017-04-02 14:34:55', '2017-04-02 14:34:55'),
(26, '17040200004', 38, '1.00', '9000.00', '0.00', '747000.00', '9000.00', '756000.00', NULL, NULL, 1, 1, 'Vincent: 2791\r\nKCP NUSANTARA\r\n', '2017-04-02 09:42:17', 0, '2017-04-02 14:42:17', '2017-04-02 14:42:17'),
(27, '17040200005', 38, '1.00', '9000.00', '0.00', '747000.00', '9000.00', '756000.00', NULL, NULL, 1, 1, 'Vincent: 2791\r\nKCP NUSANTARA\r\n', '2017-04-02 09:45:11', 0, '2017-04-02 14:45:11', '2017-04-02 14:45:11'),
(28, '17040200006', 38, '1.00', '9000.00', '0.00', '747000.00', '9000.00', '756000.00', NULL, NULL, 1, 1, 'Vincent: 2791\r\nKCP NUSANTARA\r\n', '2017-04-02 09:51:42', 0, '2017-04-02 14:51:42', '2017-04-02 14:51:42'),
(29, '17040200007', 38, '1.00', '9000.00', '0.00', '747000.00', '9000.00', '756000.00', NULL, NULL, 1, 1, 'Vincent: 2791\r\nKCP NUSANTARA\r\n', '2017-04-02 09:53:54', 0, '2017-04-02 14:53:54', '2017-04-02 14:53:54'),
(30, '17040600001', 41, '2.00', '9000.00', '0.00', '448000.00', '18000.00', '466000.00', NULL, NULL, 1, 1, 'Vincent: 2791\r\nKCP NUSANTARA\r\n', '2017-04-06 11:38:21', 0, '2017-04-06 16:38:21', '2017-04-06 16:38:21'),
(31, '17040600002', 42, '2.00', '29000.00', '0.00', '697000.00', '58000.00', '755000.00', NULL, NULL, 1, 1, 'Vincent: 2791\r\nKCP NUSANTARA\r\n', '2017-04-06 11:43:34', 0, '2017-04-06 16:43:34', '2017-04-06 16:43:34'),
(32, '17041200001', 5, '1.00', '9000.00', '0.00', '598000.00', '9000.00', '607000.00', NULL, NULL, 1, 1, 'Vincent: 2791\r\nKCP NUSANTARA\r\n', '2017-04-12 08:50:19', 0, '2017-04-12 01:50:19', '2017-04-12 01:50:19'),
(33, '17041800001', 5, '2.00', '9000.00', '0.00', '199000.00', '18000.00', '217000.00', NULL, NULL, 1, 1, 'BCA - Vincent: 2791\r\nKCP NUSANTARA\r\n', '2017-04-18 09:34:05', 0, '2017-04-18 02:34:05', '2017-04-18 02:34:05'),
(34, '17042100001', 5, '2.00', '9000.00', '0.00', '199000.00', '18000.00', '217000.00', NULL, NULL, 1, 1, 'BCA - Vincent: 2791\r\nKCP NUSANTARA\r\n', '2017-04-21 10:09:13', 0, '2017-04-21 03:09:13', '2017-04-21 03:09:13'),
(35, '17042100002', 5, '1.00', '9000.00', '0.00', '249000.00', '9000.00', '258000.00', NULL, NULL, 1, 1, 'BCA - Vincent: 2791\r\nKCP NUSANTARA\r\n', '2017-04-21 10:12:27', 0, '2017-04-21 03:12:27', '2017-04-21 03:12:27'),
(36, '17042100003', 5, '2.00', '9000.00', '0.00', '199000.00', '18000.00', '217000.00', NULL, NULL, 1, 1, 'BCA - Vincent: 2791\r\nKCP NUSANTARA\r\n', '2017-04-21 10:13:25', 0, '2017-04-21 03:13:25', '2017-04-21 03:13:25'),
(37, '17042100004', 5, '1.00', '9000.00', '0.00', '199000.00', '9000.00', '208000.00', NULL, NULL, 1, 1, 'BCA - Vincent: 2791\r\nKCP NUSANTARA\r\n', '2017-04-21 10:15:37', 0, '2017-04-21 03:15:37', '2017-04-21 03:15:37'),
(38, '17042100005', 5, '1.00', '9000.00', '0.00', '349000.00', '9000.00', '358000.00', NULL, NULL, 1, 1, 'BCA - Vincent: 2791\r\nKCP NUSANTARA\r\n', '2017-04-21 10:18:13', 0, '2017-04-21 03:18:13', '2017-04-21 03:18:13'),
(39, '17042100006', 5, '1.00', '9000.00', '0.00', '349000.00', '9000.00', '358000.00', NULL, NULL, 1, 1, 'BCA - Vincent: 2791\r\nKCP NUSANTARA\r\n', '2017-04-21 10:21:17', 0, '2017-04-21 03:21:17', '2017-04-21 03:21:17'),
(40, '17052900001', 5, '3.00', '9000.00', '0.00', '846000.00', '27000.00', '873000.00', NULL, NULL, 1, 1, 'BCA - Vincent: 2791\r\nKCP NUSANTARA\r\n', '2017-05-29 08:14:19', 0, '2017-05-29 01:14:19', '2017-05-29 01:14:19'),
(41, '17052900002', 5, '3.00', '9000.00', '0.00', '846000.00', '27000.00', '873000.00', NULL, NULL, 1, 1, 'BCA - Vincent: 2791\r\nKCP NUSANTARA\r\n', '2017-05-29 08:14:19', 0, '2017-05-29 01:14:19', '2017-05-29 01:14:19'),
(42, '17052900003', 5, '3.00', '9000.00', '0.00', '846000.00', '27000.00', '873000.00', NULL, NULL, 1, 1, 'BCA - Vincent: 2791\r\nKCP NUSANTARA\r\n', '2017-05-29 08:14:27', 0, '2017-05-29 01:14:27', '2017-05-29 01:14:27'),
(43, '17052900004', 5, '3.00', '9000.00', '0.00', '846000.00', '27000.00', '873000.00', NULL, NULL, 1, 1, 'BCA - Vincent: 2791\r\nKCP NUSANTARA\r\n', '2017-05-29 08:14:52', 0, '2017-05-29 01:14:52', '2017-05-29 01:14:52'),
(44, '17052900005', 5, '3.00', '9000.00', '0.00', '846000.00', '27000.00', '873000.00', NULL, NULL, 1, 1, 'BCA - Vincent: 2791\r\nKCP NUSANTARA\r\n', '2017-05-29 08:14:52', 0, '2017-05-29 01:14:52', '2017-05-29 01:14:52'),
(45, '17052900006', 5, '3.00', '9000.00', '0.00', '846000.00', '27000.00', '873000.00', NULL, NULL, 1, 1, 'BCA - Vincent: 2791\r\nKCP NUSANTARA\r\n', '2017-05-29 08:15:51', 0, '2017-05-29 01:15:51', '2017-05-29 01:15:51'),
(46, '17052900007', 5, '3.00', '9000.00', '0.00', '846000.00', '27000.00', '873000.00', NULL, NULL, 1, 1, 'BCA - Vincent: 2791\r\nKCP NUSANTARA\r\n', '2017-05-29 08:16:07', 0, '2017-05-29 01:16:07', '2017-05-29 01:16:07'),
(47, '17052900008', 5, '1.00', '9000.00', '0.00', '349000.00', '9000.00', '358000.00', NULL, NULL, 1, 1, 'BCA - Vincent: 2791\r\nKCP NUSANTARA\r\n', '2017-05-29 08:32:21', 0, '2017-05-29 01:32:21', '2017-05-29 01:32:21'),
(48, '17052900009', 5, '1.00', '9000.00', '0.00', '349000.00', '9000.00', '358000.00', NULL, NULL, 1, 1, 'BCA - Vincent: 2791\r\nKCP NUSANTARA\r\n', '2017-05-29 08:32:21', 0, '2017-05-29 01:32:21', '2017-05-29 01:32:21'),
(49, '17052900010', 5, '1.00', '9000.00', '0.00', '349000.00', '9000.00', '358000.00', NULL, NULL, 1, 1, 'BCA - Vincent: 2791\r\nKCP NUSANTARA\r\n', '2017-05-29 08:33:07', 0, '2017-05-29 01:33:07', '2017-05-29 01:33:07'),
(50, '17052900011', 5, '1.00', '9000.00', '0.00', '349000.00', '9000.00', '358000.00', NULL, NULL, 1, 1, 'BCA - Vincent: 2791\r\nKCP NUSANTARA\r\n', '2017-05-29 08:51:28', 0, '2017-05-29 01:51:28', '2017-05-29 01:51:28'),
(51, '17052900012', 5, '4.00', '9000.00', '0.00', '1195000.00', '36000.00', '1231000.00', NULL, NULL, 1, 1, 'BCA - Vincent: 2791\r\nKCP NUSANTARA\r\n', '2017-05-29 08:57:07', 0, '2017-05-29 01:57:07', '2017-05-29 01:57:07'),
(52, '17052900013', 5, '1.00', '9000.00', '0.00', '249000.00', '9000.00', '258000.00', NULL, NULL, 1, 1, 'BCA - Vincent: 2791\r\nKCP NUSANTARA\r\n', '2017-05-29 08:59:10', 0, '2017-05-29 01:59:10', '2017-05-29 01:59:10'),
(53, '17052900014', 5, '1.00', '9000.00', '0.00', '249000.00', '9000.00', '258000.00', NULL, NULL, 1, 1, 'BCA - Vincent: 2791\r\nKCP NUSANTARA\r\n', '2017-05-29 08:59:10', 0, '2017-05-29 01:59:10', '2017-05-29 01:59:10'),
(54, '17052900015', 5, '4.00', '9000.00', '0.00', '1444000.00', '36000.00', '1480000.00', NULL, NULL, 1, 1, 'BCA - Vincent: 2791\r\nKCP NUSANTARA\r\n', '2017-05-29 09:18:42', 0, '2017-05-29 02:18:42', '2017-05-29 02:18:42'),
(55, '17052900016', 5, '4.00', '9000.00', '0.00', '1444000.00', '36000.00', '1480000.00', NULL, NULL, 1, 1, 'BCA - Vincent: 2791\r\nKCP NUSANTARA\r\n', '2017-05-29 09:20:04', 0, '2017-05-29 02:20:04', '2017-05-29 02:20:04'),
(56, '17052900017', 5, '4.00', '9000.00', '0.00', '1444000.00', '36000.00', '1480000.00', NULL, NULL, 1, 1, 'BCA - Vincent: 2791\r\nKCP NUSANTARA\r\n', '2017-05-29 09:20:16', 0, '2017-05-29 02:20:16', '2017-05-29 02:20:16'),
(57, '17052900018', 5, '4.00', '9000.00', '0.00', '1444000.00', '36000.00', '1480000.00', NULL, NULL, 1, 1, 'BCA - Vincent: 2791\r\nKCP NUSANTARA\r\n', '2017-05-29 09:20:47', 0, '2017-05-29 02:20:47', '2017-05-29 02:20:47'),
(58, '17052900019', 5, '4.00', '9000.00', '0.00', '1444000.00', '36000.00', '1480000.00', NULL, NULL, 1, 1, 'BCA - Vincent: 2791\r\nKCP NUSANTARA\r\n', '2017-05-29 09:21:03', 0, '2017-05-29 02:21:03', '2017-05-29 02:21:03'),
(59, '17052900020', 5, '5.00', '9000.00', '0.00', '1643000.00', '45000.00', '1688000.00', NULL, NULL, 1, 1, 'BCA - Vincent: 2791\r\nKCP NUSANTARA\r\n', '2017-05-29 09:25:33', 0, '2017-05-29 02:25:33', '2017-05-29 02:25:33'),
(60, '17053000001', 5, '2.00', '9000.00', '0.00', '597000.00', '18000.00', '615000.00', NULL, NULL, 1, 1, 'BCA - Vincent: 2791\r\nKCP NUSANTARA\r\n', '2017-05-30 09:40:23', 0, '2017-05-30 02:40:23', '2017-05-30 02:40:23'),
(61, '17060100001', 5, '1.00', '9000.00', '0.00', '199000.00', '9000.00', '208000.00', NULL, NULL, 1, 1, 'BCA - Vincent: 2791\r\nKCP NUSANTARA\r\n', '2017-06-01 10:44:43', 0, '2017-06-01 15:44:43', '2017-06-01 15:44:43'),
(62, '17060600001', 5, '1.00', '9000.00', '0.00', '349000.00', '9000.00', '358000.00', NULL, NULL, 2, 1, 'BCA - Vincent: 2791\r\nKCP NUSANTARA\r\n', '2017-06-06 12:08:51', 0, '2017-06-06 05:08:51', '2017-06-12 06:38:12'),
(63, '17100600002', 47, '2.00', '30000.00', '0.00', '280000.00', '60000.00', '340000.00', NULL, NULL, 1, 1, 'BCA - Vincent: 2791\r\nKCP NUSANTARA\r\n', '2017-10-06 02:29:12', 0, '2017-10-06 07:29:12', '2017-10-06 07:29:12'),
(64, '17100600003', 47, '2.00', '30000.00', '0.00', '280000.00', '60000.00', '340000.00', NULL, NULL, 1, 1, 'BCA - Vincent: 2791\r\nKCP NUSANTARA\r\n', '2017-10-06 02:53:07', 0, '2017-10-06 07:53:07', '2017-10-06 07:53:07'),
(65, '17100600004', 47, '1.00', '30000.00', '0.00', '350000.00', '30000.00', '380000.00', NULL, NULL, 1, 1, 'BCA - Vincent: 2791\r\nKCP NUSANTARA\r\n', '2017-10-06 03:06:28', 0, '2017-10-06 08:06:28', '2017-10-06 08:06:28'),
(66, '17100600005', 47, '1.00', '26000.00', '0.00', '350000.00', '26000.00', '376000.00', NULL, '12341', 4, 1, 'BCA - Vincent: 2791\r\nKCP NUSANTARA\r\n', '2017-10-06 03:36:13', 0, '2017-10-06 08:36:13', '2017-10-15 18:48:40'),
(67, '17100600006', 47, '1.00', '30000.00', '0.00', '180000.00', '30000.00', '210000.00', NULL, NULL, 4, 1, 'BCA - Vincent: 2791\r\nKCP NUSANTARA\r\n', '2017-10-06 03:57:52', 0, '2017-10-06 08:57:52', '2017-10-15 18:46:59'),
(68, '17100600007', 47, '1.00', '30000.00', '0.00', '160000.00', '30000.00', '190000.00', NULL, NULL, 4, 1, 'BCA - Vincent: 2791\r\nKCP NUSANTARA\r\n', '2017-10-06 04:07:34', 0, '2017-10-06 09:07:34', '2017-10-15 18:47:43'),
(69, '17101800001', 47, '0.00', '9000.00', '0.00', '280000.00', '0.00', '279719.00', 281, NULL, 4, 1, 'BCA - Vincent: 2791\r\nKCP NUSANTARA\r\n', '2017-10-18 01:54:01', 0, '2017-10-18 06:54:01', '2017-10-18 07:15:15'),
(70, '17101800002', 47, '1.00', '9000.00', '0.00', '350000.00', '9000.00', '358810.00', 190, NULL, 1, 1, 'BCA - Vincent: 2791\r\nKCP NUSANTARA\r\n', '2017-10-18 01:59:10', 0, '2017-10-18 06:59:10', '2017-10-18 06:59:10'),
(71, '17101800003', 47, '1.00', '9000.00', '0.00', '180000.00', '9000.00', '188813.00', 187, '1234544', 4, 1, 'BCA - Vincent: 2791\r\nKCP NUSANTARA\r\n', '2017-10-18 02:10:10', 0, '2017-10-18 07:10:10', '2017-10-18 07:16:18'),
(72, '17101900001', 47, '0.00', '9000.00', '0.00', '160000.00', '0.00', '159822.00', 178, NULL, 1, 1, 'BCA - Vincent: 2791\r\nKCP NUSANTARA\r\n', '2017-10-19 09:26:49', 0, '2017-10-19 02:26:49', '2017-10-19 02:26:49'),
(73, '17101900002', 47, '0.00', '9000.00', '0.00', '160000.00', '0.00', '159833.00', 167, NULL, 1, 1, 'BCA - Vincent: 2791\r\nKCP NUSANTARA\r\n', '2017-10-19 09:27:10', 0, '2017-10-19 02:27:10', '2017-10-19 02:27:10'),
(74, '17101900003', 47, '0.00', '9000.00', '0.00', '160000.00', '0.00', '159534.00', 466, NULL, 1, 1, 'BCA - Vincent: 2791\r\nKCP NUSANTARA\r\n', '2017-10-19 09:38:09', 0, '2017-10-19 02:38:09', '2017-10-19 02:38:09'),
(75, '17101900004', 47, '0.00', '9000.00', '0.00', '200000.00', '0.00', '199740.00', 260, NULL, 1, 1, 'BCA - Vincent: 2791\r\nKCP NUSANTARA\r\n', '2017-10-19 09:39:14', 0, '2017-10-19 02:39:14', '2017-10-19 02:39:14'),
(76, '17101900005', 47, '1.00', '9000.00', '0.00', '160000.00', '9000.00', '168771.00', 229, NULL, 1, 1, 'BCA - Vincent: 2791\r\nKCP NUSANTARA\r\n', '2017-10-19 09:53:54', 0, '2017-10-19 02:53:54', '2017-10-19 02:53:54'),
(77, '17101900006', 47, '1.00', '9000.00', '0.00', '160000.00', '9000.00', '168663.00', 337, NULL, 1, 1, 'BCA - Vincent: 2791\r\nKCP NUSANTARA\r\n', '2017-10-19 09:56:43', 0, '2017-10-19 02:56:43', '2017-10-19 02:56:43'),
(78, '17101900007', 47, '1.00', '9000.00', '0.00', '160000.00', '9000.00', '168848.00', 152, NULL, 1, 1, 'BCA - Vincent: 2791\r\nKCP NUSANTARA\r\n', '2017-10-19 09:57:00', 0, '2017-10-19 02:57:00', '2017-10-19 02:57:00'),
(79, '17101900008', 47, '1.00', '9000.00', '0.00', '160000.00', '9000.00', '168819.00', 181, NULL, 1, 1, 'BCA - Vincent: 2791\r\nKCP NUSANTARA\r\n', '2017-10-19 11:27:08', 0, '2017-10-19 04:27:08', '2017-10-19 04:27:08'),
(80, '17101900009', 47, '3.00', '9000.00', '0.00', '440000.00', '27000.00', '466772.00', 228, NULL, 1, 1, 'BCA - Vincent: 2791\r\nKCP NUSANTARA\r\n', '2017-10-19 11:30:21', 0, '2017-10-19 04:30:21', '2017-10-19 04:30:21'),
(81, '17101900010', 47, '2.00', '9000.00', '0.00', '320000.00', '18000.00', '337698.00', 302, NULL, 1, 1, 'BCA - Vincent: 2791\r\nKCP NUSANTARA\r\n', '2017-10-19 11:35:21', 0, '2017-10-19 04:35:21', '2017-10-19 04:35:21'),
(82, '17120600001', 47, '16.00', '9000.00', '0.00', '2304000.00', '144000.00', '2448000.00', NULL, NULL, 1, 1, 'BCA - No. Rek  5310-570-925\r\n', '2017-12-06 02:44:00', 0, '2017-12-06 07:44:00', '2017-12-06 07:44:00'),
(83, '17120600002', 47, '15.00', '9000.00', '0.00', '4320000.00', '135000.00', '4455000.00', NULL, NULL, 1, 1, 'BCA - No. Rek  5310-570-925\r\n', '2017-12-06 03:44:42', 0, '2017-12-06 08:44:42', '2017-12-06 08:44:42');

-- --------------------------------------------------------

--
-- Table structure for table `bkm_orderlog`
--

CREATE TABLE `bkm_orderlog` (
  `id` int(10) NOT NULL,
  `orderhd_id` int(30) DEFAULT NULL,
  `order_status_id` int(10) DEFAULT NULL,
  `notes` text,
  `upd_owner` varchar(1) DEFAULT NULL,
  `upd_by` int(10) DEFAULT NULL,
  `created_at` timestamp NULL DEFAULT '0000-00-00 00:00:00',
  `updated_at` timestamp NULL DEFAULT '0000-00-00 00:00:00' ON UPDATE CURRENT_TIMESTAMP
) ENGINE=InnoDB DEFAULT CHARSET=latin1;

--
-- Dumping data for table `bkm_orderlog`
--

INSERT INTO `bkm_orderlog` (`id`, `orderhd_id`, `order_status_id`, `notes`, `upd_owner`, `upd_by`, `created_at`, `updated_at`) VALUES
(1, 1, 1, 'Waiting Payment', 'a', 1, '0000-00-00 00:00:00', '2016-11-29 08:08:30'),
(3, 1, 2, 'test', 'a', 1, '2016-11-30 14:07:13', '2016-11-30 14:07:13'),
(4, 1, 3, 'Barang Terkirim', 'a', 1, '2016-11-30 14:14:42', '2016-11-30 14:14:42'),
(5, 1, 4, 'Barang Diterima Ganteng', 'a', 1, '2016-11-30 14:15:18', '2016-11-30 14:15:18'),
(17, 13, 1, 'Waiting Payment', 'a', 1, '2017-03-29 08:12:58', '2017-03-29 08:12:58'),
(18, 19, 1, 'Waiting Payment', 'a', 1, '2017-03-29 09:45:56', '2017-03-29 09:45:56'),
(19, 20, 1, 'Waiting Payment', 'a', 1, '2017-03-29 09:48:12', '2017-03-29 09:48:12'),
(20, 21, 1, 'Waiting Payment', 'a', 1, '2017-03-29 09:48:26', '2017-03-29 09:48:26'),
(21, 22, 1, 'Waiting Payment', 'a', 1, '2017-03-30 08:06:24', '2017-03-30 08:06:24'),
(22, 22, 2, '', 'a', 1, '2017-03-30 09:04:00', '2017-03-30 09:04:00'),
(23, 24, 1, 'Waiting Payment', 'a', 1, '2017-04-02 14:20:59', '2017-04-02 14:20:59'),
(24, 24, 2, '', 'a', 1, '2017-04-02 14:34:02', '2017-04-02 14:34:02'),
(25, 25, 1, 'Waiting Payment', 'a', 1, '2017-04-02 14:34:56', '2017-04-02 14:34:56'),
(26, 26, 1, 'Waiting Payment', 'a', 1, '2017-04-02 14:42:18', '2017-04-02 14:42:18'),
(27, 27, 1, 'Waiting Payment', 'a', 1, '2017-04-02 14:45:11', '2017-04-02 14:45:11'),
(28, 28, 1, 'Waiting Payment', 'a', 1, '2017-04-02 14:51:43', '2017-04-02 14:51:43'),
(29, 29, 1, 'Waiting Payment', 'a', 1, '2017-04-02 14:53:55', '2017-04-02 14:53:55'),
(30, 30, 1, 'Waiting Payment', 'a', 1, '2017-04-06 16:38:22', '2017-04-06 16:38:22'),
(31, 31, 1, 'Waiting Payment', 'a', 1, '2017-04-06 16:43:34', '2017-04-06 16:43:34'),
(32, 32, 1, 'Waiting Payment', 'a', 1, '2017-04-12 01:50:19', '2017-04-12 01:50:19'),
(33, 33, 1, 'Waiting Payment', 'a', 1, '2017-04-18 02:34:05', '2017-04-18 02:34:05'),
(34, 34, 1, 'Waiting Payment', 'a', 1, '2017-04-21 03:09:13', '2017-04-21 03:09:13'),
(35, 35, 1, 'Waiting Payment', 'a', 1, '2017-04-21 03:12:27', '2017-04-21 03:12:27'),
(36, 36, 1, 'Waiting Payment', 'a', 1, '2017-04-21 03:13:25', '2017-04-21 03:13:25'),
(37, 37, 1, 'Waiting Payment', 'a', 1, '2017-04-21 03:15:37', '2017-04-21 03:15:37'),
(38, 38, 1, 'Waiting Payment', 'a', 1, '2017-04-21 03:18:13', '2017-04-21 03:18:13'),
(39, 39, 1, 'Waiting Payment', 'a', 1, '2017-04-21 03:21:17', '2017-04-21 03:21:17'),
(40, 59, 1, 'Waiting Payment', 'a', 1, '2017-05-29 02:25:33', '2017-05-29 02:25:33'),
(41, 60, 1, 'Waiting Payment', 'a', 1, '2017-05-30 02:40:23', '2017-05-30 02:40:23'),
(42, 61, 1, 'Waiting Payment', 'a', 1, '2017-06-01 15:44:43', '2017-06-01 15:44:43'),
(43, 62, 1, 'Waiting Payment', 'a', 1, '2017-06-06 05:08:51', '2017-06-06 05:08:51'),
(44, 62, 20, 'Confirm Payment', NULL, NULL, '2017-06-06 05:08:51', '2017-06-12 06:25:00'),
(45, 62, 2, 'payment accepted', 'a', 1, '2017-06-12 06:38:12', '2017-06-12 06:38:12'),
(46, 63, 1, 'Waiting Payment', 'a', 1, '2017-10-06 07:29:12', '2017-10-06 07:29:12'),
(47, 64, 1, 'Waiting Payment', 'a', 1, '2017-10-06 07:53:07', '2017-10-06 07:53:07'),
(48, 65, 1, 'Waiting Payment', 'a', 1, '2017-10-06 08:06:28', '2017-10-06 08:06:28'),
(49, 66, 1, 'Waiting Payment', 'a', 1, '2017-10-06 08:36:14', '2017-10-06 08:36:14'),
(50, 67, 1, 'Waiting Payment', 'a', 1, '2017-10-06 08:57:52', '2017-10-06 08:57:52'),
(51, 67, 20, 'Confirm Payment', '', 0, '2017-10-06 09:02:14', '2017-10-06 09:02:14'),
(52, 68, 1, 'Waiting Payment', 'a', 1, '2017-10-06 09:07:34', '2017-10-06 09:07:34'),
(53, 67, 2, '', 'a', 1, '2017-10-15 18:46:48', '2017-10-15 18:46:48'),
(54, 67, 4, '', 'a', 1, '2017-10-15 18:46:59', '2017-10-15 18:46:59'),
(55, 68, 2, '', 'a', 1, '2017-10-15 18:47:32', '2017-10-15 18:47:32'),
(56, 68, 4, '', 'a', 1, '2017-10-15 18:47:43', '2017-10-15 18:47:43'),
(57, 66, 2, '', 'a', 1, '2017-10-15 18:48:11', '2017-10-15 18:48:11'),
(58, 66, 3, '', 'a', 1, '2017-10-15 18:48:32', '2017-10-15 18:48:32'),
(59, 66, 4, '', 'a', 1, '2017-10-15 18:48:40', '2017-10-15 18:48:40'),
(60, 69, 1, 'Waiting Payment', 'a', 1, '2017-10-18 06:54:01', '2017-10-18 06:54:01'),
(61, 70, 1, 'Waiting Payment', 'a', 1, '2017-10-18 06:59:11', '2017-10-18 06:59:11'),
(62, 71, 1, 'Waiting Payment', 'a', 1, '2017-10-18 07:10:11', '2017-10-18 07:10:11'),
(63, 69, 2, '', 'a', 1, '2017-10-18 07:15:04', '2017-10-18 07:15:04'),
(64, 69, 4, '', 'a', 1, '2017-10-18 07:15:15', '2017-10-18 07:15:15'),
(65, 71, 2, '', 'a', 1, '2017-10-18 07:16:00', '2017-10-18 07:16:00'),
(66, 71, 3, '', 'a', 1, '2017-10-18 07:16:12', '2017-10-18 07:16:12'),
(67, 71, 4, '', 'a', 1, '2017-10-18 07:16:18', '2017-10-18 07:16:18'),
(68, 73, 1, 'Waiting Payment', 'a', 1, '2017-10-19 02:27:10', '2017-10-19 02:27:10'),
(69, 74, 1, 'Waiting Payment', 'a', 1, '2017-10-19 02:38:09', '2017-10-19 02:38:09'),
(70, 75, 1, 'Waiting Payment', 'a', 1, '2017-10-19 02:39:15', '2017-10-19 02:39:15'),
(71, 76, 1, 'Waiting Payment', 'a', 1, '2017-10-19 02:53:54', '2017-10-19 02:53:54'),
(72, 78, 1, 'Waiting Payment', 'a', 1, '2017-10-19 02:57:00', '2017-10-19 02:57:00'),
(73, 79, 1, 'Waiting Payment', 'a', 1, '2017-10-19 04:27:08', '2017-10-19 04:27:08'),
(74, 80, 1, 'Waiting Payment', 'a', 1, '2017-10-19 04:30:21', '2017-10-19 04:30:21'),
(75, 81, 1, 'Waiting Payment', 'a', 1, '2017-10-19 04:35:21', '2017-10-19 04:35:21'),
(76, 82, 1, 'Waiting Payment', 'a', 1, '2017-12-06 07:44:00', '2017-12-06 07:44:00'),
(77, 83, 1, 'Waiting Payment', 'a', 1, '2017-12-06 08:44:42', '2017-12-06 08:44:42');

-- --------------------------------------------------------

--
-- Table structure for table `bkm_orderlogstock`
--

CREATE TABLE `bkm_orderlogstock` (
  `id` int(10) NOT NULL,
  `orderdt_id` int(30) DEFAULT NULL,
  `action` varchar(10) DEFAULT NULL COMMENT 'hold\r\nsold\r\nreturn',
  `value` varchar(10) DEFAULT NULL,
  `created_at` timestamp NULL DEFAULT '0000-00-00 00:00:00',
  `updated_at` timestamp NULL DEFAULT '0000-00-00 00:00:00' ON UPDATE CURRENT_TIMESTAMP
) ENGINE=InnoDB DEFAULT CHARSET=latin1;

--
-- Dumping data for table `bkm_orderlogstock`
--

INSERT INTO `bkm_orderlogstock` (`id`, `orderdt_id`, `action`, `value`, `created_at`, `updated_at`) VALUES
(1, 1, 'hold', '2', '0000-00-00 00:00:00', '2016-11-27 08:45:33'),
(2, 2, 'hold', '5', '0000-00-00 00:00:00', '0000-00-00 00:00:00'),
(5, 1, 'sold', '2', '2016-11-30 14:14:42', '2016-11-30 14:14:42'),
(6, 2, 'sold', '5', '2016-11-30 14:14:42', '2016-11-30 14:14:42'),
(28, 24, 'hold', '1', '2017-03-29 08:12:58', '2017-03-29 08:12:58'),
(29, 25, 'hold', '1', '2017-03-29 09:45:56', '2017-03-29 09:45:56'),
(30, 26, 'hold', '1', '2017-03-29 09:45:56', '2017-03-29 09:45:56'),
(31, 27, 'hold', '1', '2017-03-29 09:48:12', '2017-03-29 09:48:12'),
(32, 28, 'hold', '1', '2017-03-29 09:48:12', '2017-03-29 09:48:12'),
(33, 29, 'hold', '1', '2017-03-29 09:48:26', '2017-03-29 09:48:26'),
(34, 30, 'hold', '1', '2017-03-29 09:48:26', '2017-03-29 09:48:26'),
(35, 31, 'hold', '1', '2017-03-30 08:06:24', '2017-03-30 08:06:24'),
(36, 32, 'hold', '1', '2017-04-02 14:20:59', '2017-04-02 14:20:59'),
(37, 33, 'hold', '1', '2017-04-02 14:20:59', '2017-04-02 14:20:59'),
(38, 34, 'hold', '1', '2017-04-02 14:20:59', '2017-04-02 14:20:59'),
(39, 35, 'hold', '1', '2017-04-02 14:34:56', '2017-04-02 14:34:56'),
(40, 36, 'hold', '1', '2017-04-02 14:34:56', '2017-04-02 14:34:56'),
(41, 37, 'hold', '1', '2017-04-02 14:34:56', '2017-04-02 14:34:56'),
(42, 38, 'hold', '1', '2017-04-02 14:42:17', '2017-04-02 14:42:17'),
(43, 39, 'hold', '1', '2017-04-02 14:42:17', '2017-04-02 14:42:17'),
(44, 40, 'hold', '1', '2017-04-02 14:42:18', '2017-04-02 14:42:18'),
(45, 41, 'hold', '1', '2017-04-02 14:45:11', '2017-04-02 14:45:11'),
(46, 42, 'hold', '1', '2017-04-02 14:45:11', '2017-04-02 14:45:11'),
(47, 43, 'hold', '1', '2017-04-02 14:45:11', '2017-04-02 14:45:11'),
(48, 44, 'hold', '1', '2017-04-02 14:51:42', '2017-04-02 14:51:42'),
(49, 45, 'hold', '1', '2017-04-02 14:51:42', '2017-04-02 14:51:42'),
(50, 46, 'hold', '1', '2017-04-02 14:51:43', '2017-04-02 14:51:43'),
(51, 47, 'hold', '1', '2017-04-02 14:53:55', '2017-04-02 14:53:55'),
(52, 48, 'hold', '1', '2017-04-02 14:53:55', '2017-04-02 14:53:55'),
(53, 49, 'hold', '1', '2017-04-02 14:53:55', '2017-04-02 14:53:55'),
(54, 50, 'hold', '1', '2017-04-06 16:38:22', '2017-04-06 16:38:22'),
(55, 51, 'hold', '1', '2017-04-06 16:38:22', '2017-04-06 16:38:22'),
(56, 52, 'hold', '1', '2017-04-06 16:43:34', '2017-04-06 16:43:34'),
(57, 53, 'hold', '2', '2017-04-06 16:43:34', '2017-04-06 16:43:34'),
(58, 54, 'hold', '1', '2017-04-12 01:50:19', '2017-04-12 01:50:19'),
(59, 55, 'hold', '1', '2017-04-12 01:50:19', '2017-04-12 01:50:19'),
(60, 56, 'hold', '1', '2017-04-18 02:34:05', '2017-04-18 02:34:05'),
(61, 57, 'hold', '1', '2017-04-21 03:09:13', '2017-04-21 03:09:13'),
(62, 58, 'hold', '1', '2017-04-21 03:12:27', '2017-04-21 03:12:27'),
(63, 59, 'hold', '1', '2017-04-21 03:13:25', '2017-04-21 03:13:25'),
(64, 60, 'hold', '1', '2017-04-21 03:15:37', '2017-04-21 03:15:37'),
(65, 61, 'hold', '1', '2017-04-21 03:18:13', '2017-04-21 03:18:13'),
(66, 62, 'hold', '1', '2017-04-21 03:21:17', '2017-04-21 03:21:17'),
(67, 63, 'hold', '1', '2017-05-29 02:25:33', '2017-05-29 02:25:33'),
(68, 64, 'hold', '1', '2017-05-29 02:25:33', '2017-05-29 02:25:33'),
(69, 65, 'hold', '1', '2017-05-29 02:25:33', '2017-05-29 02:25:33'),
(70, 66, 'hold', '2', '2017-05-29 02:25:33', '2017-05-29 02:25:33'),
(71, 67, 'hold', '1', '2017-05-29 02:25:33', '2017-05-29 02:25:33'),
(72, 68, 'hold', '1', '2017-05-29 02:25:33', '2017-05-29 02:25:33'),
(73, 69, 'hold', '1', '2017-05-30 02:40:23', '2017-05-30 02:40:23'),
(74, 70, 'hold', '2', '2017-05-30 02:40:23', '2017-05-30 02:40:23'),
(75, 71, 'hold', '1', '2017-06-01 15:44:43', '2017-06-01 15:44:43'),
(76, 72, 'hold', '1', '2017-06-06 05:08:51', '2017-06-06 05:08:51'),
(77, 73, 'hold', '1', '2017-10-06 07:29:12', '2017-10-06 07:29:12'),
(78, 74, 'hold', '1', '2017-10-06 07:53:07', '2017-10-06 07:53:07'),
(79, 75, 'hold', '1', '2017-10-06 08:06:28', '2017-10-06 08:06:28'),
(80, 76, 'hold', '1', '2017-10-06 08:36:14', '2017-10-06 08:36:14'),
(81, 77, 'hold', '1', '2017-10-06 08:57:52', '2017-10-06 08:57:52'),
(82, 78, 'hold', '1', '2017-10-06 09:07:34', '2017-10-06 09:07:34'),
(83, 76, 'sold', '1', '2017-10-15 18:48:32', '2017-10-15 18:48:32'),
(84, 79, 'hold', '1', '2017-10-18 06:54:01', '2017-10-18 06:54:01'),
(85, 80, 'hold', '1', '2017-10-18 06:59:11', '2017-10-18 06:59:11'),
(86, 81, 'hold', '1', '2017-10-18 07:10:11', '2017-10-18 07:10:11'),
(87, 81, 'sold', '1', '2017-10-18 07:16:12', '2017-10-18 07:16:12'),
(88, 82, 'hold', '1', '2017-10-19 02:27:10', '2017-10-19 02:27:10'),
(89, 83, 'hold', '1', '2017-10-19 02:38:09', '2017-10-19 02:38:09'),
(90, 84, 'hold', '1', '2017-10-19 02:39:15', '2017-10-19 02:39:15'),
(91, 85, 'hold', '1', '2017-10-19 02:53:54', '2017-10-19 02:53:54'),
(92, 86, 'hold', '1', '2017-10-19 02:57:00', '2017-10-19 02:57:00'),
(93, 87, 'hold', '1', '2017-10-19 04:27:08', '2017-10-19 04:27:08'),
(94, 88, 'hold', '3', '2017-10-19 04:27:08', '2017-10-19 04:27:08'),
(95, 89, 'hold', '1', '2017-10-19 04:30:21', '2017-10-19 04:30:21'),
(96, 90, 'hold', '1', '2017-10-19 04:30:21', '2017-10-19 04:30:21'),
(97, 91, 'hold', '1', '2017-10-19 04:35:21', '2017-10-19 04:35:21'),
(98, 92, 'hold', '1', '2017-10-19 04:35:21', '2017-10-19 04:35:21'),
(99, 93, 'hold', '16', '2017-12-06 07:44:00', '2017-12-06 07:44:00'),
(100, 94, 'hold', '15', '2017-12-06 08:44:42', '2017-12-06 08:44:42');

-- --------------------------------------------------------

--
-- Table structure for table `bkm_orderstatus`
--

CREATE TABLE `bkm_orderstatus` (
  `id` int(10) NOT NULL,
  `order_status_name` varchar(100) DEFAULT NULL,
  `subject` varchar(100) DEFAULT NULL,
  `title` varchar(100) DEFAULT NULL,
  `email_admin` text,
  `phone_admin` text,
  `status_email_cust` varchar(1) DEFAULT NULL,
  `status_sms_cust` varchar(1) DEFAULT NULL,
  `status_email_admin` varchar(1) DEFAULT NULL,
  `status_sms_admin` varchar(1) DEFAULT NULL,
  `email_cust_content` text,
  `sms_cust_content` text,
  `email_admin_content` text,
  `sms_admin_content` text,
  `order` int(11) DEFAULT NULL,
  `upd_by` int(10) DEFAULT NULL,
  `created_at` timestamp NULL DEFAULT '0000-00-00 00:00:00',
  `updated_at` timestamp NULL DEFAULT '0000-00-00 00:00:00' ON UPDATE CURRENT_TIMESTAMP
) ENGINE=InnoDB DEFAULT CHARSET=latin1;

--
-- Dumping data for table `bkm_orderstatus`
--

INSERT INTO `bkm_orderstatus` (`id`, `order_status_name`, `subject`, `title`, `email_admin`, `phone_admin`, `status_email_cust`, `status_sms_cust`, `status_email_admin`, `status_sms_admin`, `email_cust_content`, `sms_cust_content`, `email_admin_content`, `sms_admin_content`, `order`, `upd_by`, `created_at`, `updated_at`) VALUES
(1, 'New Order', 'New Order #id', 'New Order #id', 'testdevlop203@gmail.com', '083873066171', 'y', 'y', 'y', 'y', '<p>Hi #cust_name,</p>\r\n<p>Thanks For Buying from US, This is Your Order Detail.&nbsp;</p>', NULL, '<p>Hi, There is new Order From Customer.</p>\r\n<p>Please Check IT out.</p>\r\n<p>&nbsp;</p>', NULL, 99999, 1, '0000-00-00 00:00:00', '2017-06-16 04:59:13'),
(2, 'Payment Accepted', 'Payment Accepted #id', 'Payment Accepted #id', 'testdevlop203@gmail.com', NULL, 'y', 'n', 'y', 'n', '<p>Hi #cust_name,</p>\r\n<p>Terima kasih sudah melakukan konfirmasi pembayaran.</p>\r\n<p>kami akan segera memproses Pengiriman Barang anda</p>\r\n<p>&nbsp;</p>', NULL, '<p>Hi, Salah Satu Customer Anda melakukan Konfirmasi Pembayaran</p>', NULL, 99999, 1, '0000-00-00 00:00:00', '2017-06-16 04:59:15'),
(3, 'Order Shipped', 'Order Shipped #id', 'Order Shipped #id', 'testdevlop203@gmail.com', '083873066171', 'y', 'y', 'y', 'n', '<p>Barang udah kami kirim yak</p>', 'Hi, Order #id sudah kami kirim dengan tracking code #tracking_code dan total #total. Mohon di cek ya', '<p>Barang udah di sedot</p>', NULL, 99999, 1, '0000-00-00 00:00:00', '2017-06-16 04:59:16'),
(4, 'Completed', 'Order Completed #id', 'Order Completed #id', 'testdevlop203@gmail.com', NULL, 'y', 'n', 'y', 'n', '<p>Order Selesai</p>', NULL, '<p>Order Selesai</p>', NULL, 99999, 1, '0000-00-00 00:00:00', '2017-06-16 04:59:18'),
(11, 'Order Cancelled', 'Order Canceled #id', 'Order Canceled #id', 'testdevlop203@gmail.com', NULL, 'y', 'n', 'y', 'n', '<p>Order Dibatalkan</p>', NULL, '<p>Order Dibatalkan</p>', NULL, 99999, 1, '0000-00-00 00:00:00', '2017-06-16 04:59:20'),
(20, 'Payment Confirmation', 'Payment Order #id', 'Confirmation Order #id', 'testdevlop203@gmail.com', NULL, 'y', 'n', 'y', 'n', '<p>Hi,</p>\r\n<p>Thank you for confirm your order.</p>\r\n<p>Order Id: #id</p>\r\n<p>Bank Destination: #bank_destination</p>\r\n<p>Account Holder Name: #account_holder</p>\r\n<p>Amount: #amount</p>\r\n<p>Notes: #notes</p>\r\n<p>Payment Date: #payment_date</p>\r\n<p>&nbsp;</p>\r\n<p>We will check your order soon.</p>', NULL, '<p>Hi,</p>\r\n<p>There are new confirmation for order #id</p>\r\n<p>&nbsp;</p>\r\n<p>Order Id: #id</p>\r\n<p>Bank Destination: #bank_destination</p>\r\n<p>Account Holder Name: #account_holder</p>\r\n<p>Amount: #amount</p>\r\n<p>Notes: #notes</p>\r\n<p>Payment Date: #payment_date</p>\r\n<p>&nbsp;</p>\r\n<p>Please check the order</p>', NULL, 99999, 1, '0000-00-00 00:00:00', '2017-06-16 04:59:22'),
(30, 'Registration', 'Registration', 'Thank You For Registering', 'testdevlop203@gmail.com', NULL, 'y', 'n', 'n', 'n', '<p>Dear #cust_name<br /><br />Thank you for creating your New Account at Waku. <br /><br />Your account details are as follow:<br />Email Address: #cust_email<br />Password: #cust_password</p>', NULL, '', NULL, 99999, 1, '0000-00-00 00:00:00', '2017-06-16 04:59:24'),
(31, 'Contact Us', 'Contact Us', 'Contact', 'testdevlop203@gmail.com', NULL, 'y', 'n', 'y', 'n', '<p>Hi #contact_name,</p>\r\n<p>Thank you for contact us, We will reply you soon.</p>', NULL, '<p>Hi,</p>\r\n<p>There are new email for you. Check it Out:</p>\r\n<p>Name: #contact_name</p>\r\n<p>Email: #contact_email</p>\r\n<p>Subject: #contact_subject</p>\r\n<p>Message: #contact_message</p>\r\n<p>&nbsp;</p>\r\n<p>Please Reply Soon.</p>', NULL, 99999, 1, '0000-00-00 00:00:00', '2017-06-16 04:59:25'),
(32, 'Forgot Password', 'Forgot Password', 'Forgot Password', 'testdevlop203@gmail.com', NULL, 'y', 'n', 'n', 'n', '<p>Hi, #cust_name,</p>\r\n<p>For reset your password, please clink links below :</p>\r\n<p>#link</p>\r\n<p>&nbsp;</p>\r\n<p>If you Have more problems, Feel free to contact us with email www.wakuindonesia@gmail.com</p>', NULL, NULL, NULL, NULL, 1, '0000-00-00 00:00:00', '2017-06-16 04:59:27');

-- --------------------------------------------------------

--
-- Table structure for table `bkm_ordervoucher`
--

CREATE TABLE `bkm_ordervoucher` (
  `id` int(10) NOT NULL,
  `orderhd_id` int(30) DEFAULT NULL,
  `voucher_code` varchar(100) DEFAULT NULL,
  `type` varchar(1) DEFAULT NULL,
  `amount` int(20) DEFAULT NULL,
  `free_shipping_status` varchar(1) DEFAULT NULL,
  `created_at` timestamp NULL DEFAULT '0000-00-00 00:00:00',
  `updated_at` timestamp NULL DEFAULT '0000-00-00 00:00:00' ON UPDATE CURRENT_TIMESTAMP
) ENGINE=InnoDB DEFAULT CHARSET=latin1;

--
-- Dumping data for table `bkm_ordervoucher`
--

INSERT INTO `bkm_ordervoucher` (`id`, `orderhd_id`, `voucher_code`, `type`, `amount`, `free_shipping_status`, `created_at`, `updated_at`) VALUES
(1, 1, '123', 'v', 100000, 'n', '0000-00-00 00:00:00', '0000-00-00 00:00:00'),
(2, 14, '117317', 'p', 90, 'n', '2017-03-29 09:32:02', '2017-03-29 09:32:02'),
(3, 15, '117317', 'p', 90, 'n', '2017-03-29 09:32:35', '2017-03-29 09:32:35'),
(4, 16, '117317', 'p', 90, 'n', '2017-03-29 09:34:02', '2017-03-29 09:34:02'),
(5, 17, '117317', 'p', 90, 'n', '2017-03-29 09:35:12', '2017-03-29 09:35:12'),
(6, 18, '117317', 'p', 90, 'n', '2017-03-29 09:37:07', '2017-03-29 09:37:07');

-- --------------------------------------------------------

--
-- Table structure for table `bkm_pages`
--

CREATE TABLE `bkm_pages` (
  `id` int(11) NOT NULL,
  `header` varchar(50) DEFAULT NULL,
  `pages_name` varchar(100) DEFAULT NULL,
  `pages_name_alias` varchar(200) DEFAULT NULL,
  `content` text,
  `meta_title` varchar(50) DEFAULT NULL,
  `meta_description` text,
  `meta_keywords` text,
  `image` varchar(100) DEFAULT NULL,
  `status` varchar(1) DEFAULT NULL,
  `order` int(10) DEFAULT NULL,
  `upd_by` int(10) DEFAULT NULL,
  `created_at` timestamp NULL DEFAULT '0000-00-00 00:00:00',
  `updated_at` timestamp NULL DEFAULT '0000-00-00 00:00:00' ON UPDATE CURRENT_TIMESTAMP
) ENGINE=InnoDB DEFAULT CHARSET=latin1;

--
-- Dumping data for table `bkm_pages`
--

INSERT INTO `bkm_pages` (`id`, `header`, `pages_name`, `pages_name_alias`, `content`, `meta_title`, `meta_description`, `meta_keywords`, `image`, `status`, `order`, `upd_by`, `created_at`, `updated_at`) VALUES
(2, 'pages', 'Aksesoris', 'aksesoris', '', '', '', '', NULL, 'y', 2, 1, '2017-11-01 08:25:26', '2017-11-07 03:22:59'),
(3, 'pages', 'Tentang Kami', 'tentang-kami', '', '', '', '', NULL, 'y', 3, 1, '2017-11-01 08:25:38', '2017-11-07 03:23:02'),
(4, 'pages', 'Informasi', 'informasi', '', '', '', '', NULL, 'y', 4, 1, '2017-11-01 08:25:49', '2017-11-07 03:23:04'),
(5, 'pages', 'Cara Beli', 'cara-beli', '', '', '', '', NULL, 'y', 5, 1, '2017-11-01 08:26:13', '2017-11-07 03:23:06'),
(6, 'pages', 'Kontak Kami', 'kontak-kami', '', '', '', '', NULL, 'y', 6, 1, '2017-11-01 08:26:24', '2017-11-07 03:23:08');

-- --------------------------------------------------------

--
-- Table structure for table `bkm_password_resets`
--

CREATE TABLE `bkm_password_resets` (
  `email` varchar(255) COLLATE utf8_unicode_ci NOT NULL,
  `token` varchar(255) COLLATE utf8_unicode_ci NOT NULL,
  `count` int(1) NOT NULL,
  `created_at` timestamp NOT NULL DEFAULT CURRENT_TIMESTAMP ON UPDATE CURRENT_TIMESTAMP
) ENGINE=InnoDB DEFAULT CHARSET=utf8 COLLATE=utf8_unicode_ci;

--
-- Dumping data for table `bkm_password_resets`
--

INSERT INTO `bkm_password_resets` (`email`, `token`, `count`, `created_at`) VALUES
('fandi@gmail.com', 'QKOUXSn9rdFEAmP', 0, '2017-10-03 09:33:05'),
('hinata@gmail.com', '48zeXmbNG1djsDa', 0, '2017-04-24 15:34:41'),
('hinata@gmail.com', '8vnQsYiWc12top7', 0, '2017-04-20 16:48:38'),
('hinata@gmail.com', 'C6H8EYeiPwnQRlz', 0, '2017-04-20 16:50:10'),
('hinata@gmail.com', 'MDY52HN81kqFebs', 0, '2017-04-20 16:50:48');

-- --------------------------------------------------------

--
-- Table structure for table `bkm_payment_method`
--

CREATE TABLE `bkm_payment_method` (
  `id` int(11) NOT NULL,
  `payment_method_name` varchar(100) DEFAULT NULL,
  `type` varchar(30) DEFAULT NULL,
  `image` varchar(100) DEFAULT NULL,
  `description` text,
  `status` varchar(1) DEFAULT NULL,
  `order` int(10) DEFAULT NULL,
  `upd_by` int(10) DEFAULT NULL,
  `created_at` timestamp NULL DEFAULT '0000-00-00 00:00:00',
  `updated_at` timestamp NULL DEFAULT '0000-00-00 00:00:00' ON UPDATE CURRENT_TIMESTAMP
) ENGINE=InnoDB DEFAULT CHARSET=latin1;

--
-- Dumping data for table `bkm_payment_method`
--

INSERT INTO `bkm_payment_method` (`id`, `payment_method_name`, `type`, `image`, `description`, `status`, `order`, `upd_by`, `created_at`, `updated_at`) VALUES
(1, 'Bank Transfer', '1', '7jWp2V_banktransfer1.jpg', NULL, 'y', 1, 1, '0000-00-00 00:00:00', '2016-12-02 15:44:10');

-- --------------------------------------------------------

--
-- Table structure for table `bkm_popup`
--

CREATE TABLE `bkm_popup` (
  `id` int(11) NOT NULL,
  `popup_name` varchar(100) DEFAULT NULL,
  `url` text,
  `image` varchar(100) DEFAULT NULL,
  `valid_from` datetime DEFAULT NULL,
  `valid_to` datetime DEFAULT NULL,
  `status` varchar(1) DEFAULT NULL,
  `upd_by` int(10) DEFAULT NULL,
  `created_at` timestamp NULL DEFAULT '0000-00-00 00:00:00',
  `updated_at` timestamp NULL DEFAULT '0000-00-00 00:00:00' ON UPDATE CURRENT_TIMESTAMP
) ENGINE=InnoDB DEFAULT CHARSET=latin1;

--
-- Dumping data for table `bkm_popup`
--

INSERT INTO `bkm_popup` (`id`, `popup_name`, `url`, `image`, `valid_from`, `valid_to`, `status`, `upd_by`, `created_at`, `updated_at`) VALUES
(1, 'Hamba', 'www.bookme.co.id', 'ArMwai_2.jpg', '2016-05-11 10:30:16', '2016-06-25 18:50:44', 'y', 1, '2016-05-24 13:53:14', '2016-10-30 11:00:28');

-- --------------------------------------------------------

--
-- Table structure for table `bkm_post`
--

CREATE TABLE `bkm_post` (
  `id` int(11) NOT NULL,
  `category_id` int(10) DEFAULT NULL,
  `post_name` varchar(100) DEFAULT NULL,
  `post_name_alias` varchar(200) DEFAULT NULL,
  `description` varchar(100) DEFAULT NULL,
  `content` text,
  `thumbnail` varchar(100) DEFAULT NULL,
  `meta_title` varchar(100) DEFAULT NULL,
  `meta_description` text,
  `meta_keywords` varchar(150) DEFAULT NULL,
  `view` int(10) DEFAULT '0',
  `status` varchar(1) DEFAULT NULL,
  `publish_date` datetime DEFAULT NULL,
  `upd_by` int(10) DEFAULT NULL,
  `created_at` timestamp NULL DEFAULT '0000-00-00 00:00:00',
  `updated_at` timestamp NOT NULL DEFAULT '0000-00-00 00:00:00' ON UPDATE CURRENT_TIMESTAMP
) ENGINE=InnoDB DEFAULT CHARSET=latin1;

--
-- Dumping data for table `bkm_post`
--

INSERT INTO `bkm_post` (`id`, `category_id`, `post_name`, `post_name_alias`, `description`, `content`, `thumbnail`, `meta_title`, `meta_description`, `meta_keywords`, `view`, `status`, `publish_date`, `upd_by`, `created_at`, `updated_at`) VALUES
(1, 2, 'Alasan Pertama', 'Alasan-Pertama', 'alasan pertama di home', '<p>Kenapa sih harus pilih intrac</p>\r\n<p>accesories dan mengapa harus</p>\r\n<p>beli disini</p>', '', '', '', '', 0, 'y', '2017-11-01 15:51:11', 1, '2017-11-01 08:51:11', '2017-11-01 09:17:11'),
(2, 2, 'Alasan Kedua', 'Alasan-Kedua', 'alasan kedua di home', '<p>Kenapa sih harus pilih intrac</p>\r\n<p>accesories dan mengapa harus</p>\r\n<p>beli disini</p>', '', '', '', '', 0, 'y', '2017-11-01 15:51:48', 1, '2017-11-01 08:51:48', '2017-11-01 09:17:21'),
(3, 2, 'Alasan Ketiga', 'Alasan-Ketiga', 'alasan ketiga di home', '<p>Kenapa sih harus pilih intrac</p>\r\n<p>accesories dan mengapa harus</p>\r\n<p>beli disini</p>', '', '', '', '', 0, 'y', '2017-11-01 15:52:13', 1, '2017-11-01 08:52:13', '2017-11-01 09:17:29'),
(4, 3, 'Testimoni 1', 'Testimoni-1', 'Tempered Glass Asus Zenfone 2', '<p class="center" style="text-align: center;"><strong>Bella</strong>&nbsp;ditulis di Agustus 20</p>\r\n<p class="center" style="text-align: center;"><strong>Mudah, aman dan cepat pengirimannnya</strong></p>\r\n<p style="text-align: center;"><img src="/ts_intrac/components/front/images/product/1/3MS7VG_product_detail.jpg" width="157" height="150" />&nbsp;</p>', 'mS95Cf_testi1.jpg', '', '', '', 0, 'y', '2017-11-03 13:41:23', 1, '2017-11-03 06:41:23', '2017-11-03 07:04:27'),
(5, 3, 'Testimoni 2', 'Testimoni-2', 'Tempered Glass Asus Zenfone 2', '<p class="center" style="text-align: center;"><strong>Bella</strong>&nbsp;ditulis di Agustus 20</p>\r\n<p class="center" style="text-align: center;"><strong>Mudah, aman dan cepat pengirimannnya</strong></p>\r\n<p style="text-align: center;"><img src="/ts_intrac/components/front/images/product/1/7oKXP4_product2.jpg" width="150" height="150" /></p>', 'cqI6E7_testi1.jpg', '', '', '', 0, 'y', '2017-11-03 13:44:49', 1, '2017-11-03 06:44:49', '2017-11-03 07:01:32'),
(6, 3, 'Testimoni 3', 'Testimoni-3', 'Tempered Glass Asus Zenfone 2', '<p class="center" style="text-align: center;"><strong>Bella</strong>&nbsp;ditulis di Agustus 20</p>\r\n<p class="center" style="text-align: center;"><strong>Mudah, aman dan cepat pengirimannnya</strong></p>\r\n<p style="text-align: center;"><img src="/ts_intrac/components/front/images/product/1/3MS7VG_product_detail.jpg" width="157" height="150" /></p>', 'S2fqEe_testi1.jpg', '', '', '', 0, 'y', '2017-11-03 13:48:02', 1, '2017-11-03 06:48:02', '2017-11-03 07:01:41'),
(7, 8, 'Transaksi', 'Transaksi', NULL, '<p>Lorem ipsum dolor sit amet, consectetur adipiscing elit. Ut sed aliquam metus. Vivamus at sem nunc. Curabitur pretium sapien sapien. Sed vehicula nisi nulla, eu blandit lectus eleifend vel. Suspendisse ut lobortis odio. Praesent ornare imperdiet purus a egestas. Fusce congue, lorem eget aliquam finibus, nunc mauris lacinia magna, vel placerat tortor purus vel ipsum. Donec malesuada sapien tincidunt nisi rhoncus tempus. Interdum et malesuada fames ac ante ipsum primis in faucibus. Suspendisse posuere ornare condimentum.</p>', '', '', '', '', 0, 'y', '2017-12-05 11:26:19', 1, '2017-12-05 04:26:19', '2017-12-05 04:26:19'),
(8, 8, 'Tentang Produk', 'Tentang-Produk', NULL, '<p>Harga dinamis</p>\r\n<p>Harga produk di Intrac.com berubah setiap waktunya mengikuti perubahan harga pasar. Harga yang valid dan akan kami proses pengirimannya adalah harga yang tertera di website Intrac.com pada saat transaksi dilakukan. Kami tidak pernah melakukan refund ataupun menagih penambahan harga akibat perubahan harga yang terjadi setelah transaksi selesai.</p>\r\n<p>Informasi Produk</p>', '', '', '', '', 0, 'y', '2017-12-05 11:27:13', 1, '2017-12-05 04:27:13', '2017-12-05 04:27:13'),
(9, 8, 'Fitur Web', 'Fitur-Web', NULL, '<p>Lorem ipsum dolor sit amet, consectetur adipiscing elit. Ut sed aliquam metus. Vivamus at sem nunc. Curabitur pretium sapien sapien. Sed vehicula nisi nulla, eu blandit lectus eleifend vel.</p>\r\n<p>Suspendisse ut lobortis odio. Praesent ornare imperdiet purus a egestas. Fusce congue, lorem eget aliquam finibus, nunc mauris lacinia magna, vel placerat tortor purus vel ipsum. Donec malesuada sapien tincidunt nisi rhoncus tempus. Interdum et malesuada fames ac ante ipsum primis in faucibus. Suspendisse posuere ornare condimentum.</p>', '', '', '', '', 0, 'y', '2017-12-05 11:27:45', 1, '2017-12-05 04:27:45', '2017-12-05 04:27:45'),
(10, 8, 'Kesempatan Bisnis', 'Kesempatan-Bisnis', NULL, '<p>Lorem ipsum dolor sit amet, consectetur adipiscing elit. Ut sed aliquam metus. Vivamus at sem nunc. Curabitur pretium sapien sapien. Sed vehicula nisi nulla, eu blandit lectus eleifend vel. Suspendisse ut lobortis odio. Praesent ornare imperdiet purus a egestas. Fusce congue, lorem eget aliquam finibus, nunc mauris lacinia magna, vel placerat tortor purus vel ipsum. Donec malesuada sapien tincidunt nisi rhoncus tempus. Interdum et malesuada fames ac ante ipsum primis in faucibus. Suspendisse posuere ornare condimentum.</p>', '', '', '', '', 0, 'y', '2017-12-05 11:28:09', 1, '2017-12-05 04:28:09', '2017-12-05 04:28:09'),
(11, 6, 'Brand kelas dunia ada disini', 'Brand-kelas-dunia-ada-disini', NULL, '<p><img src="/ts_intrac/components/front/images/mockup/brand_1.jpg" width="105" height="90" /><img src="/ts_intrac/components/front/images/mockup/brand_2.jpg" alt="" width="105" height="90" /><img src="/ts_intrac/components/front/images/mockup/brand_1.jpg" width="105" height="90" /><img src="/ts_intrac/components/front/images/mockup/brand_2.jpg" alt="" width="105" height="90" /><img src="/ts_intrac/components/front/images/mockup/brand_1.jpg" width="105" height="90" /><img src="/ts_intrac/components/front/images/mockup/brand_2.jpg" alt="" width="105" height="90" /><img src="/ts_intrac/components/front/images/mockup/brand_1.jpg" width="105" height="90" /><img src="/ts_intrac/components/front/images/mockup/brand_2.jpg" alt="" width="105" height="90" /><img src="/ts_intrac/components/front/images/mockup/brand_1.jpg" width="105" height="90" /><img src="/ts_intrac/components/front/images/mockup/brand_2.jpg" alt="" width="105" height="90" /><img src="/ts_intrac/components/front/images/mockup/brand_1.jpg" width="105" height="90" /><img src="/ts_intrac/components/front/images/mockup/brand_2.jpg" alt="" width="105" height="90" /><img src="/ts_intrac/components/front/images/mockup/brand_1.jpg" width="105" height="90" /><img src="/ts_intrac/components/front/images/mockup/brand_2.jpg" alt="" width="105" height="90" /><img src="/ts_intrac/components/front/images/mockup/brand_1.jpg" width="105" height="90" /><img src="/ts_intrac/components/front/images/mockup/brand_2.jpg" alt="" width="105" height="90" /><img src="/ts_intrac/components/front/images/mockup/brand_1.jpg" width="105" height="90" /><img src="/ts_intrac/components/front/images/mockup/brand_2.jpg" alt="" width="105" height="90" /><img src="/ts_intrac/components/front/images/mockup/brand_1.jpg" width="105" height="90" /><img src="/ts_intrac/components/front/images/mockup/brand_2.jpg" alt="" width="105" height="90" /><img src="/ts_intrac/components/front/images/mockup/brand_1.jpg" width="105" height="90" /><img src="/ts_intrac/components/front/images/mockup/brand_2.jpg" alt="" width="105" height="90" /><img src="/ts_intrac/components/front/images/mockup/brand_1.jpg" width="105" height="90" /><img src="/ts_intrac/components/front/images/mockup/brand_2.jpg" alt="" width="105" height="90" /><img src="/ts_intrac/components/front/images/mockup/brand_1.jpg" width="105" height="90" /><img src="/ts_intrac/components/front/images/mockup/brand_2.jpg" alt="" width="105" height="90" /><img src="/ts_intrac/components/front/images/mockup/brand_1.jpg" width="105" height="90" /><img src="/ts_intrac/components/front/images/mockup/brand_2.jpg" alt="" width="105" height="90" /><img src="/ts_intrac/components/front/images/mockup/brand_1.jpg" width="105" height="90" /><img src="/ts_intrac/components/front/images/mockup/brand_2.jpg" alt="" width="105" height="90" /><img src="/ts_intrac/components/front/images/mockup/brand_1.jpg" width="105" height="90" /><img src="/ts_intrac/components/front/images/mockup/brand_2.jpg" alt="" width="105" height="90" /></p>', '', '', '', '', 0, 'y', '2017-12-05 11:37:10', 1, '2017-12-05 04:37:10', '2017-12-05 07:18:21'),
(12, 5, 'tentang kami', 'tentang-kami', NULL, '<p>Lorem ipsum dolor sit amet, cibo accumsan sed ei. Duo et mundi soluta epicurei. No has sonet delicata, tation recusabo pericula no duo. At brute atqui molestie sea, zril ubique eu pro, dico sensibus signiferumque duo in. Sea ad consul interpretaris. Clita pertinacia no mei. Nonumy antiopam scriptorem eum ut, mea eu vero praesent. Percipit oporteat scribentur an vel, cu quis lorem quo. Illum paulo albucius per cu, est delicata euripidis cu</p>\r\n<p>At vix ubique utamur, et quot saperet imperdiet nec. Et sed agam dignissim complectitur, nam te erat illud similique. Animal vocibus mel cu, gloriatur dissentiunt mediocritatem in pri, ullum alienum posidonium eum at. Tation feugiat reprimique usu eu, quo accusam molestie ea. Lorem malorum mei no, te mel labitur deserunt. Adhuc aliquando eam in, est in agam deserunt. Wisi hendrerit ei sea. Laoreet oportere te sed, mel omnes saperet commune eu, ius mentitum adipisci eu. Quem cotidieque ei sit. Maiestatis liberavisse te usu.</p>\r\n<p>Inciderint definitiones in sit, alterum corrumpit neglegentur ex pro, tantas aeterno in usu. Munere erroribus no sed. Ex regione pertinax partiendo his, no sit autem legimus. Eos an suas diceret, legendos mandamus ius eu. Vidit velit te quo. Lorem ipsum dolor sit amet, cibo accumsan sed ei. Duo et mundi soluta epicurei. No has sonet delicata, tation recusabo pericula no duo. At brute atqui molestie sea, zril ubique eu pro, dico sensibus signiferumque duo in. Sea ad consul interpretaris.</p>\r\n<p>Clita pertinacia no mei. Nonumy antiopam scriptorem eum ut, mea eu vero praesent. Percipit oporteat scribentur an vel, cu quis lorem quo. Illum paulo albucius per cu, est delicata euripidis cu.At vix ubique utamur, et quot saperet imperdiet nec. Et sed agam dignissim complectitur, nam te erat illud similique. Animal vocibus mel cu, gloriatur dissentiunt mediocritatem in pri, ullum alienum posidonium eum at. Tation feugiat reprimique usu eu, quo accusam molestie ea. Lorem malorum mei no, te mel labitur deserunt.</p>\r\n<p>Adhuc aliquando eam in, est in agam deserunt. Wisi hendrerit ei sea. Laoreet oportere te sed, mel omnes saperet commune eu, ius mentitum adipisci eu. Quem cotidieque ei sit. Maiestatis liberavisse te usu. Inciderint definitiones in sit, alterum corrumpit neglegentur ex pro, tantas aeterno in usu. Munere erroribus no sed. Ex regione pertinax partiendo his, no sit autem legimus. Eos an suas diceret, legendos mandamus ius eu. Vidit velit te quo.</p>\r\n<p>Lorem ipsum dolor sit amet, cibo accumsan sed ei. Duo et mundi soluta epicurei. No has sonet delicata, tation recusabo pericula no duo. At brute atqui molestie sea, zril ubique eu pro, dico sensibus signiferumque duo in. Sea ad consul interpretaris. Clita pertinacia no mei. Nonumy antiopam scriptorem eum ut, mea eu vero praesent. Percipit oporteat scribentur an vel, cu quis lorem quo. Illum paulo albucius per cu, est delicata euripidis cu.</p>\r\n<p>At vix ubique utamur, et quot saperet imperdiet nec. Et sed agam dignissim complectitur, nam te erat illud similique. Animal vocibus mel cu, gloriatur dissentiunt mediocritatem in pri, ullum alienum posidonium eum at. Tation feugiat reprimique usu eu, quo accusam molestie ea. Lorem malorum mei no, te mel labitur deserunt. Adhuc aliquando eam in, est in agam deserunt. Wisi hendrerit ei sea. Laoreet oportere te sed, mel omnes saperet commune eu, ius mentitum adipisci eu. Quem cotidieque ei sit. Maiestatis liberavisse te usu.</p>\r\n<p>Inciderint definitiones in sit, alterum corrumpit neglegentur ex pro, tantas aeterno in usu. Munere erroribus no sed. Ex regione pertinax partiendo his, no sit autem legimus. Eos an suas diceret, legendos mandamus ius eu. Vidit velit te quo. Lorem ipsum dolor sit amet, cibo accumsan sed ei. Duo et mundi soluta epicurei. No has sonet delicata, tation recusabo pericula no duo. At brute atqui molestie sea, zril ubique eu pro, dico sensibus signiferumque duo in. Sea ad consul interpretaris.</p>\r\n<p>Clita pertinacia no mei. Nonumy antiopam scriptorem eum ut, mea eu vero praesent. Percipit oporteat scribentur an vel, cu quis lorem quo. Illum paulo albucius per cu, est delicata euripidis cu.At vix ubique utamur, et quot saperet imperdiet nec. Et sed agam dignissim complectitur, nam te erat illud similique. Animal vocibus mel cu, gloriatur dissentiunt mediocritatem in pri, ullum alienum posidonium eum at. Tation feugiat reprimique usu eu, quo accusam molestie ea. Lorem malorum mei no, te mel labitur deserunt.</p>\r\n<p>Adhuc aliquando eam in, est in agam deserunt. Wisi hendrerit ei sea. Laoreet oportere te sed, mel omnes saperet commune eu, ius mentitum adipisci eu. Quem cotidieque ei sit. Maiestatis liberavisse te usu. Inciderint definitiones in sit, alterum corrumpit neglegentur ex pro, tantas aeterno in usu. Munere erroribus no sed. Ex regione pertinax partiendo his, no sit autem legimus. Eos an suas diceret, legendos mandamus ius eu. Vidit velit te quo.</p>', '', '', '', '', 0, 'y', '2017-12-05 11:58:03', 1, '2017-12-05 04:58:03', '2017-12-05 04:58:03'),
(13, 2, 'Garansi Produk', 'Garansi-Produk', NULL, '<p>Lorem ipsum dolor sit amet, consectetur adipiscing elit. Ut sed aliquam metus. Vivamus at sem nunc. Curabitur pretium sapien sapien. Sed vehicula nisi nulla, eu blandit lectus eleifend vel.</p>\r\n<p>Suspendisse ut lobortis odio. Praesent ornare imperdiet purus a egestas. Fusce congue, lorem eget aliquam finibus, nunc mauris lacinia magna, vel placerat tortor purus vel ipsum. Donec malesuada sapien tincidunt nisi rhoncus tempus. Interdum et malesuada fames ac ante ipsum primis in faucibus. Suspendisse posuere ornare condimentum.</p>', '', '', '', '', 0, 'y', '2017-12-05 14:19:42', 1, '2017-12-05 07:19:42', '2017-12-05 07:19:42'),
(14, 2, 'Affiliate System', 'Affiliate-System', NULL, '<p>Lorem ipsum dolor sit amet, consectetur adipiscing elit. Ut sed aliquam metus. Vivamus at sem nunc. Curabitur pretium sapien sapien. Sed vehicula nisi nulla, eu blandit lectus eleifend vel. Suspendisse ut lobortis odio. Praesent ornare imperdiet purus a egestas. Fusce congue, lorem eget aliquam finibus, nunc mauris lacinia magna, vel placerat tortor purus vel ipsum. Donec malesuada sapien tincidunt nisi rhoncus tempus. Interdum et malesuada fames ac ante ipsum primis in faucibus. Suspendisse posuere ornare condimentum.</p>', '', '', '', '', 0, 'y', '2017-12-05 14:20:01', 1, '2017-12-05 07:20:01', '2017-12-05 07:20:01'),
(15, 10, 'Pembelian Direct ke Toko', 'Pembelian-Direct-ke-Toko', NULL, '<p><strong>Untuk pembelian secara langsung, bagi Anda yang berdomisili di Jakarta dan sekitarnya, dapat langsung mendatangi Toko kami yang berlokasi di :</strong></p>\r\n<p>&nbsp;</p>\r\n<p>Jakarta</p>\r\n<p>Ruko Garden Shopping Arcade</p>\r\n<p>Podomoro City - Central Park</p>\r\n<p>Jl. Letjen S. Parman Kav. 28</p>\r\n<p>Grogol - Petamburan</p>\r\n<p>Jakarta Barat</p>\r\n<p>11470</p>', '', '', '', '', 0, 'y', '2017-12-05 14:56:46', 1, '2017-12-05 07:56:46', '2017-12-05 07:56:46'),
(16, 10, 'Pembelian COD (Cash on Delivery)', 'Pembelian-COD--Cash-on-Delivery-', NULL, '<p><strong>Khusus untuk Anda yang berdomisili di Jakarta, Kami menyediakan Layanan Antar Barang (Cash on Delivery) oleh kurir kami. Prosedur Layanan COD :</strong></p>\r\n<ul>\r\n<li>Customer melakukan pemesanan melalui telp di 021 5777 5555</li>\r\n<li>Divisi COD kami akan menjadwalkan pengiriman barang sesuai jadwal customer</li>\r\n<li>Barang akan diantar ke tempat customer pada jadwal yang sudah disepakati</li>\r\n<li>Customer melakukan pembayaran setelah melakukan pengecekan barang terlebih dahulu</li>\r\n</ul>\r\n<p>&nbsp;</p>\r\n<p><strong>Pembelian COD juga dapat dilakukan secara online, dengan memilih metode pengiriman COD pada Langkah ke-2 di My Cart pada proses pembelian Online Syarat dan Ketentuan COD :</strong></p>\r\n<ul>\r\n<li>Untuk pembelian diatas nominal Rp. 2.000.000,-, Customer diwajibkan untuk melunasi pembayaran terlebih dahulu sebelum dilakukan penjadwalan pengiriman</li>\r\n<li>Kerusakan barang setelah pengecekan barang oleh customer selesai bukan menjadi tanggungjawab dari kami (kecuali barang tersebut masih dalam masa garansi)</li>\r\n<li>Apabila pemesanan dilakukan diatas jam 15:00, maka pengiriman paling cepat akan dilakukan di hari kerja berikutnya</li>\r\n</ul>', '', '', '', '', 0, 'y', '2017-12-05 15:05:02', 1, '2017-12-05 08:05:02', '2017-12-05 08:05:02'),
(17, 10, 'Pembelian Online', 'Pembelian-Online', NULL, '<p><strong>Pembelian online dapat langsung dilakukan dengan mengikuti prosedur yang tersedia di halaman transaksi kami</strong></p>\r\n<ul>\r\n<li>Pilih produk-produk yang akan dibeli untuk dimasukkan ke dalam Cart (keranjang belanja)</li>\r\n<li>Lanjutkan proses pembelian dengan melakukan Checkout Now melalui halaman My Cart</li>\r\n<li>Lengkapi data pengiriman dan jenis ekspedisi yang diinginkan, lalu klik lanjutkan pembayaran</li>\r\n<li>Cetak invoice sebagai bukti bahwa Anda telah melakukan transaksi dengan kami, atau cek email</li>\r\n<li>anda untuk mendapatkan rekap transaksi</li>\r\n<li>Lakukan pembayaran sesuai prosedur yang ada di halaman terakhir dari My Cart Anda</li>\r\n</ul>', '', '', '', '', 0, 'y', '2017-12-05 15:05:46', 1, '2017-12-05 08:05:46', '2017-12-05 08:05:46');

-- --------------------------------------------------------

--
-- Table structure for table `bkm_post_related`
--

CREATE TABLE `bkm_post_related` (
  `id` int(11) NOT NULL,
  `post_id` int(10) DEFAULT NULL,
  `post_related_id` int(10) DEFAULT NULL,
  `created_at` timestamp NULL DEFAULT '0000-00-00 00:00:00',
  `updated_at` timestamp NOT NULL DEFAULT '0000-00-00 00:00:00' ON UPDATE CURRENT_TIMESTAMP
) ENGINE=InnoDB DEFAULT CHARSET=latin1;

-- --------------------------------------------------------

--
-- Table structure for table `bkm_post_tag`
--

CREATE TABLE `bkm_post_tag` (
  `id` int(11) NOT NULL,
  `post_id` int(10) DEFAULT NULL,
  `tag_id` int(10) DEFAULT NULL,
  `created_at` timestamp NULL DEFAULT '0000-00-00 00:00:00',
  `updated_at` timestamp NULL DEFAULT '0000-00-00 00:00:00' ON UPDATE CURRENT_TIMESTAMP
) ENGINE=InnoDB DEFAULT CHARSET=latin1;

-- --------------------------------------------------------

--
-- Table structure for table `bkm_price_rule`
--

CREATE TABLE `bkm_price_rule` (
  `id` int(11) NOT NULL,
  `rule_name` varchar(100) DEFAULT NULL,
  `from_qty` int(11) DEFAULT NULL,
  `valid_from` datetime DEFAULT NULL,
  `valid_to` datetime DEFAULT NULL,
  `type` varchar(50) DEFAULT NULL,
  `minimal_amount` int(11) DEFAULT NULL,
  `reduction_type` varchar(50) DEFAULT NULL,
  `reduction_amount` int(11) DEFAULT NULL,
  `status` varchar(1) DEFAULT NULL,
  `data_type` varchar(50) DEFAULT NULL,
  `created_at` timestamp NOT NULL DEFAULT CURRENT_TIMESTAMP ON UPDATE CURRENT_TIMESTAMP,
  `updated_at` timestamp NOT NULL DEFAULT '0000-00-00 00:00:00'
) ENGINE=InnoDB DEFAULT CHARSET=latin1;

--
-- Dumping data for table `bkm_price_rule`
--

INSERT INTO `bkm_price_rule` (`id`, `rule_name`, `from_qty`, `valid_from`, `valid_to`, `type`, `minimal_amount`, `reduction_type`, `reduction_amount`, `status`, `data_type`, `created_at`, `updated_at`) VALUES
(2, 'reseller satu', 12, '2017-10-23 09:00:41', '2017-12-31 23:00:41', 'reseller', NULL, 'p', 20, 'y', 'price-rule', '2017-12-06 05:06:29', '2017-11-01 09:40:52'),
(5, 'discount', NULL, '2017-11-02 00:00:07', '2017-12-31 23:55:11', 'discount', NULL, 'p', 10, 'y', 'price-rule', '2017-12-08 10:21:53', '2017-12-05 06:39:21'),
(6, NULL, NULL, NULL, NULL, 'discount', NULL, NULL, NULL, 'n', 'product', '2017-10-26 08:51:47', '2017-10-26 08:51:47'),
(7, 'Reseller', 15, '2017-10-31 00:00:23', '2017-12-31 00:00:23', 'reseller', NULL, 'v', 30000, 'y', 'price-rule', '2017-12-06 05:06:32', '2017-12-05 03:37:19'),
(8, NULL, NULL, NULL, NULL, 'discount', NULL, NULL, NULL, 'n', 'product', '2017-11-03 02:19:30', '2017-11-03 02:19:30'),
(9, NULL, NULL, '2017-11-03 00:00:44', '2017-11-30 23:55:44', 'discount', NULL, 'p', 80, 'n', 'product', '2017-12-05 03:37:19', '2017-12-05 03:37:19'),
(10, NULL, NULL, NULL, NULL, 'discount', NULL, NULL, NULL, 'n', 'product', '2017-12-05 06:38:58', '2017-12-05 06:38:58'),
(11, NULL, NULL, '2017-12-08 00:00:18', '2017-12-31 23:55:18', 'discount', NULL, 'p', 50, 'y', 'product', '2017-12-08 10:04:56', '2017-12-08 09:22:40');

-- --------------------------------------------------------

--
-- Table structure for table `bkm_price_rule_product`
--

CREATE TABLE `bkm_price_rule_product` (
  `id_price_rule` int(11) NOT NULL,
  `id_product` int(11) NOT NULL
) ENGINE=InnoDB DEFAULT CHARSET=latin1;

--
-- Dumping data for table `bkm_price_rule_product`
--

INSERT INTO `bkm_price_rule_product` (`id_price_rule`, `id_product`) VALUES
(2, 0),
(5, 0),
(6, 27),
(7, 24),
(8, 10),
(9, 10),
(10, 11),
(11, 11);

-- --------------------------------------------------------

--
-- Table structure for table `bkm_product`
--

CREATE TABLE `bkm_product` (
  `id` int(11) NOT NULL,
  `product_brand_id` int(10) DEFAULT NULL,
  `product_category_id` int(10) DEFAULT NULL,
  `product_code` varchar(30) DEFAULT NULL,
  `name` varchar(100) DEFAULT NULL,
  `name_alias` varchar(200) DEFAULT NULL,
  `description` varchar(200) DEFAULT NULL,
  `content` text,
  `image` varchar(100) DEFAULT NULL,
  `weight` decimal(5,1) DEFAULT NULL,
  `width` decimal(5,1) DEFAULT NULL,
  `height` decimal(5,1) DEFAULT NULL,
  `depth` decimal(5,1) DEFAULT NULL,
  `additional_fees` decimal(30,2) DEFAULT NULL,
  `price` decimal(30,2) DEFAULT NULL,
  `meta_title` varchar(50) DEFAULT NULL,
  `meta_description` text,
  `meta_keywords` varchar(150) DEFAULT NULL,
  `status` varchar(1) DEFAULT NULL,
  `upd_by` int(10) DEFAULT NULL,
  `created_at` timestamp NULL DEFAULT '0000-00-00 00:00:00',
  `updated_at` timestamp NULL DEFAULT NULL ON UPDATE CURRENT_TIMESTAMP
) ENGINE=InnoDB DEFAULT CHARSET=latin1;

--
-- Dumping data for table `bkm_product`
--

INSERT INTO `bkm_product` (`id`, `product_brand_id`, `product_category_id`, `product_code`, `name`, `name_alias`, `description`, `content`, `image`, `weight`, `width`, `height`, `depth`, `additional_fees`, `price`, `meta_title`, `meta_description`, `meta_keywords`, `status`, `upd_by`, `created_at`, `updated_at`) VALUES
(1, NULL, 1, '', 'JBL C100SI In-Ear Headphones with Mic Android & iOS - Hitam 1', 'JBL-C100SI-In-Ear-Headphones-with-Mic-Android---iOS---Hitam-1', 'Ini ketrangan Ini ketrangan Ini ketrangan Ini ketrangan Ini ketrangan Ini ketrangan Ini ketrangan Ini ketrangan Ini ketrangan Ini ketrangan Ini ketrangan Ini ketrangan Ini ketrangan Ini ketrangan Ini ', '', '7oKXP4_product2.jpg', '1.0', NULL, NULL, NULL, NULL, '200000.00', '', '', '', 'y', 1, '2017-11-01 10:01:04', '2017-11-02 03:18:03'),
(2, NULL, 2, '', 'Xiaomi Mi Piston In-Ear Headphones Fresh Edition - Hitam 1', 'Xiaomi-Mi-Piston-In-Ear-Headphones-Fresh-Edition---Hitam-1', '', '<p>Ini ketrangan Ini ketrangan Ini ketrangan Ini ketrangan Ini ketrangan Ini ketrangan Ini ketrangan Ini ketrangan Ini ketrangan Ini ketrangan Ini ketrangan Ini ketrangan Ini ketrangan Ini ketrangan Ini&nbsp;</p>', 'pWI2qe_product2.jpg', '1.0', NULL, NULL, NULL, NULL, '400000.00', '', '', '', 'y', 1, '2017-11-01 10:07:48', '2017-11-03 08:28:24'),
(3, NULL, 3, '', 'JBL C100SI In-Ear Headphones with Mic Android & iOS - Hitam 2', 'JBL-C100SI-In-Ear-Headphones-with-Mic-Android---iOS---Hitam-2', '', '<p>Ini ketrangan Ini ketrangan Ini ketrangan Ini ketrangan Ini ketrangan Ini ketrangan Ini ketrangan Ini ketrangan Ini ketrangan Ini ketrangan Ini ketrangan Ini ketrangan Ini ketrangan Ini ketrangan Ini&nbsp;</p>', 'Cai8WU_product.jpg', '1.0', NULL, NULL, NULL, NULL, '400000.00', '', '', '', 'y', 1, '2017-11-01 10:09:37', '2017-11-03 08:28:16'),
(4, NULL, 4, '', 'Xiaomi Mi Piston In-Ear Headphones Fresh Edition - Hitam 2', 'Xiaomi-Mi-Piston-In-Ear-Headphones-Fresh-Edition---Hitam-2', '', '<p>Ini ketrangan Ini ketrangan Ini ketrangan Ini ketrangan Ini ketrangan Ini ketrangan Ini ketrangan Ini ketrangan Ini ketrangan Ini ketrangan Ini ketrangan Ini ketrangan Ini ketrangan Ini ketrangan Ini&nbsp;</p>', 'ST8cGm_product2.jpg', '1.0', NULL, NULL, NULL, NULL, '400000.00', '', '', '', 'y', 1, '2017-11-01 10:10:01', '2017-11-03 08:28:08'),
(5, NULL, 5, '', 'Xiaomi Mi Piston In-Ear Headphones Fresh Edition - Hitam 3', 'Xiaomi-Mi-Piston-In-Ear-Headphones-Fresh-Edition---Hitam-3', '', '<p>ni ketrangan Ini ketrangan Ini ketrangan Ini ketrangan Ini ketrangan Ini ketrangan Ini ketrangan Ini ketrangan Ini ketrangan Ini ketrangan Ini ketrangan Ini ketrangan Ini ketrangan Ini ketrangan Ini ketrangan Ini ketrangan</p>', 'NuNHW5_product2.jpg', '1.0', NULL, NULL, NULL, NULL, '400000.00', '', '', '', 'y', 1, '2017-11-01 10:10:28', '2017-11-03 08:27:59'),
(6, NULL, 6, '', 'JBL C100SI In-Ear Headphones with Mic Android & iOS - Hitam 3', 'JBL-C100SI-In-Ear-Headphones-with-Mic-Android---iOS---Hitam-3', '', '<p>ni ketrangan Ini ketrangan Ini ketrangan Ini ketrangan Ini ketrangan Ini ketrangan Ini ketrangan Ini ketrangan Ini ketrangan Ini ketrangan Ini ketrangan Ini ketrangan Ini ketrangan Ini ketrangan Ini ketrangan Ini ketrangan</p>', 'sZP92p_product2.jpg', '1.0', NULL, NULL, NULL, NULL, '400000.00', '', '', '', 'y', 1, '2017-11-01 10:10:55', '2017-11-03 08:27:49'),
(7, NULL, 7, '', 'Xiaomi Mi Piston In-Ear Headphones Fresh Edition - Hitam 4', 'Xiaomi-Mi-Piston-In-Ear-Headphones-Fresh-Edition---Hitam-4', '', '<p>ni ketrangan Ini ketrangan Ini ketrangan Ini ketrangan Ini ketrangan Ini ketrangan Ini ketrangan Ini ketrangan Ini ketrangan Ini ketrangan Ini ketrangan Ini ketrangan Ini ketrangan Ini ketrangan Ini ketrangan Ini ketrangan</p>', 'nE5SXf_product2.jpg', '1.0', NULL, NULL, NULL, NULL, '400000.00', '', '', '', 'y', 1, '2017-11-01 10:11:19', '2017-11-03 08:27:41'),
(8, NULL, 8, '', 'JBL C100SI In-Ear Headphones with Mic Android & iOS - Hitam 4', 'JBL-C100SI-In-Ear-Headphones-with-Mic-Android---iOS---Hitam-4', '', '<p>ni ketrangan Ini ketrangan Ini ketrangan Ini ketrangan Ini ketrangan Ini ketrangan Ini ketrangan Ini ketrangan Ini ketrangan Ini ketrangan Ini ketrangan Ini ketrangan Ini ketrangan Ini ketrangan Ini ketrangan Ini ketrangan</p>', 'VKrebV_product2.jpg', '1.0', NULL, NULL, NULL, NULL, '400000.00', '', '', '', 'y', 1, '2017-11-01 10:12:33', '2017-11-03 08:27:29'),
(9, NULL, 9, '', 'Xiaomi Mi Piston In-Ear Headphones Fresh Edition - Hitam 5', 'Xiaomi-Mi-Piston-In-Ear-Headphones-Fresh-Edition---Hitam-5', '', '<p>ni ketrangan Ini ketrangan Ini ketrangan Ini ketrangan Ini ketrangan Ini ketrangan Ini ketrangan Ini ketrangan Ini ketrangan Ini ketrangan Ini ketrangan Ini ketrangan Ini ketrangan Ini ketrangan Ini ketrangan Ini ketrangan</p>', 'nyc4uG_product2.jpg', '1.0', NULL, NULL, NULL, NULL, '400000.00', '', '', '', 'y', 1, '2017-11-01 10:13:15', '2017-11-03 08:26:54'),
(10, NULL, 10, '', 'JBL C100SI In-Ear Headphones with Mic Android & iOS - Hitam 5', 'JBL-C100SI-In-Ear-Headphones-with-Mic-Android---iOS---Hitam-5', '', '<p>ni ketrangan Ini ketrangan Ini ketrangan Ini ketrangan Ini ketrangan Ini ketrangan Ini ketrangan Ini ketrangan Ini ketrangan Ini ketrangan Ini ketrangan Ini ketrangan Ini ketrangan Ini ketrangan Ini ketrangan Ini ketrangan</p>', 'M1ygze_product2.jpg', '1.0', NULL, NULL, NULL, NULL, '400000.00', '', '', '', 'y', 1, '2017-11-01 10:13:36', '2017-11-03 08:26:46'),
(11, NULL, 1, '', 'GStation Tempered Glass Asus Zenfone2 5.5 1', 'GStation-Tempered-Glass-Asus-Zenfone2-5-5-1', '', '<p>ni ketrangan Ini ketrangan Ini ketrangan Ini ketrangan Ini ketrangan Ini ketrangan Ini ketrangan Ini ketrangan Ini ketrangan Ini ketrangan Ini ketrangan Ini ketrangan Ini ketrangan Ini ketrangan Ini ketrangan Ini ketrangan</p>', 'feylOb_product.jpg', '1.0', NULL, NULL, NULL, NULL, '400000.00', '', '', '', 'y', 1, '2017-11-02 09:39:31', '2017-11-03 08:26:18');

-- --------------------------------------------------------

--
-- Table structure for table `bkm_product_attribute`
--

CREATE TABLE `bkm_product_attribute` (
  `id` int(11) NOT NULL,
  `attribute_name` varchar(60) DEFAULT NULL,
  `attribute_type` varchar(20) DEFAULT NULL,
  `order` int(10) DEFAULT NULL,
  `upd_by` int(10) DEFAULT NULL,
  `created_at` timestamp NULL DEFAULT '0000-00-00 00:00:00',
  `updated_at` timestamp NULL DEFAULT '0000-00-00 00:00:00' ON UPDATE CURRENT_TIMESTAMP
) ENGINE=InnoDB DEFAULT CHARSET=latin1;

--
-- Dumping data for table `bkm_product_attribute`
--

INSERT INTO `bkm_product_attribute` (`id`, `attribute_name`, `attribute_type`, `order`, `upd_by`, `created_at`, `updated_at`) VALUES
(4, 'color', 'color', NULL, 1, '2017-10-26 06:29:04', '2017-10-26 06:29:04'),
(5, 'Size', 'select', NULL, 1, '2017-11-02 03:57:20', '2017-11-02 03:57:20');

-- --------------------------------------------------------

--
-- Table structure for table `bkm_product_attribute_data`
--

CREATE TABLE `bkm_product_attribute_data` (
  `id` int(11) NOT NULL,
  `attribute_id` int(10) DEFAULT NULL,
  `name` varchar(50) DEFAULT NULL,
  `value` varchar(100) DEFAULT NULL,
  `order` int(10) DEFAULT NULL,
  `upd_by` int(10) DEFAULT NULL,
  `created_at` timestamp NULL DEFAULT '0000-00-00 00:00:00',
  `updated_at` timestamp NULL DEFAULT '0000-00-00 00:00:00' ON UPDATE CURRENT_TIMESTAMP
) ENGINE=InnoDB DEFAULT CHARSET=latin1;

--
-- Dumping data for table `bkm_product_attribute_data`
--

INSERT INTO `bkm_product_attribute_data` (`id`, `attribute_id`, `name`, `value`, `order`, `upd_by`, `created_at`, `updated_at`) VALUES
(16, 4, 'red', '#f50220', NULL, NULL, '2017-10-26 06:30:13', '2017-10-26 06:30:13'),
(17, 5, 'L', 'l', NULL, NULL, '2017-11-02 04:02:20', '2017-11-02 04:02:20'),
(18, 4, 'green', '#24ff00', NULL, NULL, '2017-11-02 06:43:58', '2017-11-02 06:43:58');

-- --------------------------------------------------------

--
-- Table structure for table `bkm_product_brand`
--

CREATE TABLE `bkm_product_brand` (
  `id` int(11) NOT NULL,
  `brand_name` varchar(50) DEFAULT NULL,
  `brand_name_alias` varchar(100) DEFAULT NULL,
  `meta_title` varchar(50) DEFAULT NULL,
  `meta_description` text,
  `meta_keywords` text,
  `image` varchar(100) DEFAULT NULL,
  `status` varchar(1) DEFAULT NULL,
  `order` int(10) DEFAULT NULL,
  `upd_by` int(10) DEFAULT NULL,
  `created_at` timestamp NULL DEFAULT '0000-00-00 00:00:00',
  `updated_at` timestamp NULL DEFAULT '0000-00-00 00:00:00' ON UPDATE CURRENT_TIMESTAMP
) ENGINE=InnoDB DEFAULT CHARSET=latin1;

--
-- Dumping data for table `bkm_product_brand`
--

INSERT INTO `bkm_product_brand` (`id`, `brand_name`, `brand_name_alias`, `meta_title`, `meta_description`, `meta_keywords`, `image`, `status`, `order`, `upd_by`, `created_at`, `updated_at`) VALUES
(3, 'Waku', 'Waku', '', '', '', NULL, 'y', NULL, 1, '2017-03-03 06:32:46', '2017-03-03 06:32:46');

-- --------------------------------------------------------

--
-- Table structure for table `bkm_product_category`
--

CREATE TABLE `bkm_product_category` (
  `id` int(11) NOT NULL,
  `category_id` int(10) DEFAULT NULL,
  `sub_category` varchar(100) DEFAULT NULL,
  `category_name` varchar(50) DEFAULT NULL,
  `category_name_alias` varchar(100) DEFAULT NULL,
  `sticky_category` varchar(1) DEFAULT 'n',
  `meta_title` varchar(50) DEFAULT NULL,
  `meta_description` text,
  `meta_keywords` text,
  `image` varchar(100) DEFAULT NULL,
  `banner` varchar(100) DEFAULT NULL,
  `status` varchar(1) DEFAULT NULL,
  `order` int(10) DEFAULT NULL,
  `upd_by` int(10) DEFAULT NULL,
  `created_at` timestamp NULL DEFAULT '0000-00-00 00:00:00',
  `updated_at` timestamp NULL DEFAULT '0000-00-00 00:00:00' ON UPDATE CURRENT_TIMESTAMP
) ENGINE=InnoDB DEFAULT CHARSET=latin1;

--
-- Dumping data for table `bkm_product_category`
--

INSERT INTO `bkm_product_category` (`id`, `category_id`, `sub_category`, `category_name`, `category_name_alias`, `sticky_category`, `meta_title`, `meta_description`, `meta_keywords`, `image`, `banner`, `status`, `order`, `upd_by`, `created_at`, `updated_at`) VALUES
(1, 0, NULL, 'Tongsis Tripod', 'tongsis-tripod', 'n', '', '', '', 'bzY7XW_audio_cat.jpg', 'banner_audio_cat.jpg', 'y', NULL, NULL, '2017-11-01 10:34:04', '2017-11-28 07:47:45'),
(2, 0, NULL, 'Charger', 'charger', 'n', '', '', '', 'sdTxE1_kantor_cat.jpg', 'banner_audio_cat.jpg', 'y', NULL, 1, '2017-11-02 02:50:35', '2017-11-28 08:05:19'),
(3, 0, NULL, 'Handsfree', 'handsfree', 'n', '', '', '', 'tTbFs9_komputer_cat.jpg', 'banner_audio_cat.jpg', 'y', NULL, NULL, '2017-11-02 02:50:52', '2017-11-28 08:05:21'),
(4, 0, NULL, 'Kabel Charger', 'kabel-charger', 'n', '', '', '', '4MKUSH_android_cat.jpg', 'banner_audio_cat.jpg', 'y', NULL, NULL, '2017-11-02 02:51:07', '2017-11-28 08:05:23'),
(5, 0, NULL, 'Power Bank', 'power-bank', 'n', '', '', '', 'sj2oYo_permainan_cat.jpg', 'banner_audio_cat.jpg', 'y', NULL, NULL, '2017-11-02 02:51:25', '2017-11-28 08:05:24'),
(6, 0, NULL, 'Otg', 'otg', 'n', '', '', '', '5PYxTn_mainan_cat.jpg', 'banner_audio_cat.jpg', 'y', NULL, NULL, '2017-11-02 02:51:41', '2017-11-28 08:05:26'),
(7, 0, NULL, 'Fan', 'fan', 'n', '', '', '', '7ums4x_aksesoris_cat.jpg', 'banner_audio_cat.jpg', 'y', NULL, NULL, '2017-11-02 02:52:15', '2017-11-28 08:05:28'),
(8, 0, NULL, 'Case', 'case', 'n', '', '', '', 'kW5Hks_olahraga_cat.jpg', 'banner_audio_cat.jpg', 'y', NULL, NULL, '2017-11-02 02:52:33', '2017-11-28 08:05:29'),
(9, 0, NULL, 'Cam-vr', 'cam-vr', 'n', '', '', '', '7CxvoJ_rumah_cat.jpg', 'banner_audio_cat.jpg', 'y', NULL, NULL, '2017-11-02 02:52:50', '2017-11-28 08:05:31'),
(10, 0, NULL, 'Battery', 'battery', 'n', '', '', '', '8zRd88_hobi_cat.jpg', 'banner_audio_cat.jpg', 'y', NULL, NULL, '2017-11-02 02:53:09', '2017-11-28 08:05:32'),
(11, 0, NULL, 'Tempered Glass', 'tempered-glass', 'n', '', '', '', 'Jghb2T_aksesoris_cat.jpg', 'banner_audio_cat.jpg', 'y', NULL, NULL, '2017-11-28 08:02:55', '2017-11-28 08:05:34'),
(12, 0, NULL, 'Holder', 'holder', 'n', '', '', '', 'Oxsvhw_rumah_cat.jpg', 'banner_audio_cat.jpg', 'y', NULL, NULL, '2017-11-28 08:03:16', '2017-11-28 08:05:36'),
(13, 0, NULL, 'Bluetooth Receiver', 'bluetooth-receiver', 'n', '', '', '', 'fQV5bJ_kantor_cat.jpg', 'banner_audio_cat.jpg', 'y', NULL, NULL, '2017-11-28 08:03:49', '2017-11-28 08:05:38'),
(14, 0, NULL, 'Speaker Bluetooth', 'speaker-bluetooth', 'n', '', '', '', 'mS9fT6_mainan_cat.jpg', 'banner_audio_cat.jpg', 'y', NULL, NULL, '2017-11-28 08:04:15', '2017-11-28 08:05:39'),
(15, 0, NULL, 'Barang Lain-lain', 'barang-lain-lain', 'n', '', '', '', 'dz0Y95_permainan_cat.jpg', 'banner_audio_cat.jpg', 'y', NULL, NULL, '2017-11-28 08:04:38', '2017-11-28 08:05:41');

-- --------------------------------------------------------

--
-- Table structure for table `bkm_product_data_attribute`
--

CREATE TABLE `bkm_product_data_attribute` (
  `id` int(11) NOT NULL,
  `product_data_attribute_master_id` int(10) DEFAULT NULL,
  `product_attribute_data_id` int(10) DEFAULT NULL,
  `created_at` timestamp NULL DEFAULT NULL,
  `updated_at` timestamp NULL DEFAULT NULL ON UPDATE CURRENT_TIMESTAMP
) ENGINE=InnoDB DEFAULT CHARSET=latin1;

--
-- Dumping data for table `bkm_product_data_attribute`
--

INSERT INTO `bkm_product_data_attribute` (`id`, `product_data_attribute_master_id`, `product_attribute_data_id`, `created_at`, `updated_at`) VALUES
(1, 1, 16, '2017-11-02 03:14:53', NULL),
(2, 2, 16, '2017-11-02 03:18:35', NULL),
(3, 3, 16, '2017-11-02 03:19:49', NULL),
(4, 4, 16, '2017-11-02 03:20:42', NULL),
(5, 5, 16, '2017-11-02 03:21:39', NULL),
(6, 6, 16, '2017-11-02 03:39:28', NULL),
(7, 7, 16, '2017-11-02 03:40:25', NULL),
(8, 8, 16, '2017-11-02 03:41:41', NULL),
(9, 9, 16, '2017-11-02 03:42:32', NULL),
(11, 10, 16, '2017-11-02 04:02:54', NULL),
(12, 10, 17, '2017-11-02 04:02:54', NULL),
(13, 11, 18, '2017-11-02 06:44:20', NULL),
(14, 11, 17, '2017-11-02 06:44:20', NULL),
(15, 12, 17, '2017-11-02 09:40:00', NULL),
(16, 12, 16, '2017-11-02 09:40:00', NULL);

-- --------------------------------------------------------

--
-- Table structure for table `bkm_product_data_attribute_master`
--

CREATE TABLE `bkm_product_data_attribute_master` (
  `id` int(11) NOT NULL,
  `product_id` int(10) DEFAULT NULL,
  `stock` int(10) DEFAULT NULL,
  `hold` int(10) DEFAULT NULL,
  `sold` int(10) DEFAULT NULL,
  `created_at` timestamp NULL DEFAULT '0000-00-00 00:00:00',
  `updated_at` timestamp NULL DEFAULT '0000-00-00 00:00:00' ON UPDATE CURRENT_TIMESTAMP
) ENGINE=InnoDB DEFAULT CHARSET=latin1;

--
-- Dumping data for table `bkm_product_data_attribute_master`
--

INSERT INTO `bkm_product_data_attribute_master` (`id`, `product_id`, `stock`, `hold`, `sold`, `created_at`, `updated_at`) VALUES
(1, 1, 84, 16, 10, '2017-11-02 03:14:53', '2017-12-06 07:44:00'),
(2, 2, 100, 0, 4, '2017-11-02 03:18:35', '2017-11-02 08:38:18'),
(3, 3, 100, 0, 9, '2017-11-02 03:19:49', '2017-11-02 08:38:50'),
(4, 4, 85, 15, 5, '2017-11-02 03:20:42', '2017-12-06 08:44:42'),
(5, 5, 100, 0, 4, '2017-11-02 03:21:39', '2017-11-02 08:13:41'),
(6, 6, 100, 0, 3, '2017-11-02 03:39:28', '2017-11-02 08:38:34'),
(7, 7, 100, 0, 6, '2017-11-02 03:40:25', '2017-11-02 08:13:35'),
(8, 8, 100, 0, 7, '2017-11-02 03:41:41', '2017-11-02 08:13:32'),
(9, 9, 100, 0, 0, '2017-11-02 03:42:32', '2017-12-07 05:10:35'),
(10, 10, 100, 0, 2, '2017-11-02 03:48:38', '2017-11-28 06:42:50'),
(11, 10, 100, 0, 1, '2017-11-02 06:44:20', '2017-11-02 08:38:22'),
(12, 11, 100, 0, 0, '2017-11-02 09:40:00', '2017-12-07 05:10:30');

-- --------------------------------------------------------

--
-- Table structure for table `bkm_product_data_category`
--

CREATE TABLE `bkm_product_data_category` (
  `id` int(11) NOT NULL,
  `product_id` int(10) DEFAULT NULL,
  `product_category_id` int(10) DEFAULT NULL,
  `order` int(10) DEFAULT NULL,
  `created_at` timestamp NULL DEFAULT NULL,
  `updated_at` timestamp NULL DEFAULT NULL ON UPDATE CURRENT_TIMESTAMP
) ENGINE=InnoDB DEFAULT CHARSET=latin1;

--
-- Dumping data for table `bkm_product_data_category`
--

INSERT INTO `bkm_product_data_category` (`id`, `product_id`, `product_category_id`, `order`, `created_at`, `updated_at`) VALUES
(1, 1, 1, NULL, NULL, NULL),
(28, 10, 10, NULL, NULL, NULL),
(29, 9, 9, NULL, NULL, NULL),
(30, 8, 8, NULL, NULL, NULL),
(31, 7, 7, NULL, NULL, NULL),
(32, 6, 6, NULL, NULL, NULL),
(33, 5, 5, NULL, NULL, NULL),
(34, 4, 4, NULL, NULL, NULL),
(35, 3, 3, NULL, NULL, NULL),
(36, 2, 2, NULL, NULL, NULL),
(37, 11, 1, NULL, NULL, NULL);

-- --------------------------------------------------------

--
-- Table structure for table `bkm_product_data_images`
--

CREATE TABLE `bkm_product_data_images` (
  `id` int(11) NOT NULL,
  `product_id` int(10) DEFAULT NULL,
  `product_data_attribute_master_id` int(11) DEFAULT NULL,
  `images_name` varchar(100) DEFAULT NULL,
  `status_primary` varchar(1) DEFAULT NULL,
  `status_cover` int(1) DEFAULT '0',
  `status` varchar(1) DEFAULT NULL,
  `order` int(3) DEFAULT NULL,
  `created_at` timestamp NULL DEFAULT '0000-00-00 00:00:00',
  `updated_at` timestamp NULL DEFAULT '0000-00-00 00:00:00' ON UPDATE CURRENT_TIMESTAMP
) ENGINE=InnoDB DEFAULT CHARSET=latin1;

--
-- Dumping data for table `bkm_product_data_images`
--

INSERT INTO `bkm_product_data_images` (`id`, `product_id`, `product_data_attribute_master_id`, `images_name`, `status_primary`, `status_cover`, `status`, `order`, `created_at`, `updated_at`) VALUES
(1, 1, NULL, 'z5Pbh2_product_detail.jpg', 'y', 0, 'y', 1, '2017-11-02 03:15:09', '2017-11-02 03:18:03'),
(2, 1, NULL, 'fgWZEp_product_detail.jpg', 'n', 0, 'y', 2, '2017-11-02 03:15:14', '2017-11-02 03:18:03'),
(3, 1, NULL, 'A2bimg_product_detail.jpg', 'n', 0, 'y', 3, '2017-11-02 03:15:17', '2017-11-02 03:18:03'),
(4, 1, NULL, 'sjRByc_product_detail.jpg', 'n', 0, 'y', 4, '2017-11-02 03:15:21', '2017-11-02 03:18:03'),
(5, 1, NULL, '3MS7VG_product_detail.jpg', 'n', 0, 'y', 5, '2017-11-02 03:15:26', '2017-11-02 03:18:03'),
(6, 2, NULL, 'nHrl3Y_product_detail.jpg', 'y', 0, 'y', 1, '2017-11-02 03:18:46', '2017-11-03 08:28:24'),
(7, 2, NULL, '4HB5Bo_product_detail.jpg', 'n', 0, 'y', 2, '2017-11-02 03:18:48', '2017-11-03 08:28:24'),
(8, 2, NULL, 'DpcOaV_product_detail.jpg', 'n', 0, 'y', 3, '2017-11-02 03:18:52', '2017-11-03 08:28:24'),
(9, 2, NULL, 'EYzfwW_product_detail.jpg', 'n', 0, 'y', 4, '2017-11-02 03:18:55', '2017-11-03 08:28:24'),
(10, 2, NULL, 'HRM50X_product_detail.jpg', 'n', 0, 'y', 5, '2017-11-02 03:18:58', '2017-11-03 08:28:24'),
(11, 3, NULL, '0V4fk3_product_detail.jpg', 'y', 0, 'y', 1, '2017-11-02 03:19:57', '2017-11-03 08:28:16'),
(12, 3, NULL, '4i5v5J_product_detail.jpg', 'n', 0, 'y', 2, '2017-11-02 03:20:00', '2017-11-03 08:28:16'),
(13, 3, NULL, 'Ci9PZy_product_detail.jpg', 'n', 0, 'y', 3, '2017-11-02 03:20:04', '2017-11-03 08:28:16'),
(14, 3, NULL, 'lGTDyY_product_detail.jpg', 'n', 0, 'y', 4, '2017-11-02 03:20:07', '2017-11-03 08:28:16'),
(15, 3, NULL, 'e7J0nc_product_detail.jpg', 'n', 0, 'y', 5, '2017-11-02 03:20:11', '2017-11-03 08:28:16'),
(16, 4, NULL, 'oQp2oY_product_detail.jpg', 'y', 0, 'y', 1, '2017-11-02 03:20:51', '2017-11-03 08:28:08'),
(17, 4, NULL, 'F83bvq_product_detail.jpg', 'n', 0, 'y', 2, '2017-11-02 03:20:54', '2017-11-03 08:28:08'),
(18, 4, NULL, '3vd0wW_product_detail.jpg', 'n', 0, 'y', 3, '2017-11-02 03:20:58', '2017-11-03 08:28:08'),
(19, 4, NULL, 'E3hb1M_product_detail.jpg', 'n', 0, 'y', 4, '2017-11-02 03:21:01', '2017-11-03 08:28:08'),
(20, 4, NULL, 'pGRN5U_product_detail.jpg', 'n', 0, 'y', 5, '2017-11-02 03:21:04', '2017-11-03 08:28:08'),
(21, 5, NULL, 'cXKJP1_product_detail.jpg', 'y', 0, 'y', 1, '2017-11-02 03:22:09', '2017-11-03 08:27:59'),
(22, 5, NULL, '1TIKvE_product_detail.jpg', 'n', 0, 'y', 2, '2017-11-02 03:22:12', '2017-11-03 08:27:59'),
(23, 5, NULL, 'zu7Dhb_product_detail.jpg', 'n', 0, 'y', 3, '2017-11-02 03:22:15', '2017-11-03 08:27:59'),
(24, 5, NULL, 'NY9nYB_product_detail.jpg', 'n', 0, 'y', 4, '2017-11-02 03:22:19', '2017-11-03 08:27:59'),
(25, 5, NULL, 'uJ5yb3_product_detail.jpg', 'n', 0, 'y', 5, '2017-11-02 03:22:25', '2017-11-03 08:27:59'),
(26, 6, NULL, 'jZVhjw_product_detail.jpg', 'y', 0, 'y', 1, '2017-11-02 03:39:45', '2017-11-03 08:27:49'),
(27, 6, NULL, 'UClxQs_product_detail.jpg', 'n', 0, 'y', 2, '2017-11-02 03:39:47', '2017-11-03 08:27:49'),
(28, 6, NULL, 'id1Bhx_product_detail.jpg', 'n', 0, 'y', 3, '2017-11-02 03:39:50', '2017-11-03 08:27:49'),
(29, 6, NULL, '2FkitU_product_detail.jpg', 'n', 0, 'y', 4, '2017-11-02 03:39:54', '2017-11-03 08:27:49'),
(30, 6, NULL, 'rm9TKY_product_detail.jpg', 'n', 0, 'y', 5, '2017-11-02 03:39:57', '2017-11-03 08:27:49'),
(31, 7, NULL, 'S1eBQ7_product_detail.jpg', 'y', 0, 'y', 1, '2017-11-02 03:40:39', '2017-11-03 08:27:41'),
(32, 7, NULL, 'zCHLzH_product_detail.jpg', 'n', 0, 'y', 2, '2017-11-02 03:40:42', '2017-11-03 08:27:41'),
(33, 7, NULL, 'Lf8cjH_product_detail.jpg', 'n', 0, 'y', 3, '2017-11-02 03:40:45', '2017-11-03 08:27:41'),
(34, 7, NULL, 'naBjVU_product_detail.jpg', 'n', 0, 'y', 4, '2017-11-02 03:40:47', '2017-11-03 08:27:41'),
(35, 7, NULL, 'RbRrHW_product_detail.jpg', 'n', 0, 'y', 5, '2017-11-02 03:40:50', '2017-11-03 08:27:41'),
(36, 8, NULL, 'LRjvGQ_product_detail.jpg', 'y', 0, 'y', 1, '2017-11-02 03:41:53', '2017-11-03 08:27:29'),
(37, 8, NULL, 'my56Na_product_detail.jpg', 'n', 0, 'y', 2, '2017-11-02 03:41:55', '2017-11-03 08:27:29'),
(38, 8, NULL, '8TXphO_product_detail.jpg', 'n', 0, 'y', 3, '2017-11-02 03:41:58', '2017-11-03 08:27:29'),
(39, 8, NULL, 'VIDe0y_product_detail.jpg', 'n', 0, 'y', 4, '2017-11-02 03:42:00', '2017-11-03 08:27:29'),
(40, 8, NULL, 'tKHDXD_product_detail.jpg', 'n', 0, 'y', 5, '2017-11-02 03:42:03', '2017-11-03 08:27:29'),
(41, 9, NULL, 'UP0KRj_product_detail.jpg', 'y', 0, 'y', 1, '2017-11-02 03:42:45', '2017-11-03 08:26:54'),
(42, 9, NULL, 'vdS6ij_product_detail.jpg', 'n', 0, 'y', 2, '2017-11-02 03:42:47', '2017-11-03 08:26:54'),
(43, 9, NULL, '5Yeu1X_product_detail.jpg', 'n', 0, 'y', 3, '2017-11-02 03:42:50', '2017-11-03 08:26:54'),
(44, 9, NULL, 'ComzlE_product_detail.jpg', 'n', 0, 'y', 4, '2017-11-02 03:42:53', '2017-11-03 08:26:54'),
(45, 9, NULL, 'Q9gN9R_product_detail.jpg', 'n', 0, 'y', 5, '2017-11-02 03:42:57', '2017-11-03 08:26:54'),
(46, 10, NULL, 'aTfS63_product_detail.jpg', 'y', 0, 'y', 1, '2017-11-02 03:48:48', '2017-11-03 08:26:46'),
(47, 10, NULL, '9LFojN_product_detail.jpg', 'n', 0, 'y', 2, '2017-11-02 03:48:51', '2017-11-03 08:26:46'),
(48, 10, NULL, 'jmYpg5_product_detail.jpg', 'n', 0, 'y', 3, '2017-11-02 03:48:53', '2017-11-03 08:26:46'),
(49, 10, NULL, 'Wmud4G_product_detail.jpg', 'n', 0, 'y', 4, '2017-11-02 03:48:55', '2017-11-03 08:26:46'),
(50, 10, NULL, 'WsdnD6_product_detail.jpg', 'n', 0, 'y', 5, '2017-11-02 03:48:58', '2017-11-03 08:26:46'),
(51, 11, NULL, 'FoRD1j_product_detail.jpg', 'y', 0, 'y', 1, '2017-11-02 09:40:11', '2017-12-08 09:22:40'),
(52, 11, NULL, 'cay49w_product_detail.jpg', 'n', 0, 'y', 2, '2017-11-02 09:40:14', '2017-12-08 09:22:40'),
(53, 11, NULL, 'pMEp6T_product_detail.jpg', 'n', 0, 'y', 3, '2017-11-02 09:40:16', '2017-12-08 09:22:40'),
(54, 11, NULL, 'GB7Bey_product_detail.jpg', 'n', 0, 'y', 4, '2017-11-02 09:40:19', '2017-12-08 09:22:40'),
(55, 11, NULL, 'cEvVLW_product_detail.jpg', 'n', 0, 'y', 5, '2017-11-02 09:40:23', '2017-12-08 09:22:40');

-- --------------------------------------------------------

--
-- Table structure for table `bkm_province`
--

CREATE TABLE `bkm_province` (
  `id` int(11) NOT NULL,
  `province_id` int(10) DEFAULT NULL,
  `name` varchar(100) DEFAULT NULL,
  `created_at` timestamp NULL DEFAULT '0000-00-00 00:00:00',
  `updated_at` timestamp NULL DEFAULT '0000-00-00 00:00:00' ON UPDATE CURRENT_TIMESTAMP
) ENGINE=InnoDB DEFAULT CHARSET=latin1;

--
-- Dumping data for table `bkm_province`
--

INSERT INTO `bkm_province` (`id`, `province_id`, `name`, `created_at`, `updated_at`) VALUES
(1, 1, 'Bali', '2016-06-02 10:59:30', '0000-00-00 00:00:00'),
(2, 2, 'Bangka Belitung', '2016-06-02 10:59:30', '0000-00-00 00:00:00'),
(3, 3, 'Banten', '2016-06-02 10:59:30', '0000-00-00 00:00:00'),
(4, 4, 'Bengkulu', '2016-06-02 10:59:30', '0000-00-00 00:00:00'),
(5, 5, 'DI Yogyakarta', '2016-06-02 10:59:30', '0000-00-00 00:00:00'),
(6, 6, 'DKI Jakarta', '2016-06-02 10:59:30', '0000-00-00 00:00:00'),
(7, 7, 'Gorontalo', '2016-06-02 10:59:30', '0000-00-00 00:00:00'),
(8, 8, 'Jambi', '2016-06-02 10:59:30', '0000-00-00 00:00:00'),
(9, 9, 'Jawa Barat', '2016-06-02 10:59:30', '0000-00-00 00:00:00'),
(10, 10, 'Jawa Tengah', '2016-06-02 10:59:30', '0000-00-00 00:00:00'),
(11, 11, 'Jawa Timur', '2016-06-02 10:59:30', '0000-00-00 00:00:00'),
(12, 12, 'Kalimantan Barat', '2016-06-02 10:59:30', '0000-00-00 00:00:00'),
(13, 13, 'Kalimantan Selatan', '2016-06-02 10:59:30', '0000-00-00 00:00:00'),
(14, 14, 'Kalimantan Tengah', '2016-06-02 10:59:30', '0000-00-00 00:00:00'),
(15, 15, 'Kalimantan Timur', '2016-06-02 10:59:30', '0000-00-00 00:00:00'),
(16, 16, 'Kalimantan Utara', '2016-06-02 10:59:30', '0000-00-00 00:00:00'),
(17, 17, 'Kepulauan Riau', '2016-06-02 10:59:30', '0000-00-00 00:00:00'),
(18, 18, 'Lampung', '2016-06-02 10:59:30', '0000-00-00 00:00:00'),
(19, 19, 'Maluku', '2016-06-02 10:59:30', '0000-00-00 00:00:00'),
(20, 20, 'Maluku Utara', '2016-06-02 10:59:30', '0000-00-00 00:00:00'),
(21, 21, 'Nanggroe Aceh Darussalam (NAD)', '2016-06-02 10:59:30', '0000-00-00 00:00:00'),
(22, 22, 'Nusa Tenggara Barat (NTB)', '2016-06-02 10:59:30', '0000-00-00 00:00:00'),
(23, 23, 'Nusa Tenggara Timur (NTT)', '2016-06-02 10:59:30', '0000-00-00 00:00:00'),
(24, 24, 'Papua', '2016-06-02 10:59:30', '0000-00-00 00:00:00'),
(25, 25, 'Papua Barat', '2016-06-02 10:59:30', '0000-00-00 00:00:00'),
(26, 26, 'Riau', '2016-06-02 10:59:30', '0000-00-00 00:00:00'),
(27, 27, 'Sulawesi Barat', '2016-06-02 10:59:30', '0000-00-00 00:00:00'),
(28, 28, 'Sulawesi Selatan', '2016-06-02 10:59:30', '0000-00-00 00:00:00'),
(29, 29, 'Sulawesi Tengah', '2016-06-02 10:59:30', '0000-00-00 00:00:00'),
(30, 30, 'Sulawesi Tenggara', '2016-06-02 10:59:30', '0000-00-00 00:00:00'),
(31, 31, 'Sulawesi Utara', '2016-06-02 10:59:30', '0000-00-00 00:00:00'),
(32, 32, 'Sumatera Barat', '2016-06-02 10:59:30', '0000-00-00 00:00:00'),
(33, 33, 'Sumatera Selatan', '2016-06-02 10:59:30', '0000-00-00 00:00:00'),
(34, 34, 'Sumatera Utara', '2016-06-02 10:59:30', '0000-00-00 00:00:00');

-- --------------------------------------------------------

--
-- Table structure for table `bkm_sessions`
--

CREATE TABLE `bkm_sessions` (
  `id` varchar(255) COLLATE utf8_unicode_ci NOT NULL,
  `payload` text COLLATE utf8_unicode_ci NOT NULL,
  `last_activity` int(11) NOT NULL
) ENGINE=MyISAM DEFAULT CHARSET=utf8 COLLATE=utf8_unicode_ci;

-- --------------------------------------------------------

--
-- Table structure for table `bkm_slideshow`
--

CREATE TABLE `bkm_slideshow` (
  `id` int(11) NOT NULL,
  `pages_id` int(11) DEFAULT NULL,
  `slideshow_name` varchar(100) DEFAULT NULL,
  `description` text,
  `url` text,
  `button_text` varchar(30) DEFAULT NULL,
  `position` int(1) DEFAULT NULL,
  `image` varchar(100) DEFAULT NULL,
  `status` varchar(1) DEFAULT NULL,
  `order` int(10) DEFAULT NULL,
  `upd_by` int(10) DEFAULT NULL,
  `created_at` timestamp NULL DEFAULT '0000-00-00 00:00:00',
  `updated_at` timestamp NULL DEFAULT '0000-00-00 00:00:00' ON UPDATE CURRENT_TIMESTAMP
) ENGINE=InnoDB DEFAULT CHARSET=latin1;

--
-- Dumping data for table `bkm_slideshow`
--

INSERT INTO `bkm_slideshow` (`id`, `pages_id`, `slideshow_name`, `description`, `url`, `button_text`, `position`, `image`, `status`, `order`, `upd_by`, `created_at`, `updated_at`) VALUES
(1, NULL, 'Slide 1', '', '#', '', NULL, 'CubzB6_slideshow.jpg', 'y', NULL, 1, '2017-11-01 08:28:27', '2017-11-01 08:28:27'),
(2, NULL, 'Slide 2', '', '#', '', NULL, 'vc9PJW_slideshow.jpg', 'y', NULL, 1, '2017-11-01 08:30:49', '2017-11-01 08:30:49'),
(3, NULL, 'Slide 3', '', '#', '', NULL, 'F8zCcq_slideshow.jpg', 'y', NULL, 1, '2017-11-01 08:31:05', '2017-11-01 08:31:05');

-- --------------------------------------------------------

--
-- Table structure for table `bkm_socialmedia`
--

CREATE TABLE `bkm_socialmedia` (
  `id` int(11) NOT NULL,
  `socialmedia_name` varchar(100) DEFAULT NULL,
  `url` text,
  `image` varchar(100) DEFAULT NULL,
  `status` varchar(1) DEFAULT NULL,
  `order` int(10) DEFAULT NULL,
  `upd_by` int(10) DEFAULT NULL,
  `created_at` timestamp NULL DEFAULT '0000-00-00 00:00:00',
  `updated_at` timestamp NULL DEFAULT '0000-00-00 00:00:00' ON UPDATE CURRENT_TIMESTAMP
) ENGINE=InnoDB DEFAULT CHARSET=latin1;

--
-- Dumping data for table `bkm_socialmedia`
--

INSERT INTO `bkm_socialmedia` (`id`, `socialmedia_name`, `url`, `image`, `status`, `order`, `upd_by`, `created_at`, `updated_at`) VALUES
(2, 'Facebook', 'https://www.facebook.com/PT-Solveway-Digital-Indonesia-2101773256715028/', 'fa fa-facebook', 'y', 2, 1, '2016-05-20 03:07:40', '2017-06-09 04:22:41'),
(3, 'Twitter', 'https://twitter.com/SolvewayDI', 'fa fa-twitter', 'y', 1, 1, '2016-12-02 14:42:00', '2017-06-09 04:23:00'),
(4, 'Instagram', 'https://www.instagram.com/solveway/', 'fa fa-instagram', 'y', 3, 1, '2016-12-02 14:42:20', '2017-06-09 04:22:41');

-- --------------------------------------------------------

--
-- Table structure for table `bkm_subscriber`
--

CREATE TABLE `bkm_subscriber` (
  `id` int(11) NOT NULL,
  `email` varchar(100) DEFAULT NULL,
  `created_at` timestamp NULL DEFAULT '0000-00-00 00:00:00',
  `updated_at` timestamp NULL DEFAULT '0000-00-00 00:00:00' ON UPDATE CURRENT_TIMESTAMP
) ENGINE=InnoDB DEFAULT CHARSET=latin1;

--
-- Dumping data for table `bkm_subscriber`
--

INSERT INTO `bkm_subscriber` (`id`, `email`, `created_at`, `updated_at`) VALUES
(1, 'testdevlop203@gmail.com', '2017-11-07 08:25:35', '2017-11-07 08:25:35');

-- --------------------------------------------------------

--
-- Table structure for table `bkm_sub_district`
--

CREATE TABLE `bkm_sub_district` (
  `id` int(11) NOT NULL,
  `city_id` int(10) DEFAULT NULL,
  `sub_district_id` int(10) DEFAULT NULL,
  `name` varchar(100) DEFAULT NULL,
  `created_at` timestamp NULL DEFAULT '0000-00-00 00:00:00',
  `updated_at` timestamp NULL DEFAULT '0000-00-00 00:00:00' ON UPDATE CURRENT_TIMESTAMP
) ENGINE=InnoDB DEFAULT CHARSET=latin1;

--
-- Dumping data for table `bkm_sub_district`
--

INSERT INTO `bkm_sub_district` (`id`, `city_id`, `sub_district_id`, `name`, `created_at`, `updated_at`) VALUES
(1, 1, 1, 'Arongan Lambalek', '2016-06-05 06:37:46', '0000-00-00 00:00:00'),
(2, 1, 2, 'Bubon', '2016-06-05 06:37:46', '0000-00-00 00:00:00'),
(3, 1, 3, 'Johan Pahlawan', '2016-06-05 06:37:46', '0000-00-00 00:00:00'),
(4, 1, 4, 'Kaway XVI', '2016-06-05 06:37:46', '0000-00-00 00:00:00'),
(5, 1, 5, 'Meureubo', '2016-06-05 06:37:46', '0000-00-00 00:00:00'),
(6, 1, 6, 'Pante Ceureumen (Pantai Ceuremen)', '2016-06-05 06:37:46', '0000-00-00 00:00:00'),
(7, 1, 7, 'Panton Reu', '2016-06-05 06:37:46', '0000-00-00 00:00:00'),
(8, 1, 8, 'Samatiga', '2016-06-05 06:37:46', '0000-00-00 00:00:00'),
(9, 1, 9, 'Sungai Mas', '2016-06-05 06:37:46', '0000-00-00 00:00:00'),
(10, 1, 10, 'Woyla', '2016-06-05 06:37:46', '0000-00-00 00:00:00'),
(11, 1, 11, 'Woyla Barat', '2016-06-05 06:37:46', '0000-00-00 00:00:00'),
(12, 1, 12, 'Woyla Timur', '2016-06-05 06:37:46', '0000-00-00 00:00:00'),
(13, 2, 13, 'Babah Rot', '2016-06-05 06:37:55', '0000-00-00 00:00:00'),
(14, 2, 14, 'Blang Pidie', '2016-06-05 06:37:55', '0000-00-00 00:00:00'),
(15, 2, 15, 'Jeumpa', '2016-06-05 06:37:55', '0000-00-00 00:00:00'),
(16, 2, 16, 'Kuala Batee', '2016-06-05 06:37:55', '0000-00-00 00:00:00'),
(17, 2, 17, 'Lembah Sabil', '2016-06-05 06:37:55', '0000-00-00 00:00:00'),
(18, 2, 18, 'Manggeng', '2016-06-05 06:37:55', '0000-00-00 00:00:00'),
(19, 2, 19, 'Setia', '2016-06-05 06:37:55', '0000-00-00 00:00:00'),
(20, 2, 20, 'Susoh', '2016-06-05 06:37:55', '0000-00-00 00:00:00'),
(21, 2, 21, 'Tangan-Tangan', '2016-06-05 06:37:55', '0000-00-00 00:00:00'),
(22, 3, 22, 'Baitussalam', '2016-06-05 06:38:07', '0000-00-00 00:00:00'),
(23, 3, 23, 'Blank Bintang', '2016-06-05 06:38:07', '0000-00-00 00:00:00'),
(24, 3, 24, 'Darul Imarah', '2016-06-05 06:38:07', '0000-00-00 00:00:00'),
(25, 3, 25, 'Darul Kamal', '2016-06-05 06:38:07', '0000-00-00 00:00:00'),
(26, 3, 26, 'Darussalam', '2016-06-05 06:38:07', '0000-00-00 00:00:00'),
(27, 3, 27, 'Indrapuri', '2016-06-05 06:38:07', '0000-00-00 00:00:00'),
(28, 3, 28, 'Ingin Jaya', '2016-06-05 06:38:07', '0000-00-00 00:00:00'),
(29, 3, 29, 'Kota Cot Glie (Kuta Cot Glie)', '2016-06-05 06:38:07', '0000-00-00 00:00:00'),
(30, 3, 30, 'Kota Jantho', '2016-06-05 06:38:07', '0000-00-00 00:00:00'),
(31, 3, 31, 'Kota Malaka (Kuta Malaka)', '2016-06-05 06:38:07', '0000-00-00 00:00:00'),
(32, 3, 32, 'Krueng Barona Jaya', '2016-06-05 06:38:07', '0000-00-00 00:00:00'),
(33, 3, 33, 'Kuta Baro', '2016-06-05 06:38:07', '0000-00-00 00:00:00'),
(34, 3, 34, 'Lembah Seulawah', '2016-06-05 06:38:07', '0000-00-00 00:00:00'),
(35, 3, 35, 'Leupung', '2016-06-05 06:38:07', '0000-00-00 00:00:00'),
(36, 3, 36, 'Lhoknga (Lho''nga)', '2016-06-05 06:38:07', '0000-00-00 00:00:00'),
(37, 3, 37, 'Lhoong', '2016-06-05 06:38:07', '0000-00-00 00:00:00'),
(38, 3, 38, 'Mantasiek (Montasik)', '2016-06-05 06:38:07', '0000-00-00 00:00:00'),
(39, 3, 39, 'Mesjid Raya', '2016-06-05 06:38:07', '0000-00-00 00:00:00'),
(40, 3, 40, 'Peukan Bada', '2016-06-05 06:38:07', '0000-00-00 00:00:00'),
(41, 3, 41, 'Pulo Aceh', '2016-06-05 06:38:07', '0000-00-00 00:00:00'),
(42, 3, 42, 'Seulimeum', '2016-06-05 06:38:07', '0000-00-00 00:00:00'),
(43, 3, 43, 'Simpang Tiga', '2016-06-05 06:38:07', '0000-00-00 00:00:00'),
(44, 3, 44, 'Suka Makmur', '2016-06-05 06:38:07', '0000-00-00 00:00:00'),
(45, 4, 45, 'Darul Hikmah', '2016-06-05 06:38:16', '0000-00-00 00:00:00'),
(46, 4, 46, 'Indra Jaya', '2016-06-05 06:38:16', '0000-00-00 00:00:00'),
(47, 4, 47, 'Jaya', '2016-06-05 06:38:16', '0000-00-00 00:00:00'),
(48, 4, 48, 'Keude Panga', '2016-06-05 06:38:16', '0000-00-00 00:00:00'),
(49, 4, 49, 'Krueng Sabee', '2016-06-05 06:38:16', '0000-00-00 00:00:00'),
(50, 4, 50, 'Pasie Raya', '2016-06-05 06:38:16', '0000-00-00 00:00:00'),
(51, 4, 51, 'Sampoiniet', '2016-06-05 06:38:16', '0000-00-00 00:00:00'),
(52, 4, 52, 'Setia Bakti', '2016-06-05 06:38:16', '0000-00-00 00:00:00'),
(53, 4, 53, 'Teunom', '2016-06-05 06:38:16', '0000-00-00 00:00:00'),
(54, 5, 54, 'Bakongan', '2016-06-05 06:38:26', '0000-00-00 00:00:00'),
(55, 5, 55, 'Bakongan Timur', '2016-06-05 06:38:26', '0000-00-00 00:00:00'),
(56, 5, 56, 'Kluet Selatan', '2016-06-05 06:38:26', '0000-00-00 00:00:00'),
(57, 5, 57, 'Kluet Tengah', '2016-06-05 06:38:26', '0000-00-00 00:00:00'),
(58, 5, 58, 'Kluet Timur', '2016-06-05 06:38:26', '0000-00-00 00:00:00'),
(59, 5, 59, 'Kluet Utara', '2016-06-05 06:38:26', '0000-00-00 00:00:00'),
(60, 5, 60, 'Kota Bahagia', '2016-06-05 06:38:26', '0000-00-00 00:00:00'),
(61, 5, 61, 'Labuhan Haji', '2016-06-05 06:38:26', '0000-00-00 00:00:00'),
(62, 5, 62, 'Labuhan Haji Barat', '2016-06-05 06:38:26', '0000-00-00 00:00:00'),
(63, 5, 63, 'Labuhan Haji Timur', '2016-06-05 06:38:26', '0000-00-00 00:00:00'),
(64, 5, 64, 'Meukek', '2016-06-05 06:38:26', '0000-00-00 00:00:00'),
(65, 5, 65, 'Pasie Raja', '2016-06-05 06:38:26', '0000-00-00 00:00:00'),
(66, 5, 66, 'Sama Dua', '2016-06-05 06:38:26', '0000-00-00 00:00:00'),
(67, 5, 67, 'Sawang', '2016-06-05 06:38:26', '0000-00-00 00:00:00'),
(68, 5, 68, 'Tapak Tuan', '2016-06-05 06:38:26', '0000-00-00 00:00:00'),
(69, 5, 69, 'Trumon', '2016-06-05 06:38:26', '0000-00-00 00:00:00'),
(70, 5, 70, 'Trumon Tengah', '2016-06-05 06:38:26', '0000-00-00 00:00:00'),
(71, 5, 71, 'Trumon Timur', '2016-06-05 06:38:26', '0000-00-00 00:00:00'),
(72, 6, 72, 'Danau Paris', '2016-06-05 06:38:27', '0000-00-00 00:00:00'),
(73, 6, 73, 'Gunung Meriah (Mariah)', '2016-06-05 06:38:27', '0000-00-00 00:00:00'),
(74, 6, 74, 'Kota Baharu', '2016-06-05 06:38:27', '0000-00-00 00:00:00'),
(75, 6, 75, 'Kuala Baru', '2016-06-05 06:38:27', '0000-00-00 00:00:00'),
(76, 6, 76, 'Pulau Banyak', '2016-06-05 06:38:27', '0000-00-00 00:00:00'),
(77, 6, 77, 'Pulau Banyak Barat', '2016-06-05 06:38:27', '0000-00-00 00:00:00'),
(78, 6, 78, 'Simpang Kanan', '2016-06-05 06:38:27', '0000-00-00 00:00:00'),
(79, 6, 79, 'Singkil', '2016-06-05 06:38:27', '0000-00-00 00:00:00'),
(80, 6, 80, 'Singkil Utara', '2016-06-05 06:38:27', '0000-00-00 00:00:00'),
(81, 6, 81, 'Singkohor', '2016-06-05 06:38:27', '0000-00-00 00:00:00'),
(82, 6, 82, 'Suro Makmur', '2016-06-05 06:38:27', '0000-00-00 00:00:00'),
(83, 7, 83, 'Banda Mulia', '2016-06-05 06:38:27', '0000-00-00 00:00:00'),
(84, 7, 84, 'Bandar Pusaka', '2016-06-05 06:38:27', '0000-00-00 00:00:00'),
(85, 7, 85, 'Bendahara', '2016-06-05 06:38:27', '0000-00-00 00:00:00'),
(86, 7, 86, 'Karang Baru', '2016-06-05 06:38:27', '0000-00-00 00:00:00'),
(87, 7, 87, 'Kejuruan Muda', '2016-06-05 06:38:27', '0000-00-00 00:00:00'),
(88, 7, 88, 'Kota Kuala Simpang', '2016-06-05 06:38:27', '0000-00-00 00:00:00'),
(89, 7, 89, 'Manyak Payed', '2016-06-05 06:38:27', '0000-00-00 00:00:00'),
(90, 7, 90, 'Rantau', '2016-06-05 06:38:27', '0000-00-00 00:00:00'),
(91, 7, 91, 'Sekerak', '2016-06-05 06:38:27', '0000-00-00 00:00:00'),
(92, 7, 92, 'Seruway', '2016-06-05 06:38:27', '0000-00-00 00:00:00'),
(93, 7, 93, 'Tamiang Hulu', '2016-06-05 06:38:27', '0000-00-00 00:00:00'),
(94, 7, 94, 'Tenggulun', '2016-06-05 06:38:27', '0000-00-00 00:00:00'),
(95, 8, 95, 'Atu Lintang', '2016-06-05 06:38:27', '0000-00-00 00:00:00'),
(96, 8, 96, 'Bebesen', '2016-06-05 06:38:27', '0000-00-00 00:00:00'),
(97, 8, 97, 'Bies', '2016-06-05 06:38:27', '0000-00-00 00:00:00'),
(98, 8, 98, 'Bintang', '2016-06-05 06:38:27', '0000-00-00 00:00:00'),
(99, 8, 99, 'Celala', '2016-06-05 06:38:27', '0000-00-00 00:00:00'),
(100, 8, 100, 'Jagong Jeget', '2016-06-05 06:38:27', '0000-00-00 00:00:00'),
(101, 8, 101, 'Kebayakan', '2016-06-05 06:38:27', '0000-00-00 00:00:00'),
(102, 8, 102, 'Ketol', '2016-06-05 06:38:27', '0000-00-00 00:00:00'),
(103, 8, 103, 'Kute Panang', '2016-06-05 06:38:27', '0000-00-00 00:00:00'),
(104, 8, 104, 'Linge', '2016-06-05 06:38:27', '0000-00-00 00:00:00'),
(105, 8, 105, 'Lut Tawar', '2016-06-05 06:38:27', '0000-00-00 00:00:00'),
(106, 8, 106, 'Pegasing', '2016-06-05 06:38:27', '0000-00-00 00:00:00'),
(107, 8, 107, 'Rusip Antara', '2016-06-05 06:38:27', '0000-00-00 00:00:00'),
(108, 8, 108, 'Silih Nara', '2016-06-05 06:38:27', '0000-00-00 00:00:00'),
(109, 9, 109, 'Babul Makmur', '2016-06-05 06:38:27', '0000-00-00 00:00:00'),
(110, 9, 110, 'Babul Rahmah', '2016-06-05 06:38:27', '0000-00-00 00:00:00'),
(111, 9, 111, 'Babussalam', '2016-06-05 06:38:27', '0000-00-00 00:00:00'),
(112, 9, 112, 'Badar', '2016-06-05 06:38:27', '0000-00-00 00:00:00'),
(113, 9, 113, 'Bambel', '2016-06-05 06:38:27', '0000-00-00 00:00:00'),
(114, 9, 114, 'Bukit Tusam', '2016-06-05 06:38:27', '0000-00-00 00:00:00'),
(115, 9, 115, 'Darul Hasanah', '2016-06-05 06:38:27', '0000-00-00 00:00:00'),
(116, 9, 116, 'Deleng Pokhisen', '2016-06-05 06:38:27', '0000-00-00 00:00:00'),
(117, 9, 117, 'Ketambe', '2016-06-05 06:38:27', '0000-00-00 00:00:00'),
(118, 9, 118, 'Lawe Alas', '2016-06-05 06:38:27', '0000-00-00 00:00:00'),
(119, 9, 119, 'Lawe Bulan', '2016-06-05 06:38:27', '0000-00-00 00:00:00'),
(120, 9, 120, 'Lawe Sigala-Gala', '2016-06-05 06:38:27', '0000-00-00 00:00:00'),
(121, 9, 121, 'Lawe Sumur', '2016-06-05 06:38:27', '0000-00-00 00:00:00'),
(122, 9, 122, 'Leuser', '2016-06-05 06:38:27', '0000-00-00 00:00:00'),
(123, 9, 123, 'Semadam', '2016-06-05 06:38:27', '0000-00-00 00:00:00'),
(124, 9, 124, 'Tanah Alas', '2016-06-05 06:38:27', '0000-00-00 00:00:00'),
(125, 10, 125, 'Banda Alam', '2016-06-05 06:38:27', '0000-00-00 00:00:00'),
(126, 10, 126, 'Birem Bayeun', '2016-06-05 06:38:27', '0000-00-00 00:00:00'),
(127, 10, 127, 'Darul Aman', '2016-06-05 06:38:27', '0000-00-00 00:00:00'),
(128, 10, 128, 'Darul Falah', '2016-06-05 06:38:27', '0000-00-00 00:00:00'),
(129, 10, 129, 'Darul Iksan (Ihsan)', '2016-06-05 06:38:27', '0000-00-00 00:00:00'),
(130, 10, 130, 'Idi Rayeuk', '2016-06-05 06:38:27', '0000-00-00 00:00:00'),
(131, 10, 131, 'Idi Timur', '2016-06-05 06:38:27', '0000-00-00 00:00:00'),
(132, 10, 132, 'Idi Tunong', '2016-06-05 06:38:27', '0000-00-00 00:00:00'),
(133, 10, 133, 'Indra Makmur', '2016-06-05 06:38:27', '0000-00-00 00:00:00'),
(134, 10, 134, 'Julok', '2016-06-05 06:38:27', '0000-00-00 00:00:00'),
(135, 10, 135, 'Madat', '2016-06-05 06:38:27', '0000-00-00 00:00:00'),
(136, 10, 136, 'Nurussalam', '2016-06-05 06:38:27', '0000-00-00 00:00:00'),
(137, 10, 137, 'Pante Bidari (Beudari)', '2016-06-05 06:38:27', '0000-00-00 00:00:00'),
(138, 10, 138, 'Peudawa', '2016-06-05 06:38:27', '0000-00-00 00:00:00'),
(139, 10, 139, 'Peunaron', '2016-06-05 06:38:27', '0000-00-00 00:00:00'),
(140, 10, 140, 'Peureulak', '2016-06-05 06:38:27', '0000-00-00 00:00:00'),
(141, 10, 141, 'Peureulak Barat', '2016-06-05 06:38:27', '0000-00-00 00:00:00'),
(142, 10, 142, 'Peureulak Timur', '2016-06-05 06:38:27', '0000-00-00 00:00:00'),
(143, 10, 143, 'Rantau Selamat', '2016-06-05 06:38:27', '0000-00-00 00:00:00'),
(144, 10, 144, 'Ranto Peureulak', '2016-06-05 06:38:27', '0000-00-00 00:00:00'),
(145, 10, 145, 'Serba Jadi', '2016-06-05 06:38:27', '0000-00-00 00:00:00'),
(146, 10, 146, 'Simpang Jernih', '2016-06-05 06:38:27', '0000-00-00 00:00:00'),
(147, 10, 147, 'Simpang Ulim', '2016-06-05 06:38:27', '0000-00-00 00:00:00'),
(148, 10, 148, 'Sungai Raya', '2016-06-05 06:38:27', '0000-00-00 00:00:00'),
(149, 11, 149, 'Baktiya', '2016-06-05 06:38:27', '0000-00-00 00:00:00'),
(150, 11, 150, 'Baktiya Barat', '2016-06-05 06:38:27', '0000-00-00 00:00:00'),
(151, 11, 151, 'Banda Baro', '2016-06-05 06:38:27', '0000-00-00 00:00:00'),
(152, 11, 152, 'Cot Girek', '2016-06-05 06:38:27', '0000-00-00 00:00:00'),
(153, 11, 153, 'Dewantara', '2016-06-05 06:38:27', '0000-00-00 00:00:00'),
(154, 11, 154, 'Geuredong Pase', '2016-06-05 06:38:27', '0000-00-00 00:00:00'),
(155, 11, 155, 'Kuta Makmur', '2016-06-05 06:38:27', '0000-00-00 00:00:00'),
(156, 11, 156, 'Langkahan', '2016-06-05 06:38:27', '0000-00-00 00:00:00'),
(157, 11, 157, 'Lapang', '2016-06-05 06:38:27', '0000-00-00 00:00:00'),
(158, 11, 158, 'Lhoksukon', '2016-06-05 06:38:27', '0000-00-00 00:00:00'),
(159, 11, 159, 'Matangkuli', '2016-06-05 06:38:27', '0000-00-00 00:00:00'),
(160, 11, 160, 'Meurah Mulia', '2016-06-05 06:38:27', '0000-00-00 00:00:00'),
(161, 11, 161, 'Muara Batu', '2016-06-05 06:38:27', '0000-00-00 00:00:00'),
(162, 11, 162, 'Nibong', '2016-06-05 06:38:27', '0000-00-00 00:00:00'),
(163, 11, 163, 'Nisam', '2016-06-05 06:38:27', '0000-00-00 00:00:00'),
(164, 11, 164, 'Nisam Antara', '2016-06-05 06:38:27', '0000-00-00 00:00:00'),
(165, 11, 165, 'Paya Bakong', '2016-06-05 06:38:27', '0000-00-00 00:00:00'),
(166, 11, 166, 'Pirak Timur', '2016-06-05 06:38:27', '0000-00-00 00:00:00'),
(167, 11, 167, 'Samudera', '2016-06-05 06:38:27', '0000-00-00 00:00:00'),
(168, 11, 168, 'Sawang', '2016-06-05 06:38:27', '0000-00-00 00:00:00'),
(169, 11, 169, 'Seunuddon (Seunudon)', '2016-06-05 06:38:27', '0000-00-00 00:00:00'),
(170, 11, 170, 'Simpang Kramat (Keramat)', '2016-06-05 06:38:27', '0000-00-00 00:00:00'),
(171, 11, 171, 'Syamtalira Aron', '2016-06-05 06:38:27', '0000-00-00 00:00:00'),
(172, 11, 172, 'Syamtalira Bayu', '2016-06-05 06:38:27', '0000-00-00 00:00:00'),
(173, 11, 173, 'Tanah Jambo Aye', '2016-06-05 06:38:27', '0000-00-00 00:00:00'),
(174, 11, 174, 'Tanah Luas', '2016-06-05 06:38:27', '0000-00-00 00:00:00'),
(175, 11, 175, 'Tanah Pasir', '2016-06-05 06:38:27', '0000-00-00 00:00:00'),
(176, 12, 176, 'Ampek Nagari (IV Nagari )', '2016-06-05 06:38:28', '0000-00-00 00:00:00'),
(177, 12, 177, 'Banuhampu', '2016-06-05 06:38:28', '0000-00-00 00:00:00'),
(178, 12, 178, 'Baso', '2016-06-05 06:38:28', '0000-00-00 00:00:00'),
(179, 12, 179, 'Candung', '2016-06-05 06:38:28', '0000-00-00 00:00:00'),
(180, 12, 180, 'IV Angkat Candung (Ampek Angkek)', '2016-06-05 06:38:28', '0000-00-00 00:00:00'),
(181, 12, 181, 'IV Koto (Ampek Koto)', '2016-06-05 06:38:28', '0000-00-00 00:00:00'),
(182, 12, 182, 'Kamang Magek', '2016-06-05 06:38:28', '0000-00-00 00:00:00'),
(183, 12, 183, 'Lubuk Basung', '2016-06-05 06:38:28', '0000-00-00 00:00:00'),
(184, 12, 184, 'Malakak', '2016-06-05 06:38:28', '0000-00-00 00:00:00'),
(185, 12, 185, 'Matur', '2016-06-05 06:38:28', '0000-00-00 00:00:00'),
(186, 12, 186, 'Palembayan', '2016-06-05 06:38:28', '0000-00-00 00:00:00'),
(187, 12, 187, 'Palupuh', '2016-06-05 06:38:28', '0000-00-00 00:00:00'),
(188, 12, 188, 'Sungai Pua (Puar)', '2016-06-05 06:38:28', '0000-00-00 00:00:00'),
(189, 12, 189, 'Tanjung Mutiara', '2016-06-05 06:38:28', '0000-00-00 00:00:00'),
(190, 12, 190, 'Tanjung Raya', '2016-06-05 06:38:28', '0000-00-00 00:00:00'),
(191, 12, 191, 'Tilatang Kamang', '2016-06-05 06:38:28', '0000-00-00 00:00:00'),
(192, 13, 192, 'Alor Barat Daya', '2016-06-05 06:38:28', '0000-00-00 00:00:00'),
(193, 13, 193, 'Alor Barat Laut', '2016-06-05 06:38:28', '0000-00-00 00:00:00'),
(194, 13, 194, 'Alor Selatan', '2016-06-05 06:38:28', '0000-00-00 00:00:00'),
(195, 13, 195, 'Alor Tengah Utara', '2016-06-05 06:38:28', '0000-00-00 00:00:00'),
(196, 13, 196, 'Alor Timur', '2016-06-05 06:38:28', '0000-00-00 00:00:00'),
(197, 13, 197, 'Alor Timur Laut', '2016-06-05 06:38:28', '0000-00-00 00:00:00'),
(198, 13, 198, 'Kabola', '2016-06-05 06:38:28', '0000-00-00 00:00:00'),
(199, 13, 199, 'Lembur', '2016-06-05 06:38:28', '0000-00-00 00:00:00'),
(200, 13, 200, 'Mataru', '2016-06-05 06:38:28', '0000-00-00 00:00:00'),
(201, 13, 201, 'Pantar', '2016-06-05 06:38:28', '0000-00-00 00:00:00'),
(202, 13, 202, 'Pantar Barat', '2016-06-05 06:38:28', '0000-00-00 00:00:00'),
(203, 13, 203, 'Pantar Barat Laut', '2016-06-05 06:38:28', '0000-00-00 00:00:00'),
(204, 13, 204, 'Pantar Tengah', '2016-06-05 06:38:28', '0000-00-00 00:00:00'),
(205, 13, 205, 'Pantar Timur', '2016-06-05 06:38:28', '0000-00-00 00:00:00'),
(206, 13, 206, 'Pulau Pura', '2016-06-05 06:38:28', '0000-00-00 00:00:00'),
(207, 13, 207, 'Pureman', '2016-06-05 06:38:28', '0000-00-00 00:00:00'),
(208, 13, 208, 'Teluk Mutiara', '2016-06-05 06:38:28', '0000-00-00 00:00:00'),
(209, 14, 209, 'Baguala', '2016-06-05 06:38:28', '0000-00-00 00:00:00'),
(210, 14, 210, 'Leitimur Selatan', '2016-06-05 06:38:28', '0000-00-00 00:00:00'),
(211, 14, 211, 'Nusaniwe (Nusanive)', '2016-06-05 06:38:28', '0000-00-00 00:00:00'),
(212, 14, 212, 'Sirimau', '2016-06-05 06:38:28', '0000-00-00 00:00:00'),
(213, 14, 213, 'Teluk Ambon', '2016-06-05 06:38:28', '0000-00-00 00:00:00'),
(214, 15, 214, 'Aek Kuasan', '2016-06-05 06:38:28', '0000-00-00 00:00:00'),
(215, 15, 215, 'Aek Ledong', '2016-06-05 06:38:28', '0000-00-00 00:00:00'),
(216, 15, 216, 'Aek Songsongan', '2016-06-05 06:38:28', '0000-00-00 00:00:00'),
(217, 15, 217, 'Air Batu', '2016-06-05 06:38:28', '0000-00-00 00:00:00'),
(218, 15, 218, 'Air Joman', '2016-06-05 06:38:28', '0000-00-00 00:00:00'),
(219, 15, 219, 'Bandar Pasir Mandoge', '2016-06-05 06:38:28', '0000-00-00 00:00:00'),
(220, 15, 220, 'Bandar Pulau', '2016-06-05 06:38:28', '0000-00-00 00:00:00'),
(221, 15, 221, 'Buntu Pane', '2016-06-05 06:38:28', '0000-00-00 00:00:00'),
(222, 15, 222, 'Kisaran Barat Kota', '2016-06-05 06:38:28', '0000-00-00 00:00:00'),
(223, 15, 223, 'Kisaran Timur Kota', '2016-06-05 06:38:28', '0000-00-00 00:00:00'),
(224, 15, 224, 'Meranti', '2016-06-05 06:38:28', '0000-00-00 00:00:00'),
(225, 15, 225, 'Pulau Rakyat', '2016-06-05 06:38:28', '0000-00-00 00:00:00'),
(226, 15, 226, 'Pulo Bandring', '2016-06-05 06:38:28', '0000-00-00 00:00:00'),
(227, 15, 227, 'Rahuning', '2016-06-05 06:38:28', '0000-00-00 00:00:00'),
(228, 15, 228, 'Rawang Panca Arga', '2016-06-05 06:38:28', '0000-00-00 00:00:00'),
(229, 15, 229, 'Sei Dadap', '2016-06-05 06:38:28', '0000-00-00 00:00:00'),
(230, 15, 230, 'Sei Kepayang', '2016-06-05 06:38:28', '0000-00-00 00:00:00'),
(231, 15, 231, 'Sei Kepayang Barat', '2016-06-05 06:38:28', '0000-00-00 00:00:00'),
(232, 15, 232, 'Sei Kepayang Timur', '2016-06-05 06:38:28', '0000-00-00 00:00:00'),
(233, 15, 233, 'Setia Janji', '2016-06-05 06:38:28', '0000-00-00 00:00:00'),
(234, 15, 234, 'Silau Laut', '2016-06-05 06:38:28', '0000-00-00 00:00:00'),
(235, 15, 235, 'Simpang Empat', '2016-06-05 06:38:28', '0000-00-00 00:00:00'),
(236, 15, 236, 'Tanjung Balai', '2016-06-05 06:38:28', '0000-00-00 00:00:00'),
(237, 15, 237, 'Teluk Dalam', '2016-06-05 06:38:28', '0000-00-00 00:00:00'),
(238, 15, 238, 'Tinggi Raja', '2016-06-05 06:38:28', '0000-00-00 00:00:00'),
(239, 16, 239, 'Agats', '2016-06-05 06:38:29', '0000-00-00 00:00:00'),
(240, 16, 240, 'Akat', '2016-06-05 06:38:29', '0000-00-00 00:00:00'),
(241, 16, 241, 'Atsy / Atsj', '2016-06-05 06:38:29', '0000-00-00 00:00:00'),
(242, 16, 242, 'Ayip', '2016-06-05 06:38:29', '0000-00-00 00:00:00'),
(243, 16, 243, 'Betcbamu', '2016-06-05 06:38:29', '0000-00-00 00:00:00'),
(244, 16, 244, 'Der Koumur', '2016-06-05 06:38:29', '0000-00-00 00:00:00'),
(245, 16, 245, 'Fayit', '2016-06-05 06:38:29', '0000-00-00 00:00:00'),
(246, 16, 246, 'Jetsy', '2016-06-05 06:38:29', '0000-00-00 00:00:00'),
(247, 16, 247, 'Joerat', '2016-06-05 06:38:29', '0000-00-00 00:00:00'),
(248, 16, 248, 'Kolf Braza', '2016-06-05 06:38:29', '0000-00-00 00:00:00'),
(249, 16, 249, 'Kopay', '2016-06-05 06:38:29', '0000-00-00 00:00:00'),
(250, 16, 250, 'Pantai Kasuari', '2016-06-05 06:38:29', '0000-00-00 00:00:00'),
(251, 16, 251, 'Pulau Tiga', '2016-06-05 06:38:29', '0000-00-00 00:00:00'),
(252, 16, 252, 'Safan', '2016-06-05 06:38:29', '0000-00-00 00:00:00'),
(253, 16, 253, 'Sawa Erma', '2016-06-05 06:38:29', '0000-00-00 00:00:00'),
(254, 16, 254, 'Sirets', '2016-06-05 06:38:29', '0000-00-00 00:00:00'),
(255, 16, 255, 'Suator', '2016-06-05 06:38:29', '0000-00-00 00:00:00'),
(256, 16, 256, 'Suru-suru', '2016-06-05 06:38:29', '0000-00-00 00:00:00'),
(257, 16, 257, 'Unir Sirau', '2016-06-05 06:38:29', '0000-00-00 00:00:00'),
(258, 17, 258, 'Abiansemal', '2016-06-05 06:38:29', '0000-00-00 00:00:00'),
(259, 17, 259, 'Kuta', '2016-06-05 06:38:29', '0000-00-00 00:00:00'),
(260, 17, 260, 'Kuta Selatan', '2016-06-05 06:38:29', '0000-00-00 00:00:00'),
(261, 17, 261, 'Kuta Utara', '2016-06-05 06:38:29', '0000-00-00 00:00:00'),
(262, 17, 262, 'Mengwi', '2016-06-05 06:38:29', '0000-00-00 00:00:00'),
(263, 17, 263, 'Petang', '2016-06-05 06:38:29', '0000-00-00 00:00:00'),
(264, 18, 264, 'Awayan', '2016-06-05 06:38:29', '0000-00-00 00:00:00'),
(265, 18, 265, 'Batu Mandi', '2016-06-05 06:38:29', '0000-00-00 00:00:00'),
(266, 18, 266, 'Halong', '2016-06-05 06:38:29', '0000-00-00 00:00:00'),
(267, 18, 267, 'Juai', '2016-06-05 06:38:29', '0000-00-00 00:00:00'),
(268, 18, 268, 'Lampihong', '2016-06-05 06:38:29', '0000-00-00 00:00:00'),
(269, 18, 269, 'Paringin', '2016-06-05 06:38:29', '0000-00-00 00:00:00'),
(270, 18, 270, 'Paringin Selatan', '2016-06-05 06:38:29', '0000-00-00 00:00:00'),
(271, 18, 271, 'Tebing Tinggi', '2016-06-05 06:38:29', '0000-00-00 00:00:00'),
(272, 19, 272, 'Balikpapan Barat', '2016-06-05 06:38:30', '0000-00-00 00:00:00'),
(273, 19, 273, 'Balikpapan Kota', '2016-06-05 06:38:30', '0000-00-00 00:00:00'),
(274, 19, 274, 'Balikpapan Selatan', '2016-06-05 06:38:30', '0000-00-00 00:00:00'),
(275, 19, 275, 'Balikpapan Tengah', '2016-06-05 06:38:30', '0000-00-00 00:00:00'),
(276, 19, 276, 'Balikpapan Timur', '2016-06-05 06:38:30', '0000-00-00 00:00:00'),
(277, 19, 277, 'Balikpapan Utara', '2016-06-05 06:38:30', '0000-00-00 00:00:00'),
(278, 20, 278, 'Baiturrahman', '2016-06-05 06:38:31', '0000-00-00 00:00:00'),
(279, 20, 279, 'Banda Raya', '2016-06-05 06:38:31', '0000-00-00 00:00:00'),
(280, 20, 280, 'Jaya Baru', '2016-06-05 06:38:31', '0000-00-00 00:00:00'),
(281, 20, 281, 'Kuta Alam', '2016-06-05 06:38:31', '0000-00-00 00:00:00'),
(282, 20, 282, 'Kuta Raja', '2016-06-05 06:38:31', '0000-00-00 00:00:00'),
(283, 20, 283, 'Lueng Bata', '2016-06-05 06:38:31', '0000-00-00 00:00:00'),
(284, 20, 284, 'Meuraxa', '2016-06-05 06:38:31', '0000-00-00 00:00:00'),
(285, 20, 285, 'Syiah Kuala', '2016-06-05 06:38:31', '0000-00-00 00:00:00'),
(286, 20, 286, 'Ulee Kareng', '2016-06-05 06:38:31', '0000-00-00 00:00:00'),
(287, 21, 287, 'Bumi Waras', '2016-06-05 06:38:31', '0000-00-00 00:00:00'),
(288, 21, 288, 'Enggal', '2016-06-05 06:38:31', '0000-00-00 00:00:00'),
(289, 21, 289, 'Kedamaian', '2016-06-05 06:38:31', '0000-00-00 00:00:00'),
(290, 21, 290, 'Kedaton', '2016-06-05 06:38:31', '0000-00-00 00:00:00'),
(291, 21, 291, 'Kemiling', '2016-06-05 06:38:31', '0000-00-00 00:00:00'),
(292, 21, 292, 'Labuhan Ratu', '2016-06-05 06:38:31', '0000-00-00 00:00:00'),
(293, 21, 293, 'Langkapura', '2016-06-05 06:38:31', '0000-00-00 00:00:00'),
(294, 21, 294, 'Panjang', '2016-06-05 06:38:31', '0000-00-00 00:00:00'),
(295, 21, 295, 'Rajabasa', '2016-06-05 06:38:31', '0000-00-00 00:00:00'),
(296, 21, 296, 'Sukabumi', '2016-06-05 06:38:31', '0000-00-00 00:00:00'),
(297, 21, 297, 'Sukarame', '2016-06-05 06:38:31', '0000-00-00 00:00:00'),
(298, 21, 298, 'Tanjung Karang Barat', '2016-06-05 06:38:31', '0000-00-00 00:00:00'),
(299, 21, 299, 'Tanjung Karang Pusat', '2016-06-05 06:38:31', '0000-00-00 00:00:00'),
(300, 21, 300, 'Tanjung Karang Timur', '2016-06-05 06:38:31', '0000-00-00 00:00:00'),
(301, 21, 301, 'Tanjung Senang', '2016-06-05 06:38:31', '0000-00-00 00:00:00'),
(302, 21, 302, 'Telukbetung Barat', '2016-06-05 06:38:31', '0000-00-00 00:00:00'),
(303, 21, 303, 'Telukbetung Selatan', '2016-06-05 06:38:31', '0000-00-00 00:00:00'),
(304, 21, 304, 'Telukbetung Timur', '2016-06-05 06:38:31', '0000-00-00 00:00:00'),
(305, 21, 305, 'Telukbetung Utara', '2016-06-05 06:38:31', '0000-00-00 00:00:00'),
(306, 21, 306, 'Way Halim', '2016-06-05 06:38:31', '0000-00-00 00:00:00'),
(307, 22, 307, 'Arjasari', '2016-06-05 06:38:31', '0000-00-00 00:00:00'),
(308, 22, 308, 'Baleendah', '2016-06-05 06:38:31', '0000-00-00 00:00:00'),
(309, 22, 309, 'Banjaran', '2016-06-05 06:38:31', '0000-00-00 00:00:00'),
(310, 22, 310, 'Bojongsoang', '2016-06-05 06:38:31', '0000-00-00 00:00:00'),
(311, 22, 311, 'Cangkuang', '2016-06-05 06:38:31', '0000-00-00 00:00:00'),
(312, 22, 312, 'Cicalengka', '2016-06-05 06:38:31', '0000-00-00 00:00:00'),
(313, 22, 313, 'Cikancung', '2016-06-05 06:38:31', '0000-00-00 00:00:00'),
(314, 22, 314, 'Cilengkrang', '2016-06-05 06:38:31', '0000-00-00 00:00:00'),
(315, 22, 315, 'Cileunyi', '2016-06-05 06:38:31', '0000-00-00 00:00:00'),
(316, 22, 316, 'Cimaung', '2016-06-05 06:38:31', '0000-00-00 00:00:00'),
(317, 22, 317, 'Cimeunyan', '2016-06-05 06:38:31', '0000-00-00 00:00:00'),
(318, 22, 318, 'Ciparay', '2016-06-05 06:38:31', '0000-00-00 00:00:00'),
(319, 22, 319, 'Ciwidey', '2016-06-05 06:38:31', '0000-00-00 00:00:00'),
(320, 22, 320, 'Dayeuhkolot', '2016-06-05 06:38:31', '0000-00-00 00:00:00'),
(321, 22, 321, 'Ibun', '2016-06-05 06:38:31', '0000-00-00 00:00:00'),
(322, 22, 322, 'Katapang', '2016-06-05 06:38:31', '0000-00-00 00:00:00'),
(323, 22, 323, 'Kertasari', '2016-06-05 06:38:31', '0000-00-00 00:00:00'),
(324, 22, 324, 'Kutawaringin', '2016-06-05 06:38:31', '0000-00-00 00:00:00'),
(325, 22, 325, 'Majalaya', '2016-06-05 06:38:31', '0000-00-00 00:00:00'),
(326, 22, 326, 'Margaasih', '2016-06-05 06:38:31', '0000-00-00 00:00:00'),
(327, 22, 327, 'Margahayu', '2016-06-05 06:38:31', '0000-00-00 00:00:00'),
(328, 22, 328, 'Nagreg', '2016-06-05 06:38:31', '0000-00-00 00:00:00'),
(329, 22, 329, 'Pacet', '2016-06-05 06:38:31', '0000-00-00 00:00:00'),
(330, 22, 330, 'Pameungpeuk', '2016-06-05 06:38:31', '0000-00-00 00:00:00'),
(331, 22, 331, 'Pangalengan', '2016-06-05 06:38:31', '0000-00-00 00:00:00'),
(332, 22, 332, 'Paseh', '2016-06-05 06:38:31', '0000-00-00 00:00:00'),
(333, 22, 333, 'Pasirjambu', '2016-06-05 06:38:31', '0000-00-00 00:00:00'),
(334, 22, 334, 'Ranca Bali', '2016-06-05 06:38:31', '0000-00-00 00:00:00'),
(335, 22, 335, 'Rancaekek', '2016-06-05 06:38:31', '0000-00-00 00:00:00'),
(336, 22, 336, 'Solokan Jeruk', '2016-06-05 06:38:31', '0000-00-00 00:00:00'),
(337, 22, 337, 'Soreang', '2016-06-05 06:38:31', '0000-00-00 00:00:00'),
(338, 23, 338, 'Andir', '2016-06-05 06:38:31', '0000-00-00 00:00:00'),
(339, 23, 339, 'Antapani (Cicadas)', '2016-06-05 06:38:31', '0000-00-00 00:00:00'),
(340, 23, 340, 'Arcamanik', '2016-06-05 06:38:31', '0000-00-00 00:00:00'),
(341, 23, 341, 'Astana Anyar', '2016-06-05 06:38:31', '0000-00-00 00:00:00'),
(342, 23, 342, 'Babakan Ciparay', '2016-06-05 06:38:31', '0000-00-00 00:00:00'),
(343, 23, 343, 'Bandung Kidul', '2016-06-05 06:38:31', '0000-00-00 00:00:00'),
(344, 23, 344, 'Bandung Kulon', '2016-06-05 06:38:31', '0000-00-00 00:00:00'),
(345, 23, 345, 'Bandung Wetan', '2016-06-05 06:38:31', '0000-00-00 00:00:00'),
(346, 23, 346, 'Batununggal', '2016-06-05 06:38:31', '0000-00-00 00:00:00'),
(347, 23, 347, 'Bojongloa Kaler', '2016-06-05 06:38:31', '0000-00-00 00:00:00'),
(348, 23, 348, 'Bojongloa Kidul', '2016-06-05 06:38:31', '0000-00-00 00:00:00'),
(349, 23, 349, 'Buahbatu (Margacinta)', '2016-06-05 06:38:31', '0000-00-00 00:00:00'),
(350, 23, 350, 'Cibeunying Kaler', '2016-06-05 06:38:31', '0000-00-00 00:00:00'),
(351, 23, 351, 'Cibeunying Kidul', '2016-06-05 06:38:31', '0000-00-00 00:00:00'),
(352, 23, 352, 'Cibiru', '2016-06-05 06:38:31', '0000-00-00 00:00:00'),
(353, 23, 353, 'Cicendo', '2016-06-05 06:38:31', '0000-00-00 00:00:00'),
(354, 23, 354, 'Cidadap', '2016-06-05 06:38:31', '0000-00-00 00:00:00'),
(355, 23, 355, 'Cinambo', '2016-06-05 06:38:31', '0000-00-00 00:00:00'),
(356, 23, 356, 'Coblong', '2016-06-05 06:38:31', '0000-00-00 00:00:00'),
(357, 23, 357, 'Gedebage', '2016-06-05 06:38:31', '0000-00-00 00:00:00'),
(358, 23, 358, 'Kiaracondong', '2016-06-05 06:38:31', '0000-00-00 00:00:00'),
(359, 23, 359, 'Lengkong', '2016-06-05 06:38:31', '0000-00-00 00:00:00'),
(360, 23, 360, 'Mandalajati', '2016-06-05 06:38:31', '0000-00-00 00:00:00'),
(361, 23, 361, 'Panyileukan', '2016-06-05 06:38:31', '0000-00-00 00:00:00'),
(362, 23, 362, 'Rancasari', '2016-06-05 06:38:31', '0000-00-00 00:00:00'),
(363, 23, 363, 'Regol', '2016-06-05 06:38:31', '0000-00-00 00:00:00'),
(364, 23, 364, 'Sukajadi', '2016-06-05 06:38:31', '0000-00-00 00:00:00'),
(365, 23, 365, 'Sukasari', '2016-06-05 06:38:31', '0000-00-00 00:00:00'),
(366, 23, 366, 'Sumur Bandung', '2016-06-05 06:38:31', '0000-00-00 00:00:00'),
(367, 23, 367, 'Ujung Berung', '2016-06-05 06:38:31', '0000-00-00 00:00:00'),
(368, 24, 368, 'Batujajar', '2016-06-05 06:38:32', '0000-00-00 00:00:00'),
(369, 24, 369, 'Cihampelas', '2016-06-05 06:38:32', '0000-00-00 00:00:00'),
(370, 24, 370, 'Cikalong Wetan', '2016-06-05 06:38:32', '0000-00-00 00:00:00'),
(371, 24, 371, 'Cililin', '2016-06-05 06:38:32', '0000-00-00 00:00:00'),
(372, 24, 372, 'Cipatat', '2016-06-05 06:38:32', '0000-00-00 00:00:00'),
(373, 24, 373, 'Cipeundeuy', '2016-06-05 06:38:32', '0000-00-00 00:00:00'),
(374, 24, 374, 'Cipongkor', '2016-06-05 06:38:32', '0000-00-00 00:00:00'),
(375, 24, 375, 'Cisarua', '2016-06-05 06:38:32', '0000-00-00 00:00:00'),
(376, 24, 376, 'Gununghalu', '2016-06-05 06:38:32', '0000-00-00 00:00:00'),
(377, 24, 377, 'Lembang', '2016-06-05 06:38:32', '0000-00-00 00:00:00'),
(378, 24, 378, 'Ngamprah', '2016-06-05 06:38:32', '0000-00-00 00:00:00'),
(379, 24, 379, 'Padalarang', '2016-06-05 06:38:32', '0000-00-00 00:00:00'),
(380, 24, 380, 'Parongpong', '2016-06-05 06:38:32', '0000-00-00 00:00:00'),
(381, 24, 381, 'Rongga', '2016-06-05 06:38:32', '0000-00-00 00:00:00'),
(382, 24, 382, 'Saguling', '2016-06-05 06:38:32', '0000-00-00 00:00:00'),
(383, 24, 383, 'Sindangkerta', '2016-06-05 06:38:32', '0000-00-00 00:00:00'),
(384, 25, 384, 'Balantak', '2016-06-05 06:38:32', '0000-00-00 00:00:00'),
(385, 25, 385, 'Balantak Selatan', '2016-06-05 06:38:32', '0000-00-00 00:00:00'),
(386, 25, 386, 'Balantak Utara', '2016-06-05 06:38:32', '0000-00-00 00:00:00'),
(387, 25, 387, 'Batui', '2016-06-05 06:38:32', '0000-00-00 00:00:00'),
(388, 25, 388, 'Batui Selatan', '2016-06-05 06:38:32', '0000-00-00 00:00:00'),
(389, 25, 389, 'Bualemo (Boalemo)', '2016-06-05 06:38:32', '0000-00-00 00:00:00'),
(390, 25, 390, 'Bunta', '2016-06-05 06:38:32', '0000-00-00 00:00:00'),
(391, 25, 391, 'Kintom', '2016-06-05 06:38:32', '0000-00-00 00:00:00'),
(392, 25, 392, 'Lamala', '2016-06-05 06:38:32', '0000-00-00 00:00:00'),
(393, 25, 393, 'Lobu', '2016-06-05 06:38:32', '0000-00-00 00:00:00'),
(394, 25, 394, 'Luwuk', '2016-06-05 06:38:32', '0000-00-00 00:00:00'),
(395, 25, 395, 'Luwuk Selatan', '2016-06-05 06:38:32', '0000-00-00 00:00:00'),
(396, 25, 396, 'Luwuk Timur', '2016-06-05 06:38:32', '0000-00-00 00:00:00'),
(397, 25, 397, 'Luwuk Utara', '2016-06-05 06:38:32', '0000-00-00 00:00:00'),
(398, 25, 398, 'Mantoh', '2016-06-05 06:38:32', '0000-00-00 00:00:00'),
(399, 25, 399, 'Masama', '2016-06-05 06:38:32', '0000-00-00 00:00:00'),
(400, 25, 400, 'Moilong', '2016-06-05 06:38:32', '0000-00-00 00:00:00'),
(401, 25, 401, 'Nambo', '2016-06-05 06:38:32', '0000-00-00 00:00:00'),
(402, 25, 402, 'Nuhon', '2016-06-05 06:38:32', '0000-00-00 00:00:00'),
(403, 25, 403, 'Pagimana', '2016-06-05 06:38:32', '0000-00-00 00:00:00'),
(404, 25, 404, 'Simpang Raya', '2016-06-05 06:38:32', '0000-00-00 00:00:00'),
(405, 25, 405, 'Toili', '2016-06-05 06:38:32', '0000-00-00 00:00:00'),
(406, 25, 406, 'Toili Barat', '2016-06-05 06:38:32', '0000-00-00 00:00:00'),
(407, 26, 407, 'Banggai', '2016-06-05 06:38:32', '0000-00-00 00:00:00'),
(408, 26, 408, 'Banggai Selatan', '2016-06-05 06:38:32', '0000-00-00 00:00:00'),
(409, 26, 409, 'Banggai Tengah', '2016-06-05 06:38:32', '0000-00-00 00:00:00'),
(410, 26, 410, 'Banggai Utara', '2016-06-05 06:38:32', '0000-00-00 00:00:00'),
(411, 26, 411, 'Bangkurung', '2016-06-05 06:38:32', '0000-00-00 00:00:00'),
(412, 26, 412, 'Bokan Kepulauan', '2016-06-05 06:38:32', '0000-00-00 00:00:00'),
(413, 26, 413, 'Buko', '2016-06-05 06:38:32', '0000-00-00 00:00:00'),
(414, 26, 414, 'Buko Selatan', '2016-06-05 06:38:32', '0000-00-00 00:00:00'),
(415, 26, 415, 'Bulagi', '2016-06-05 06:38:32', '0000-00-00 00:00:00'),
(416, 26, 416, 'Bulagi Selatan', '2016-06-05 06:38:32', '0000-00-00 00:00:00'),
(417, 26, 417, 'Bulagi Utara', '2016-06-05 06:38:32', '0000-00-00 00:00:00'),
(418, 26, 418, 'Labobo (Lobangkurung)', '2016-06-05 06:38:32', '0000-00-00 00:00:00'),
(419, 26, 419, 'Liang', '2016-06-05 06:38:32', '0000-00-00 00:00:00'),
(420, 26, 420, 'Peling Tengah', '2016-06-05 06:38:32', '0000-00-00 00:00:00'),
(421, 26, 421, 'Tinangkung', '2016-06-05 06:38:32', '0000-00-00 00:00:00'),
(422, 26, 422, 'Tinangkung Selatan', '2016-06-05 06:38:32', '0000-00-00 00:00:00'),
(423, 26, 423, 'Tinangkung Utara', '2016-06-05 06:38:32', '0000-00-00 00:00:00'),
(424, 26, 424, 'Totikum (Totikung)', '2016-06-05 06:38:32', '0000-00-00 00:00:00'),
(425, 26, 425, 'Totikum Selatan', '2016-06-05 06:38:32', '0000-00-00 00:00:00'),
(426, 27, 426, 'Bakam', '2016-06-05 06:38:32', '0000-00-00 00:00:00'),
(427, 27, 427, 'Belinyu', '2016-06-05 06:38:32', '0000-00-00 00:00:00'),
(428, 27, 428, 'Mendo Barat', '2016-06-05 06:38:32', '0000-00-00 00:00:00'),
(429, 27, 429, 'Merawang', '2016-06-05 06:38:32', '0000-00-00 00:00:00'),
(430, 27, 430, 'Pemali', '2016-06-05 06:38:32', '0000-00-00 00:00:00'),
(431, 27, 431, 'Puding Besar', '2016-06-05 06:38:32', '0000-00-00 00:00:00'),
(432, 27, 432, 'Riau Silip', '2016-06-05 06:38:32', '0000-00-00 00:00:00'),
(433, 27, 433, 'Sungai Liat', '2016-06-05 06:38:32', '0000-00-00 00:00:00'),
(434, 28, 434, 'Jebus', '2016-06-05 06:38:32', '0000-00-00 00:00:00'),
(435, 28, 435, 'Kelapa', '2016-06-05 06:38:32', '0000-00-00 00:00:00'),
(436, 28, 436, 'Mentok (Muntok)', '2016-06-05 06:38:32', '0000-00-00 00:00:00'),
(437, 28, 437, 'Parittiga', '2016-06-05 06:38:32', '0000-00-00 00:00:00'),
(438, 28, 438, 'Simpang Teritip', '2016-06-05 06:38:32', '0000-00-00 00:00:00'),
(439, 28, 439, 'Tempilang', '2016-06-05 06:38:32', '0000-00-00 00:00:00'),
(440, 29, 440, 'Air Gegas', '2016-06-05 06:38:32', '0000-00-00 00:00:00'),
(441, 29, 441, 'Kepulauan Pongok', '2016-06-05 06:38:32', '0000-00-00 00:00:00'),
(442, 29, 442, 'Lepar Pongok', '2016-06-05 06:38:32', '0000-00-00 00:00:00'),
(443, 29, 443, 'Payung', '2016-06-05 06:38:32', '0000-00-00 00:00:00'),
(444, 29, 444, 'Pulau Besar', '2016-06-05 06:38:32', '0000-00-00 00:00:00'),
(445, 29, 445, 'Simpang Rimba', '2016-06-05 06:38:32', '0000-00-00 00:00:00'),
(446, 29, 446, 'Toboali', '2016-06-05 06:38:32', '0000-00-00 00:00:00'),
(447, 29, 447, 'Tukak Sadai', '2016-06-05 06:38:32', '0000-00-00 00:00:00'),
(448, 30, 448, 'Koba', '2016-06-05 06:38:32', '0000-00-00 00:00:00'),
(449, 30, 449, 'Lubuk Besar', '2016-06-05 06:38:32', '0000-00-00 00:00:00'),
(450, 30, 450, 'Namang', '2016-06-05 06:38:32', '0000-00-00 00:00:00'),
(451, 30, 451, 'Pangkalan Baru', '2016-06-05 06:38:32', '0000-00-00 00:00:00'),
(452, 30, 452, 'Simpang Katis', '2016-06-05 06:38:32', '0000-00-00 00:00:00'),
(453, 30, 453, 'Sungai Selan', '2016-06-05 06:38:32', '0000-00-00 00:00:00'),
(454, 31, 454, 'Arosbaya', '2016-06-05 06:38:33', '0000-00-00 00:00:00'),
(455, 31, 455, 'Bangkalan', '2016-06-05 06:38:33', '0000-00-00 00:00:00'),
(456, 31, 456, 'Blega', '2016-06-05 06:38:33', '0000-00-00 00:00:00'),
(457, 31, 457, 'Burneh', '2016-06-05 06:38:33', '0000-00-00 00:00:00'),
(458, 31, 458, 'Galis', '2016-06-05 06:38:33', '0000-00-00 00:00:00'),
(459, 31, 459, 'Geger', '2016-06-05 06:38:33', '0000-00-00 00:00:00'),
(460, 31, 460, 'Kamal', '2016-06-05 06:38:33', '0000-00-00 00:00:00'),
(461, 31, 461, 'Klampis', '2016-06-05 06:38:33', '0000-00-00 00:00:00'),
(462, 31, 462, 'Kokop', '2016-06-05 06:38:33', '0000-00-00 00:00:00'),
(463, 31, 463, 'Konang', '2016-06-05 06:38:33', '0000-00-00 00:00:00'),
(464, 31, 464, 'Kwanyar', '2016-06-05 06:38:33', '0000-00-00 00:00:00'),
(465, 31, 465, 'Labang', '2016-06-05 06:38:33', '0000-00-00 00:00:00'),
(466, 31, 466, 'Modung', '2016-06-05 06:38:33', '0000-00-00 00:00:00'),
(467, 31, 467, 'Sepulu', '2016-06-05 06:38:33', '0000-00-00 00:00:00'),
(468, 31, 468, 'Socah', '2016-06-05 06:38:33', '0000-00-00 00:00:00'),
(469, 31, 469, 'Tanah Merah', '2016-06-05 06:38:33', '0000-00-00 00:00:00'),
(470, 31, 470, 'Tanjungbumi', '2016-06-05 06:38:33', '0000-00-00 00:00:00'),
(471, 31, 471, 'Tragah', '2016-06-05 06:38:33', '0000-00-00 00:00:00'),
(472, 32, 472, 'Bangli', '2016-06-05 06:38:33', '0000-00-00 00:00:00'),
(473, 32, 473, 'Kintamani', '2016-06-05 06:38:33', '0000-00-00 00:00:00'),
(474, 32, 474, 'Susut', '2016-06-05 06:38:33', '0000-00-00 00:00:00'),
(475, 32, 475, 'Tembuku', '2016-06-05 06:38:33', '0000-00-00 00:00:00'),
(476, 33, 476, 'Aluh-Aluh', '2016-06-05 06:38:33', '0000-00-00 00:00:00'),
(477, 33, 477, 'Aranio', '2016-06-05 06:38:33', '0000-00-00 00:00:00'),
(478, 33, 478, 'Astambul', '2016-06-05 06:38:33', '0000-00-00 00:00:00'),
(479, 33, 479, 'Beruntung Baru', '2016-06-05 06:38:33', '0000-00-00 00:00:00'),
(480, 33, 480, 'Gambut', '2016-06-05 06:38:33', '0000-00-00 00:00:00'),
(481, 33, 481, 'Karang Intan', '2016-06-05 06:38:33', '0000-00-00 00:00:00'),
(482, 33, 482, 'Kertak Hanyar', '2016-06-05 06:38:33', '0000-00-00 00:00:00'),
(483, 33, 483, 'Martapura Barat', '2016-06-05 06:38:33', '0000-00-00 00:00:00'),
(484, 33, 484, 'Martapura Kota', '2016-06-05 06:38:33', '0000-00-00 00:00:00'),
(485, 33, 485, 'Martapura Timur', '2016-06-05 06:38:33', '0000-00-00 00:00:00'),
(486, 33, 486, 'Mataraman', '2016-06-05 06:38:33', '0000-00-00 00:00:00'),
(487, 33, 487, 'Pengaron', '2016-06-05 06:38:33', '0000-00-00 00:00:00'),
(488, 33, 488, 'Peramasan', '2016-06-05 06:38:33', '0000-00-00 00:00:00'),
(489, 33, 489, 'Sambung Makmur', '2016-06-05 06:38:33', '0000-00-00 00:00:00'),
(490, 33, 490, 'Sei/Sungai Pinang', '2016-06-05 06:38:33', '0000-00-00 00:00:00'),
(491, 33, 491, 'Sei/Sungai Tabuk', '2016-06-05 06:38:33', '0000-00-00 00:00:00'),
(492, 33, 492, 'Simpang Empat', '2016-06-05 06:38:33', '0000-00-00 00:00:00'),
(493, 33, 493, 'Tatah Makmur', '2016-06-05 06:38:33', '0000-00-00 00:00:00'),
(494, 33, 494, 'Telaga Bauntung', '2016-06-05 06:38:33', '0000-00-00 00:00:00'),
(495, 34, 495, 'Banjar', '2016-06-05 06:38:33', '0000-00-00 00:00:00'),
(496, 34, 496, 'Langensari', '2016-06-05 06:38:33', '0000-00-00 00:00:00'),
(497, 34, 497, 'Pataruman', '2016-06-05 06:38:33', '0000-00-00 00:00:00'),
(498, 34, 498, 'Purwaharja', '2016-06-05 06:38:33', '0000-00-00 00:00:00'),
(499, 35, 499, 'Banjar Baru Selatan', '2016-06-05 06:38:33', '0000-00-00 00:00:00'),
(500, 35, 500, 'Banjar Baru Utara', '2016-06-05 06:38:33', '0000-00-00 00:00:00'),
(501, 35, 501, 'Cempaka', '2016-06-05 06:38:33', '0000-00-00 00:00:00'),
(502, 35, 502, 'Landasan Ulin', '2016-06-05 06:38:33', '0000-00-00 00:00:00'),
(503, 35, 503, 'Liang Anggang', '2016-06-05 06:38:33', '0000-00-00 00:00:00'),
(504, 36, 504, 'Banjarmasin Barat', '2016-06-05 06:38:33', '0000-00-00 00:00:00'),
(505, 36, 505, 'Banjarmasin Selatan', '2016-06-05 06:38:33', '0000-00-00 00:00:00'),
(506, 36, 506, 'Banjarmasin Tengah', '2016-06-05 06:38:33', '0000-00-00 00:00:00'),
(507, 36, 507, 'Banjarmasin Timur', '2016-06-05 06:38:33', '0000-00-00 00:00:00'),
(508, 36, 508, 'Banjarmasin Utara', '2016-06-05 06:38:33', '0000-00-00 00:00:00'),
(509, 37, 509, 'Banjarmangu', '2016-06-05 06:38:33', '0000-00-00 00:00:00'),
(510, 37, 510, 'Banjarnegara', '2016-06-05 06:38:33', '0000-00-00 00:00:00'),
(511, 37, 511, 'Batur', '2016-06-05 06:38:33', '0000-00-00 00:00:00'),
(512, 37, 512, 'Bawang', '2016-06-05 06:38:33', '0000-00-00 00:00:00'),
(513, 37, 513, 'Kalibening', '2016-06-05 06:38:33', '0000-00-00 00:00:00'),
(514, 37, 514, 'Karangkobar', '2016-06-05 06:38:33', '0000-00-00 00:00:00'),
(515, 37, 515, 'Madukara', '2016-06-05 06:38:33', '0000-00-00 00:00:00'),
(516, 37, 516, 'Mandiraja', '2016-06-05 06:38:33', '0000-00-00 00:00:00'),
(517, 37, 517, 'Pagedongan', '2016-06-05 06:38:33', '0000-00-00 00:00:00'),
(518, 37, 518, 'Pagentan', '2016-06-05 06:38:33', '0000-00-00 00:00:00'),
(519, 37, 519, 'Pandanarum', '2016-06-05 06:38:33', '0000-00-00 00:00:00'),
(520, 37, 520, 'Pejawaran', '2016-06-05 06:38:33', '0000-00-00 00:00:00'),
(521, 37, 521, 'Punggelan', '2016-06-05 06:38:33', '0000-00-00 00:00:00'),
(522, 37, 522, 'Purwonegoro', '2016-06-05 06:38:33', '0000-00-00 00:00:00'),
(523, 37, 523, 'Purworejo Klampok', '2016-06-05 06:38:33', '0000-00-00 00:00:00'),
(524, 37, 524, 'Rakit', '2016-06-05 06:38:33', '0000-00-00 00:00:00'),
(525, 37, 525, 'Sigaluh', '2016-06-05 06:38:33', '0000-00-00 00:00:00'),
(526, 37, 526, 'Susukan', '2016-06-05 06:38:33', '0000-00-00 00:00:00'),
(527, 37, 527, 'Wanadadi (Wonodadi)', '2016-06-05 06:38:33', '0000-00-00 00:00:00'),
(528, 37, 528, 'Wanayasa', '2016-06-05 06:38:33', '0000-00-00 00:00:00'),
(529, 38, 529, 'Bantaeng', '2016-06-05 06:38:33', '0000-00-00 00:00:00'),
(530, 38, 530, 'Bissappu', '2016-06-05 06:38:33', '0000-00-00 00:00:00'),
(531, 38, 531, 'Eremerasa', '2016-06-05 06:38:33', '0000-00-00 00:00:00'),
(532, 38, 532, 'Gantarang Keke (Gantareng Keke)', '2016-06-05 06:38:33', '0000-00-00 00:00:00'),
(533, 38, 533, 'Pajukukang', '2016-06-05 06:38:33', '0000-00-00 00:00:00'),
(534, 38, 534, 'Sinoa', '2016-06-05 06:38:33', '0000-00-00 00:00:00'),
(535, 38, 535, 'Tompobulu', '2016-06-05 06:38:33', '0000-00-00 00:00:00'),
(536, 38, 536, 'Uluere', '2016-06-05 06:38:33', '0000-00-00 00:00:00'),
(537, 39, 537, 'Bambang Lipuro', '2016-06-05 06:38:33', '0000-00-00 00:00:00'),
(538, 39, 538, 'Banguntapan', '2016-06-05 06:38:33', '0000-00-00 00:00:00'),
(539, 39, 539, 'Bantul', '2016-06-05 06:38:33', '0000-00-00 00:00:00'),
(540, 39, 540, 'Dlingo', '2016-06-05 06:38:33', '0000-00-00 00:00:00'),
(541, 39, 541, 'Imogiri', '2016-06-05 06:38:33', '0000-00-00 00:00:00'),
(542, 39, 542, 'Jetis', '2016-06-05 06:38:33', '0000-00-00 00:00:00'),
(543, 39, 543, 'Kasihan', '2016-06-05 06:38:33', '0000-00-00 00:00:00'),
(544, 39, 544, 'Kretek', '2016-06-05 06:38:33', '0000-00-00 00:00:00'),
(545, 39, 545, 'Pajangan', '2016-06-05 06:38:33', '0000-00-00 00:00:00'),
(546, 39, 546, 'Pandak', '2016-06-05 06:38:33', '0000-00-00 00:00:00'),
(547, 39, 547, 'Piyungan', '2016-06-05 06:38:33', '0000-00-00 00:00:00'),
(548, 39, 548, 'Pleret', '2016-06-05 06:38:33', '0000-00-00 00:00:00'),
(549, 39, 549, 'Pundong', '2016-06-05 06:38:33', '0000-00-00 00:00:00'),
(550, 39, 550, 'Sanden', '2016-06-05 06:38:33', '0000-00-00 00:00:00'),
(551, 39, 551, 'Sedayu', '2016-06-05 06:38:33', '0000-00-00 00:00:00'),
(552, 39, 552, 'Sewon', '2016-06-05 06:38:33', '0000-00-00 00:00:00'),
(553, 39, 553, 'Srandakan', '2016-06-05 06:38:33', '0000-00-00 00:00:00'),
(554, 40, 554, 'Air Kumbang', '2016-06-05 06:38:33', '0000-00-00 00:00:00'),
(555, 40, 555, 'Air Salek', '2016-06-05 06:38:33', '0000-00-00 00:00:00'),
(556, 40, 556, 'Banyuasin I', '2016-06-05 06:38:33', '0000-00-00 00:00:00'),
(557, 40, 557, 'Banyuasin II', '2016-06-05 06:38:33', '0000-00-00 00:00:00'),
(558, 40, 558, 'Banyuasin III', '2016-06-05 06:38:33', '0000-00-00 00:00:00'),
(559, 40, 559, 'Betung', '2016-06-05 06:38:33', '0000-00-00 00:00:00'),
(560, 40, 560, 'Makarti Jaya', '2016-06-05 06:38:33', '0000-00-00 00:00:00'),
(561, 40, 561, 'Muara Padang', '2016-06-05 06:38:33', '0000-00-00 00:00:00'),
(562, 40, 562, 'Muara Sugihan', '2016-06-05 06:38:33', '0000-00-00 00:00:00'),
(563, 40, 563, 'Muara Telang', '2016-06-05 06:38:33', '0000-00-00 00:00:00'),
(564, 40, 564, 'Pulau Rimau', '2016-06-05 06:38:33', '0000-00-00 00:00:00'),
(565, 40, 565, 'Rambutan', '2016-06-05 06:38:33', '0000-00-00 00:00:00'),
(566, 40, 566, 'Rantau Bayur', '2016-06-05 06:38:33', '0000-00-00 00:00:00'),
(567, 40, 567, 'Sembawa', '2016-06-05 06:38:33', '0000-00-00 00:00:00'),
(568, 40, 568, 'Suak Tapeh', '2016-06-05 06:38:33', '0000-00-00 00:00:00'),
(569, 40, 569, 'Sumber Marga Telang', '2016-06-05 06:38:33', '0000-00-00 00:00:00'),
(570, 40, 570, 'Talang Kelapa', '2016-06-05 06:38:33', '0000-00-00 00:00:00'),
(571, 40, 571, 'Tanjung Lago', '2016-06-05 06:38:33', '0000-00-00 00:00:00'),
(572, 40, 572, 'Tungkal Ilir', '2016-06-05 06:38:33', '0000-00-00 00:00:00'),
(573, 41, 573, 'Ajibarang', '2016-06-05 06:38:33', '0000-00-00 00:00:00'),
(574, 41, 574, 'Banyumas', '2016-06-05 06:38:33', '0000-00-00 00:00:00'),
(575, 41, 575, 'Baturaden', '2016-06-05 06:38:33', '0000-00-00 00:00:00'),
(576, 41, 576, 'Cilongok', '2016-06-05 06:38:33', '0000-00-00 00:00:00'),
(577, 41, 577, 'Gumelar', '2016-06-05 06:38:33', '0000-00-00 00:00:00'),
(578, 41, 578, 'Jatilawang', '2016-06-05 06:38:33', '0000-00-00 00:00:00'),
(579, 41, 579, 'Kalibagor', '2016-06-05 06:38:33', '0000-00-00 00:00:00'),
(580, 41, 580, 'Karanglewas', '2016-06-05 06:38:33', '0000-00-00 00:00:00'),
(581, 41, 581, 'Kebasen', '2016-06-05 06:38:33', '0000-00-00 00:00:00'),
(582, 41, 582, 'Kedung Banteng', '2016-06-05 06:38:33', '0000-00-00 00:00:00'),
(583, 41, 583, 'Kembaran', '2016-06-05 06:38:33', '0000-00-00 00:00:00'),
(584, 41, 584, 'Kemranjen', '2016-06-05 06:38:33', '0000-00-00 00:00:00'),
(585, 41, 585, 'Lumbir', '2016-06-05 06:38:33', '0000-00-00 00:00:00'),
(586, 41, 586, 'Patikraja', '2016-06-05 06:38:33', '0000-00-00 00:00:00'),
(587, 41, 587, 'Pekuncen', '2016-06-05 06:38:33', '0000-00-00 00:00:00'),
(588, 41, 588, 'Purwojati', '2016-06-05 06:38:33', '0000-00-00 00:00:00'),
(589, 41, 589, 'Purwokerto Barat', '2016-06-05 06:38:33', '0000-00-00 00:00:00'),
(590, 41, 590, 'Purwokerto Selatan', '2016-06-05 06:38:33', '0000-00-00 00:00:00'),
(591, 41, 591, 'Purwokerto Timur', '2016-06-05 06:38:33', '0000-00-00 00:00:00'),
(592, 41, 592, 'Purwokerto Utara', '2016-06-05 06:38:33', '0000-00-00 00:00:00'),
(593, 41, 593, 'Rawalo', '2016-06-05 06:38:33', '0000-00-00 00:00:00'),
(594, 41, 594, 'Sokaraja', '2016-06-05 06:38:33', '0000-00-00 00:00:00'),
(595, 41, 595, 'Somagede', '2016-06-05 06:38:33', '0000-00-00 00:00:00'),
(596, 41, 596, 'Sumbang', '2016-06-05 06:38:33', '0000-00-00 00:00:00'),
(597, 41, 597, 'Sumpiuh', '2016-06-05 06:38:33', '0000-00-00 00:00:00'),
(598, 41, 598, 'Tambak', '2016-06-05 06:38:33', '0000-00-00 00:00:00'),
(599, 41, 599, 'Wangon', '2016-06-05 06:38:33', '0000-00-00 00:00:00'),
(600, 42, 600, 'Bangorejo', '2016-06-05 06:38:33', '0000-00-00 00:00:00'),
(601, 42, 601, 'Banyuwangi', '2016-06-05 06:38:33', '0000-00-00 00:00:00'),
(602, 42, 602, 'Cluring', '2016-06-05 06:38:33', '0000-00-00 00:00:00'),
(603, 42, 603, 'Gambiran', '2016-06-05 06:38:33', '0000-00-00 00:00:00'),
(604, 42, 604, 'Genteng', '2016-06-05 06:38:33', '0000-00-00 00:00:00'),
(605, 42, 605, 'Giri', '2016-06-05 06:38:33', '0000-00-00 00:00:00'),
(606, 42, 606, 'Glagah', '2016-06-05 06:38:33', '0000-00-00 00:00:00'),
(607, 42, 607, 'Glenmore', '2016-06-05 06:38:33', '0000-00-00 00:00:00'),
(608, 42, 608, 'Kabat', '2016-06-05 06:38:33', '0000-00-00 00:00:00'),
(609, 42, 609, 'Kalibaru', '2016-06-05 06:38:33', '0000-00-00 00:00:00'),
(610, 42, 610, 'Kalipuro', '2016-06-05 06:38:33', '0000-00-00 00:00:00'),
(611, 42, 611, 'Licin', '2016-06-05 06:38:33', '0000-00-00 00:00:00'),
(612, 42, 612, 'Muncar', '2016-06-05 06:38:33', '0000-00-00 00:00:00'),
(613, 42, 613, 'Pesanggaran', '2016-06-05 06:38:33', '0000-00-00 00:00:00'),
(614, 42, 614, 'Purwoharjo', '2016-06-05 06:38:33', '0000-00-00 00:00:00'),
(615, 42, 615, 'Rogojampi', '2016-06-05 06:38:33', '0000-00-00 00:00:00'),
(616, 42, 616, 'Sempu', '2016-06-05 06:38:33', '0000-00-00 00:00:00'),
(617, 42, 617, 'Siliragung', '2016-06-05 06:38:33', '0000-00-00 00:00:00'),
(618, 42, 618, 'Singojuruh', '2016-06-05 06:38:33', '0000-00-00 00:00:00'),
(619, 42, 619, 'Songgon', '2016-06-05 06:38:33', '0000-00-00 00:00:00'),
(620, 42, 620, 'Srono', '2016-06-05 06:38:33', '0000-00-00 00:00:00'),
(621, 42, 621, 'Tegaldlimo', '2016-06-05 06:38:33', '0000-00-00 00:00:00'),
(622, 42, 622, 'Tegalsari', '2016-06-05 06:38:33', '0000-00-00 00:00:00'),
(623, 42, 623, 'Wongsorejo', '2016-06-05 06:38:33', '0000-00-00 00:00:00'),
(624, 43, 624, 'Alalak', '2016-06-05 06:38:34', '0000-00-00 00:00:00'),
(625, 43, 625, 'Anjir Muara', '2016-06-05 06:38:34', '0000-00-00 00:00:00'),
(626, 43, 626, 'Anjir Pasar', '2016-06-05 06:38:34', '0000-00-00 00:00:00'),
(627, 43, 627, 'Bakumpai', '2016-06-05 06:38:34', '0000-00-00 00:00:00'),
(628, 43, 628, 'Barambai', '2016-06-05 06:38:34', '0000-00-00 00:00:00'),
(629, 43, 629, 'Belawang', '2016-06-05 06:38:34', '0000-00-00 00:00:00'),
(630, 43, 630, 'Cerbon', '2016-06-05 06:38:34', '0000-00-00 00:00:00'),
(631, 43, 631, 'Jejangkit', '2016-06-05 06:38:34', '0000-00-00 00:00:00'),
(632, 43, 632, 'Kuripan', '2016-06-05 06:38:34', '0000-00-00 00:00:00'),
(633, 43, 633, 'Mandastana', '2016-06-05 06:38:34', '0000-00-00 00:00:00'),
(634, 43, 634, 'Marabahan', '2016-06-05 06:38:34', '0000-00-00 00:00:00'),
(635, 43, 635, 'Mekar Sari', '2016-06-05 06:38:34', '0000-00-00 00:00:00'),
(636, 43, 636, 'Rantau Badauh', '2016-06-05 06:38:34', '0000-00-00 00:00:00'),
(637, 43, 637, 'Tabukan', '2016-06-05 06:38:34', '0000-00-00 00:00:00'),
(638, 43, 638, 'Tabunganen', '2016-06-05 06:38:34', '0000-00-00 00:00:00'),
(639, 43, 639, 'Tamban', '2016-06-05 06:38:34', '0000-00-00 00:00:00'),
(640, 43, 640, 'Wanaraya', '2016-06-05 06:38:34', '0000-00-00 00:00:00'),
(641, 44, 641, 'Dusun Hilir', '2016-06-05 06:38:34', '0000-00-00 00:00:00'),
(642, 44, 642, 'Dusun Selatan', '2016-06-05 06:38:34', '0000-00-00 00:00:00'),
(643, 44, 643, 'Dusun Utara', '2016-06-05 06:38:34', '0000-00-00 00:00:00'),
(644, 44, 644, 'Gunung Bintang Awai', '2016-06-05 06:38:34', '0000-00-00 00:00:00'),
(645, 44, 645, 'Jenamas', '2016-06-05 06:38:34', '0000-00-00 00:00:00'),
(646, 44, 646, 'Karau Kuala', '2016-06-05 06:38:34', '0000-00-00 00:00:00'),
(647, 45, 647, 'Awang', '2016-06-05 06:38:34', '0000-00-00 00:00:00'),
(648, 45, 648, 'Benua Lima', '2016-06-05 06:38:34', '0000-00-00 00:00:00'),
(649, 45, 649, 'Dusun Tengah', '2016-06-05 06:38:34', '0000-00-00 00:00:00'),
(650, 45, 650, 'Dusun Timur', '2016-06-05 06:38:34', '0000-00-00 00:00:00'),
(651, 45, 651, 'Karusen Janang', '2016-06-05 06:38:34', '0000-00-00 00:00:00'),
(652, 45, 652, 'Paju Epat', '2016-06-05 06:38:34', '0000-00-00 00:00:00'),
(653, 45, 653, 'Paku', '2016-06-05 06:38:34', '0000-00-00 00:00:00'),
(654, 45, 654, 'Patangkep Tutui', '2016-06-05 06:38:34', '0000-00-00 00:00:00'),
(655, 45, 655, 'Pematang Karau', '2016-06-05 06:38:34', '0000-00-00 00:00:00'),
(656, 45, 656, 'Raren Batuah', '2016-06-05 06:38:34', '0000-00-00 00:00:00'),
(657, 46, 657, 'Gunung Purei', '2016-06-05 06:38:34', '0000-00-00 00:00:00'),
(658, 46, 658, 'Gunung Timang', '2016-06-05 06:38:34', '0000-00-00 00:00:00'),
(659, 46, 659, 'Lahei', '2016-06-05 06:38:34', '0000-00-00 00:00:00'),
(660, 46, 660, 'Lahei Barat', '2016-06-05 06:38:34', '0000-00-00 00:00:00'),
(661, 46, 661, 'Montallat (Montalat)', '2016-06-05 06:38:34', '0000-00-00 00:00:00'),
(662, 46, 662, 'Teweh Baru', '2016-06-05 06:38:34', '0000-00-00 00:00:00'),
(663, 46, 663, 'Teweh Selatan', '2016-06-05 06:38:34', '0000-00-00 00:00:00'),
(664, 46, 664, 'Teweh Tengah', '2016-06-05 06:38:34', '0000-00-00 00:00:00'),
(665, 46, 665, 'Teweh Timur', '2016-06-05 06:38:34', '0000-00-00 00:00:00'),
(666, 47, 666, 'Balusu', '2016-06-05 06:38:34', '0000-00-00 00:00:00'),
(667, 47, 667, 'Barru', '2016-06-05 06:38:34', '0000-00-00 00:00:00'),
(668, 47, 668, 'Mallusetasi', '2016-06-05 06:38:34', '0000-00-00 00:00:00'),
(669, 47, 669, 'Pujananting', '2016-06-05 06:38:34', '0000-00-00 00:00:00'),
(670, 47, 670, 'Soppeng Riaja', '2016-06-05 06:38:34', '0000-00-00 00:00:00'),
(671, 47, 671, 'Tanete Riaja', '2016-06-05 06:38:34', '0000-00-00 00:00:00'),
(672, 47, 672, 'Tanete Rilau', '2016-06-05 06:38:34', '0000-00-00 00:00:00'),
(673, 48, 673, 'Batam Kota', '2016-06-05 06:38:34', '0000-00-00 00:00:00'),
(674, 48, 674, 'Batu Aji', '2016-06-05 06:38:34', '0000-00-00 00:00:00'),
(675, 48, 675, 'Batu Ampar', '2016-06-05 06:38:34', '0000-00-00 00:00:00');
INSERT INTO `bkm_sub_district` (`id`, `city_id`, `sub_district_id`, `name`, `created_at`, `updated_at`) VALUES
(676, 48, 676, 'Belakang Padang', '2016-06-05 06:38:34', '0000-00-00 00:00:00'),
(677, 48, 677, 'Bengkong', '2016-06-05 06:38:34', '0000-00-00 00:00:00'),
(678, 48, 678, 'Bulang', '2016-06-05 06:38:34', '0000-00-00 00:00:00'),
(679, 48, 679, 'Galang', '2016-06-05 06:38:34', '0000-00-00 00:00:00'),
(680, 48, 680, 'Lubuk Baja', '2016-06-05 06:38:34', '0000-00-00 00:00:00'),
(681, 48, 681, 'Nongsa', '2016-06-05 06:38:34', '0000-00-00 00:00:00'),
(682, 48, 682, 'Sagulung', '2016-06-05 06:38:34', '0000-00-00 00:00:00'),
(683, 48, 683, 'Sei/Sungai Beduk', '2016-06-05 06:38:34', '0000-00-00 00:00:00'),
(684, 48, 684, 'Sekupang', '2016-06-05 06:38:34', '0000-00-00 00:00:00'),
(685, 49, 685, 'Bandar', '2016-06-05 06:38:34', '0000-00-00 00:00:00'),
(686, 49, 686, 'Banyuputih', '2016-06-05 06:38:34', '0000-00-00 00:00:00'),
(687, 49, 687, 'Batang', '2016-06-05 06:38:34', '0000-00-00 00:00:00'),
(688, 49, 688, 'Bawang', '2016-06-05 06:38:34', '0000-00-00 00:00:00'),
(689, 49, 689, 'Blado', '2016-06-05 06:38:34', '0000-00-00 00:00:00'),
(690, 49, 690, 'Gringsing', '2016-06-05 06:38:34', '0000-00-00 00:00:00'),
(691, 49, 691, 'Kandeman', '2016-06-05 06:38:34', '0000-00-00 00:00:00'),
(692, 49, 692, 'Limpung', '2016-06-05 06:38:34', '0000-00-00 00:00:00'),
(693, 49, 693, 'Pecalungan', '2016-06-05 06:38:34', '0000-00-00 00:00:00'),
(694, 49, 694, 'Reban', '2016-06-05 06:38:34', '0000-00-00 00:00:00'),
(695, 49, 695, 'Subah', '2016-06-05 06:38:34', '0000-00-00 00:00:00'),
(696, 49, 696, 'Tersono', '2016-06-05 06:38:34', '0000-00-00 00:00:00'),
(697, 49, 697, 'Tulis', '2016-06-05 06:38:34', '0000-00-00 00:00:00'),
(698, 49, 698, 'Warungasem', '2016-06-05 06:38:34', '0000-00-00 00:00:00'),
(699, 49, 699, 'Wonotunggal', '2016-06-05 06:38:34', '0000-00-00 00:00:00'),
(700, 50, 700, 'Bajubang', '2016-06-05 06:38:34', '0000-00-00 00:00:00'),
(701, 50, 701, 'Batin XXIV', '2016-06-05 06:38:34', '0000-00-00 00:00:00'),
(702, 50, 702, 'Maro Sebo Ilir', '2016-06-05 06:38:34', '0000-00-00 00:00:00'),
(703, 50, 703, 'Maro Sebo Ulu', '2016-06-05 06:38:34', '0000-00-00 00:00:00'),
(704, 50, 704, 'Mersam', '2016-06-05 06:38:34', '0000-00-00 00:00:00'),
(705, 50, 705, 'Muara Bulian', '2016-06-05 06:38:34', '0000-00-00 00:00:00'),
(706, 50, 706, 'Muara Tembesi', '2016-06-05 06:38:34', '0000-00-00 00:00:00'),
(707, 50, 707, 'Pemayung', '2016-06-05 06:38:34', '0000-00-00 00:00:00'),
(708, 51, 708, 'Batu', '2016-06-05 06:38:34', '0000-00-00 00:00:00'),
(709, 51, 709, 'Bumiaji', '2016-06-05 06:38:34', '0000-00-00 00:00:00'),
(710, 51, 710, 'Junrejo', '2016-06-05 06:38:34', '0000-00-00 00:00:00'),
(711, 52, 711, 'Air Putih', '2016-06-05 06:38:34', '0000-00-00 00:00:00'),
(712, 52, 712, 'Limapuluh', '2016-06-05 06:38:34', '0000-00-00 00:00:00'),
(713, 52, 713, 'Medang Deras', '2016-06-05 06:38:34', '0000-00-00 00:00:00'),
(714, 52, 714, 'Sei Balai', '2016-06-05 06:38:34', '0000-00-00 00:00:00'),
(715, 52, 715, 'Sei Suka', '2016-06-05 06:38:34', '0000-00-00 00:00:00'),
(716, 52, 716, 'Talawi', '2016-06-05 06:38:34', '0000-00-00 00:00:00'),
(717, 52, 717, 'Tanjung Tiram', '2016-06-05 06:38:34', '0000-00-00 00:00:00'),
(718, 53, 718, 'Batupoaro', '2016-06-05 06:38:34', '0000-00-00 00:00:00'),
(719, 53, 719, 'Betoambari', '2016-06-05 06:38:34', '0000-00-00 00:00:00'),
(720, 53, 720, 'Bungi', '2016-06-05 06:38:34', '0000-00-00 00:00:00'),
(721, 53, 721, 'Kokalukuna', '2016-06-05 06:38:34', '0000-00-00 00:00:00'),
(722, 53, 722, 'Lea-Lea', '2016-06-05 06:38:34', '0000-00-00 00:00:00'),
(723, 53, 723, 'Murhum', '2016-06-05 06:38:34', '0000-00-00 00:00:00'),
(724, 53, 724, 'Sora Walio (Sorowalio)', '2016-06-05 06:38:34', '0000-00-00 00:00:00'),
(725, 53, 725, 'Wolio', '2016-06-05 06:38:34', '0000-00-00 00:00:00'),
(726, 54, 726, 'Babelan', '2016-06-05 06:38:34', '0000-00-00 00:00:00'),
(727, 54, 727, 'Bojongmangu', '2016-06-05 06:38:34', '0000-00-00 00:00:00'),
(728, 54, 728, 'Cabangbungin', '2016-06-05 06:38:34', '0000-00-00 00:00:00'),
(729, 54, 729, 'Cibarusah', '2016-06-05 06:38:34', '0000-00-00 00:00:00'),
(730, 54, 730, 'Cibitung', '2016-06-05 06:38:34', '0000-00-00 00:00:00'),
(731, 54, 731, 'Cikarang Barat', '2016-06-05 06:38:34', '0000-00-00 00:00:00'),
(732, 54, 732, 'Cikarang Pusat', '2016-06-05 06:38:34', '0000-00-00 00:00:00'),
(733, 54, 733, 'Cikarang Selatan', '2016-06-05 06:38:34', '0000-00-00 00:00:00'),
(734, 54, 734, 'Cikarang Timur', '2016-06-05 06:38:34', '0000-00-00 00:00:00'),
(735, 54, 735, 'Cikarang Utara', '2016-06-05 06:38:34', '0000-00-00 00:00:00'),
(736, 54, 736, 'Karangbahagia', '2016-06-05 06:38:34', '0000-00-00 00:00:00'),
(737, 54, 737, 'Kedung Waringin', '2016-06-05 06:38:34', '0000-00-00 00:00:00'),
(738, 54, 738, 'Muara Gembong', '2016-06-05 06:38:34', '0000-00-00 00:00:00'),
(739, 54, 739, 'Pebayuran', '2016-06-05 06:38:34', '0000-00-00 00:00:00'),
(740, 54, 740, 'Serang Baru', '2016-06-05 06:38:34', '0000-00-00 00:00:00'),
(741, 54, 741, 'Setu', '2016-06-05 06:38:34', '0000-00-00 00:00:00'),
(742, 54, 742, 'Sukakarya', '2016-06-05 06:38:34', '0000-00-00 00:00:00'),
(743, 54, 743, 'Sukatani', '2016-06-05 06:38:34', '0000-00-00 00:00:00'),
(744, 54, 744, 'Sukawangi', '2016-06-05 06:38:34', '0000-00-00 00:00:00'),
(745, 54, 745, 'Tambelang', '2016-06-05 06:38:34', '0000-00-00 00:00:00'),
(746, 54, 746, 'Tambun Selatan', '2016-06-05 06:38:34', '0000-00-00 00:00:00'),
(747, 54, 747, 'Tambun Utara', '2016-06-05 06:38:34', '0000-00-00 00:00:00'),
(748, 54, 748, 'Tarumajaya', '2016-06-05 06:38:34', '0000-00-00 00:00:00'),
(749, 55, 749, 'Bantar Gebang', '2016-06-05 06:38:34', '0000-00-00 00:00:00'),
(750, 55, 750, 'Bekasi Barat', '2016-06-05 06:38:34', '0000-00-00 00:00:00'),
(751, 55, 751, 'Bekasi Selatan', '2016-06-05 06:38:34', '0000-00-00 00:00:00'),
(752, 55, 752, 'Bekasi Timur', '2016-06-05 06:38:34', '0000-00-00 00:00:00'),
(753, 55, 753, 'Bekasi Utara', '2016-06-05 06:38:34', '0000-00-00 00:00:00'),
(754, 55, 754, 'Jati Sampurna', '2016-06-05 06:38:34', '0000-00-00 00:00:00'),
(755, 55, 755, 'Jatiasih', '2016-06-05 06:38:34', '0000-00-00 00:00:00'),
(756, 55, 756, 'Medan Satria', '2016-06-05 06:38:34', '0000-00-00 00:00:00'),
(757, 55, 757, 'Mustika Jaya', '2016-06-05 06:38:34', '0000-00-00 00:00:00'),
(758, 55, 758, 'Pondok Gede', '2016-06-05 06:38:34', '0000-00-00 00:00:00'),
(759, 55, 759, 'Pondok Melati', '2016-06-05 06:38:34', '0000-00-00 00:00:00'),
(760, 55, 760, 'Rawalumbu', '2016-06-05 06:38:34', '0000-00-00 00:00:00'),
(761, 56, 761, 'Badau', '2016-06-05 06:38:35', '0000-00-00 00:00:00'),
(762, 56, 762, 'Membalong', '2016-06-05 06:38:35', '0000-00-00 00:00:00'),
(763, 56, 763, 'Selat Nasik', '2016-06-05 06:38:35', '0000-00-00 00:00:00'),
(764, 56, 764, 'Sijuk', '2016-06-05 06:38:35', '0000-00-00 00:00:00'),
(765, 56, 765, 'Tanjung Pandan', '2016-06-05 06:38:35', '0000-00-00 00:00:00'),
(766, 57, 766, 'Damar', '2016-06-05 06:38:35', '0000-00-00 00:00:00'),
(767, 57, 767, 'Dendang', '2016-06-05 06:38:35', '0000-00-00 00:00:00'),
(768, 57, 768, 'Gantung', '2016-06-05 06:38:35', '0000-00-00 00:00:00'),
(769, 57, 769, 'Kelapa Kampit', '2016-06-05 06:38:35', '0000-00-00 00:00:00'),
(770, 57, 770, 'Manggar', '2016-06-05 06:38:35', '0000-00-00 00:00:00'),
(771, 57, 771, 'Simpang Pesak', '2016-06-05 06:38:35', '0000-00-00 00:00:00'),
(772, 57, 772, 'Simpang Renggiang', '2016-06-05 06:38:35', '0000-00-00 00:00:00'),
(773, 58, 773, 'Atambua Barat', '2016-06-05 06:38:35', '0000-00-00 00:00:00'),
(774, 58, 774, 'Atambua Kota', '2016-06-05 06:38:35', '0000-00-00 00:00:00'),
(775, 58, 775, 'Atambua Selatan', '2016-06-05 06:38:35', '0000-00-00 00:00:00'),
(776, 58, 776, 'Botin Leo Bele', '2016-06-05 06:38:35', '0000-00-00 00:00:00'),
(777, 58, 777, 'Io Kufeu', '2016-06-05 06:38:35', '0000-00-00 00:00:00'),
(778, 58, 778, 'Kakuluk Mesak', '2016-06-05 06:38:35', '0000-00-00 00:00:00'),
(779, 58, 779, 'Kobalima', '2016-06-05 06:38:35', '0000-00-00 00:00:00'),
(780, 58, 780, 'Kobalima Timur', '2016-06-05 06:38:35', '0000-00-00 00:00:00'),
(781, 58, 781, 'Laen Manen', '2016-06-05 06:38:35', '0000-00-00 00:00:00'),
(782, 58, 782, 'Lamaknen', '2016-06-05 06:38:35', '0000-00-00 00:00:00'),
(783, 58, 783, 'Lamaknen Selatan', '2016-06-05 06:38:35', '0000-00-00 00:00:00'),
(784, 58, 784, 'Lasiolat', '2016-06-05 06:38:35', '0000-00-00 00:00:00'),
(785, 58, 785, 'Malaka Barat', '2016-06-05 06:38:35', '0000-00-00 00:00:00'),
(786, 58, 786, 'Malaka Tengah', '2016-06-05 06:38:35', '0000-00-00 00:00:00'),
(787, 58, 787, 'Malaka Timur', '2016-06-05 06:38:35', '0000-00-00 00:00:00'),
(788, 58, 788, 'Nanaet Duabesi', '2016-06-05 06:38:35', '0000-00-00 00:00:00'),
(789, 58, 789, 'Raihat', '2016-06-05 06:38:35', '0000-00-00 00:00:00'),
(790, 58, 790, 'Raimanuk', '2016-06-05 06:38:35', '0000-00-00 00:00:00'),
(791, 58, 791, 'Rinhat', '2016-06-05 06:38:35', '0000-00-00 00:00:00'),
(792, 58, 792, 'Sasitamean', '2016-06-05 06:38:35', '0000-00-00 00:00:00'),
(793, 58, 793, 'Tasifeto Barat', '2016-06-05 06:38:35', '0000-00-00 00:00:00'),
(794, 58, 794, 'Tasifeto Timur', '2016-06-05 06:38:35', '0000-00-00 00:00:00'),
(795, 58, 795, 'Weliman', '2016-06-05 06:38:35', '0000-00-00 00:00:00'),
(796, 58, 796, 'Wewiku', '2016-06-05 06:38:35', '0000-00-00 00:00:00'),
(797, 59, 797, 'Bandar', '2016-06-05 06:38:35', '0000-00-00 00:00:00'),
(798, 59, 798, 'Bener Kelipah', '2016-06-05 06:38:35', '0000-00-00 00:00:00'),
(799, 59, 799, 'Bukit', '2016-06-05 06:38:35', '0000-00-00 00:00:00'),
(800, 59, 800, 'Gajah Putih', '2016-06-05 06:38:35', '0000-00-00 00:00:00'),
(801, 59, 801, 'Mesidah', '2016-06-05 06:38:35', '0000-00-00 00:00:00'),
(802, 59, 802, 'Permata', '2016-06-05 06:38:35', '0000-00-00 00:00:00'),
(803, 59, 803, 'Pintu Rime Gayo', '2016-06-05 06:38:35', '0000-00-00 00:00:00'),
(804, 59, 804, 'Syiah Utama', '2016-06-05 06:38:35', '0000-00-00 00:00:00'),
(805, 59, 805, 'Timang Gajah', '2016-06-05 06:38:35', '0000-00-00 00:00:00'),
(806, 59, 806, 'Wih Pesam', '2016-06-05 06:38:35', '0000-00-00 00:00:00'),
(807, 60, 807, 'Bantan', '2016-06-05 06:38:35', '0000-00-00 00:00:00'),
(808, 60, 808, 'Bengkalis', '2016-06-05 06:38:35', '0000-00-00 00:00:00'),
(809, 60, 809, 'Bukit Batu', '2016-06-05 06:38:35', '0000-00-00 00:00:00'),
(810, 60, 810, 'Mandau', '2016-06-05 06:38:35', '0000-00-00 00:00:00'),
(811, 60, 811, 'Pinggir', '2016-06-05 06:38:35', '0000-00-00 00:00:00'),
(812, 60, 812, 'Rupat', '2016-06-05 06:38:35', '0000-00-00 00:00:00'),
(813, 60, 813, 'Rupat Utara', '2016-06-05 06:38:35', '0000-00-00 00:00:00'),
(814, 60, 814, 'Siak Kecil', '2016-06-05 06:38:35', '0000-00-00 00:00:00'),
(815, 61, 815, 'Bengkayang', '2016-06-05 06:38:35', '0000-00-00 00:00:00'),
(816, 61, 816, 'Capkala', '2016-06-05 06:38:35', '0000-00-00 00:00:00'),
(817, 61, 817, 'Jagoi Babang', '2016-06-05 06:38:35', '0000-00-00 00:00:00'),
(818, 61, 818, 'Ledo', '2016-06-05 06:38:35', '0000-00-00 00:00:00'),
(819, 61, 819, 'Lembah Bawang', '2016-06-05 06:38:35', '0000-00-00 00:00:00'),
(820, 61, 820, 'Lumar', '2016-06-05 06:38:35', '0000-00-00 00:00:00'),
(821, 61, 821, 'Monterado', '2016-06-05 06:38:35', '0000-00-00 00:00:00'),
(822, 61, 822, 'Samalantan', '2016-06-05 06:38:35', '0000-00-00 00:00:00'),
(823, 61, 823, 'Sanggau Ledo', '2016-06-05 06:38:35', '0000-00-00 00:00:00'),
(824, 61, 824, 'Seluas', '2016-06-05 06:38:35', '0000-00-00 00:00:00'),
(825, 61, 825, 'Siding', '2016-06-05 06:38:35', '0000-00-00 00:00:00'),
(826, 61, 826, 'Sungai Betung', '2016-06-05 06:38:35', '0000-00-00 00:00:00'),
(827, 61, 827, 'Sungai Raya', '2016-06-05 06:38:35', '0000-00-00 00:00:00'),
(828, 61, 828, 'Sungai Raya Kepulauan', '2016-06-05 06:38:35', '0000-00-00 00:00:00'),
(829, 61, 829, 'Suti Semarang', '2016-06-05 06:38:35', '0000-00-00 00:00:00'),
(830, 61, 830, 'Teriak', '2016-06-05 06:38:35', '0000-00-00 00:00:00'),
(831, 61, 831, 'Tujuh Belas', '2016-06-05 06:38:35', '0000-00-00 00:00:00'),
(832, 62, 832, 'Gading Cempaka', '2016-06-05 06:38:35', '0000-00-00 00:00:00'),
(833, 62, 833, 'Kampung Melayu', '2016-06-05 06:38:35', '0000-00-00 00:00:00'),
(834, 62, 834, 'Muara Bangka Hulu', '2016-06-05 06:38:35', '0000-00-00 00:00:00'),
(835, 62, 835, 'Ratu Agung', '2016-06-05 06:38:35', '0000-00-00 00:00:00'),
(836, 62, 836, 'Ratu Samban', '2016-06-05 06:38:35', '0000-00-00 00:00:00'),
(837, 62, 837, 'Selebar', '2016-06-05 06:38:35', '0000-00-00 00:00:00'),
(838, 62, 838, 'Singaran Pati', '2016-06-05 06:38:35', '0000-00-00 00:00:00'),
(839, 62, 839, 'Sungai Serut', '2016-06-05 06:38:35', '0000-00-00 00:00:00'),
(840, 62, 840, 'Teluk Segara', '2016-06-05 06:38:35', '0000-00-00 00:00:00'),
(841, 63, 841, 'Air Nipis', '2016-06-05 06:38:35', '0000-00-00 00:00:00'),
(842, 63, 842, 'Bunga Mas', '2016-06-05 06:38:35', '0000-00-00 00:00:00'),
(843, 63, 843, 'Kedurang', '2016-06-05 06:38:35', '0000-00-00 00:00:00'),
(844, 63, 844, 'Kedurang Ilir', '2016-06-05 06:38:35', '0000-00-00 00:00:00'),
(845, 63, 845, 'Kota Manna', '2016-06-05 06:38:35', '0000-00-00 00:00:00'),
(846, 63, 846, 'Manna', '2016-06-05 06:38:35', '0000-00-00 00:00:00'),
(847, 63, 847, 'Pasar Manna', '2016-06-05 06:38:35', '0000-00-00 00:00:00'),
(848, 63, 848, 'Pino', '2016-06-05 06:38:35', '0000-00-00 00:00:00'),
(849, 63, 849, 'Pinoraya', '2016-06-05 06:38:35', '0000-00-00 00:00:00'),
(850, 63, 850, 'Seginim', '2016-06-05 06:38:35', '0000-00-00 00:00:00'),
(851, 63, 851, 'Ulu Manna', '2016-06-05 06:38:35', '0000-00-00 00:00:00'),
(852, 64, 852, 'Bang Haji', '2016-06-05 06:38:35', '0000-00-00 00:00:00'),
(853, 64, 853, 'Karang Tinggi', '2016-06-05 06:38:35', '0000-00-00 00:00:00'),
(854, 64, 854, 'Merigi Kelindang', '2016-06-05 06:38:35', '0000-00-00 00:00:00'),
(855, 64, 855, 'Merigi Sakti', '2016-06-05 06:38:35', '0000-00-00 00:00:00'),
(856, 64, 856, 'Pagar Jati', '2016-06-05 06:38:35', '0000-00-00 00:00:00'),
(857, 64, 857, 'Pematang Tiga', '2016-06-05 06:38:35', '0000-00-00 00:00:00'),
(858, 64, 858, 'Pondok Kelapa', '2016-06-05 06:38:35', '0000-00-00 00:00:00'),
(859, 64, 859, 'Pondok Kubang', '2016-06-05 06:38:35', '0000-00-00 00:00:00'),
(860, 64, 860, 'Taba Penanjung', '2016-06-05 06:38:35', '0000-00-00 00:00:00'),
(861, 64, 861, 'Talang Empat', '2016-06-05 06:38:35', '0000-00-00 00:00:00'),
(862, 65, 862, 'Air Besi', '2016-06-05 06:38:35', '0000-00-00 00:00:00'),
(863, 65, 863, 'Air Napal', '2016-06-05 06:38:35', '0000-00-00 00:00:00'),
(864, 65, 864, 'Air Padang', '2016-06-05 06:38:35', '0000-00-00 00:00:00'),
(865, 65, 865, 'Arga Makmur', '2016-06-05 06:38:35', '0000-00-00 00:00:00'),
(866, 65, 866, 'Arma Jaya', '2016-06-05 06:38:35', '0000-00-00 00:00:00'),
(867, 65, 867, 'Batik Nau', '2016-06-05 06:38:35', '0000-00-00 00:00:00'),
(868, 65, 868, 'Enggano', '2016-06-05 06:38:35', '0000-00-00 00:00:00'),
(869, 65, 869, 'Giri Mulia', '2016-06-05 06:38:35', '0000-00-00 00:00:00'),
(870, 65, 870, 'Hulu Palik', '2016-06-05 06:38:35', '0000-00-00 00:00:00'),
(871, 65, 871, 'Kerkap', '2016-06-05 06:38:35', '0000-00-00 00:00:00'),
(872, 65, 872, 'Ketahun', '2016-06-05 06:38:35', '0000-00-00 00:00:00'),
(873, 65, 873, 'Lais', '2016-06-05 06:38:35', '0000-00-00 00:00:00'),
(874, 65, 874, 'Napal Putih', '2016-06-05 06:38:35', '0000-00-00 00:00:00'),
(875, 65, 875, 'Padang Jaya', '2016-06-05 06:38:35', '0000-00-00 00:00:00'),
(876, 65, 876, 'Putri Hijau', '2016-06-05 06:38:35', '0000-00-00 00:00:00'),
(877, 65, 877, 'Tanjung Agung Palik', '2016-06-05 06:38:35', '0000-00-00 00:00:00'),
(878, 65, 878, 'Ulok Kupai', '2016-06-05 06:38:35', '0000-00-00 00:00:00'),
(879, 66, 879, 'Batu Putih', '2016-06-05 06:38:35', '0000-00-00 00:00:00'),
(880, 66, 880, 'Biatan', '2016-06-05 06:38:35', '0000-00-00 00:00:00'),
(881, 66, 881, 'Biduk-Biduk', '2016-06-05 06:38:35', '0000-00-00 00:00:00'),
(882, 66, 882, 'Derawan (Pulau Derawan)', '2016-06-05 06:38:35', '0000-00-00 00:00:00'),
(883, 66, 883, 'Gunung Tabur', '2016-06-05 06:38:35', '0000-00-00 00:00:00'),
(884, 66, 884, 'Kelay', '2016-06-05 06:38:35', '0000-00-00 00:00:00'),
(885, 66, 885, 'Maratua', '2016-06-05 06:38:35', '0000-00-00 00:00:00'),
(886, 66, 886, 'Sambaliung', '2016-06-05 06:38:35', '0000-00-00 00:00:00'),
(887, 66, 887, 'Segah', '2016-06-05 06:38:35', '0000-00-00 00:00:00'),
(888, 66, 888, 'Tabalar', '2016-06-05 06:38:35', '0000-00-00 00:00:00'),
(889, 66, 889, 'Talisayan', '2016-06-05 06:38:35', '0000-00-00 00:00:00'),
(890, 66, 890, 'Tanjung Redeb', '2016-06-05 06:38:35', '0000-00-00 00:00:00'),
(891, 66, 891, 'Teluk Bayur', '2016-06-05 06:38:35', '0000-00-00 00:00:00'),
(892, 67, 892, 'Aimando Padaido', '2016-06-05 06:38:35', '0000-00-00 00:00:00'),
(893, 67, 893, 'Andey (Andei)', '2016-06-05 06:38:35', '0000-00-00 00:00:00'),
(894, 67, 894, 'Biak Barat', '2016-06-05 06:38:35', '0000-00-00 00:00:00'),
(895, 67, 895, 'Biak Kota', '2016-06-05 06:38:35', '0000-00-00 00:00:00'),
(896, 67, 896, 'Biak Timur', '2016-06-05 06:38:35', '0000-00-00 00:00:00'),
(897, 67, 897, 'Biak Utara', '2016-06-05 06:38:35', '0000-00-00 00:00:00'),
(898, 67, 898, 'Bondifuar', '2016-06-05 06:38:35', '0000-00-00 00:00:00'),
(899, 67, 899, 'Bruyadori', '2016-06-05 06:38:35', '0000-00-00 00:00:00'),
(900, 67, 900, 'Numfor Barat', '2016-06-05 06:38:35', '0000-00-00 00:00:00'),
(901, 67, 901, 'Numfor Timur', '2016-06-05 06:38:35', '0000-00-00 00:00:00'),
(902, 67, 902, 'Oridek', '2016-06-05 06:38:35', '0000-00-00 00:00:00'),
(903, 67, 903, 'Orkeri', '2016-06-05 06:38:35', '0000-00-00 00:00:00'),
(904, 67, 904, 'Padaido', '2016-06-05 06:38:35', '0000-00-00 00:00:00'),
(905, 67, 905, 'Poiru', '2016-06-05 06:38:35', '0000-00-00 00:00:00'),
(906, 67, 906, 'Samofa', '2016-06-05 06:38:35', '0000-00-00 00:00:00'),
(907, 67, 907, 'Swandiwe', '2016-06-05 06:38:35', '0000-00-00 00:00:00'),
(908, 67, 908, 'Warsa', '2016-06-05 06:38:35', '0000-00-00 00:00:00'),
(909, 67, 909, 'Yawosi', '2016-06-05 06:38:35', '0000-00-00 00:00:00'),
(910, 67, 910, 'Yendidori', '2016-06-05 06:38:35', '0000-00-00 00:00:00'),
(911, 68, 911, 'Ambalawi', '2016-06-05 06:38:35', '0000-00-00 00:00:00'),
(912, 68, 912, 'Belo', '2016-06-05 06:38:35', '0000-00-00 00:00:00'),
(913, 68, 913, 'Bolo', '2016-06-05 06:38:35', '0000-00-00 00:00:00'),
(914, 68, 914, 'Donggo', '2016-06-05 06:38:35', '0000-00-00 00:00:00'),
(915, 68, 915, 'Lambitu', '2016-06-05 06:38:35', '0000-00-00 00:00:00'),
(916, 68, 916, 'Lambu', '2016-06-05 06:38:35', '0000-00-00 00:00:00'),
(917, 68, 917, 'Langgudu', '2016-06-05 06:38:35', '0000-00-00 00:00:00'),
(918, 68, 918, 'Madapangga', '2016-06-05 06:38:35', '0000-00-00 00:00:00'),
(919, 68, 919, 'Monta', '2016-06-05 06:38:35', '0000-00-00 00:00:00'),
(920, 68, 920, 'Palibelo', '2016-06-05 06:38:35', '0000-00-00 00:00:00'),
(921, 68, 921, 'Parado', '2016-06-05 06:38:35', '0000-00-00 00:00:00'),
(922, 68, 922, 'Sanggar', '2016-06-05 06:38:35', '0000-00-00 00:00:00'),
(923, 68, 923, 'Sape', '2016-06-05 06:38:35', '0000-00-00 00:00:00'),
(924, 68, 924, 'Soromandi', '2016-06-05 06:38:35', '0000-00-00 00:00:00'),
(925, 68, 925, 'Tambora', '2016-06-05 06:38:35', '0000-00-00 00:00:00'),
(926, 68, 926, 'Wawo', '2016-06-05 06:38:35', '0000-00-00 00:00:00'),
(927, 68, 927, 'Wera', '2016-06-05 06:38:35', '0000-00-00 00:00:00'),
(928, 68, 928, 'Woha', '2016-06-05 06:38:35', '0000-00-00 00:00:00'),
(929, 69, 929, 'Asakota', '2016-06-05 06:38:35', '0000-00-00 00:00:00'),
(930, 69, 930, 'Mpunda', '2016-06-05 06:38:35', '0000-00-00 00:00:00'),
(931, 69, 931, 'Raba', '2016-06-05 06:38:35', '0000-00-00 00:00:00'),
(932, 69, 932, 'Rasanae Barat', '2016-06-05 06:38:35', '0000-00-00 00:00:00'),
(933, 69, 933, 'Rasanae Timur', '2016-06-05 06:38:35', '0000-00-00 00:00:00'),
(934, 70, 934, 'Binjai Barat', '2016-06-05 06:38:35', '0000-00-00 00:00:00'),
(935, 70, 935, 'Binjai Kota', '2016-06-05 06:38:35', '0000-00-00 00:00:00'),
(936, 70, 936, 'Binjai Selatan', '2016-06-05 06:38:35', '0000-00-00 00:00:00'),
(937, 70, 937, 'Binjai Timur', '2016-06-05 06:38:35', '0000-00-00 00:00:00'),
(938, 70, 938, 'Binjai Utara', '2016-06-05 06:38:35', '0000-00-00 00:00:00'),
(939, 71, 939, 'Bintan Pesisir', '2016-06-05 06:38:36', '0000-00-00 00:00:00'),
(940, 71, 940, 'Bintan Timur', '2016-06-05 06:38:36', '0000-00-00 00:00:00'),
(941, 71, 941, 'Bintan Utara', '2016-06-05 06:38:36', '0000-00-00 00:00:00'),
(942, 71, 942, 'Gunung Kijang', '2016-06-05 06:38:36', '0000-00-00 00:00:00'),
(943, 71, 943, 'Mantang', '2016-06-05 06:38:36', '0000-00-00 00:00:00'),
(944, 71, 944, 'Seri/Sri Kuala Lobam', '2016-06-05 06:38:36', '0000-00-00 00:00:00'),
(945, 71, 945, 'Tambelan', '2016-06-05 06:38:36', '0000-00-00 00:00:00'),
(946, 71, 946, 'Teluk Bintan', '2016-06-05 06:38:36', '0000-00-00 00:00:00'),
(947, 71, 947, 'Teluk Sebong', '2016-06-05 06:38:36', '0000-00-00 00:00:00'),
(948, 71, 948, 'Toapaya', '2016-06-05 06:38:36', '0000-00-00 00:00:00'),
(949, 72, 949, 'Ganda Pura', '2016-06-05 06:38:36', '0000-00-00 00:00:00'),
(950, 72, 950, 'Jangka', '2016-06-05 06:38:36', '0000-00-00 00:00:00'),
(951, 72, 951, 'Jeumpa', '2016-06-05 06:38:36', '0000-00-00 00:00:00'),
(952, 72, 952, 'Jeunieb', '2016-06-05 06:38:36', '0000-00-00 00:00:00'),
(953, 72, 953, 'Juli', '2016-06-05 06:38:36', '0000-00-00 00:00:00'),
(954, 72, 954, 'Kota Juang', '2016-06-05 06:38:36', '0000-00-00 00:00:00'),
(955, 72, 955, 'Kuala', '2016-06-05 06:38:36', '0000-00-00 00:00:00'),
(956, 72, 956, 'Kuta Blang', '2016-06-05 06:38:36', '0000-00-00 00:00:00'),
(957, 72, 957, 'Makmur', '2016-06-05 06:38:36', '0000-00-00 00:00:00'),
(958, 72, 958, 'Pandrah', '2016-06-05 06:38:36', '0000-00-00 00:00:00'),
(959, 72, 959, 'Peudada', '2016-06-05 06:38:36', '0000-00-00 00:00:00'),
(960, 72, 960, 'Peulimbang (Plimbang)', '2016-06-05 06:38:36', '0000-00-00 00:00:00'),
(961, 72, 961, 'Peusangan', '2016-06-05 06:38:36', '0000-00-00 00:00:00'),
(962, 72, 962, 'Peusangan Selatan', '2016-06-05 06:38:36', '0000-00-00 00:00:00'),
(963, 72, 963, 'Peusangan Siblah Krueng', '2016-06-05 06:38:36', '0000-00-00 00:00:00'),
(964, 72, 964, 'Samalanga', '2016-06-05 06:38:36', '0000-00-00 00:00:00'),
(965, 72, 965, 'Simpang Mamplam', '2016-06-05 06:38:36', '0000-00-00 00:00:00'),
(966, 73, 966, 'Aertembaga (Bitung Timur)', '2016-06-05 06:38:36', '0000-00-00 00:00:00'),
(967, 73, 967, 'Girian', '2016-06-05 06:38:36', '0000-00-00 00:00:00'),
(968, 73, 968, 'Lembeh Selatan (Bitung Selatan)', '2016-06-05 06:38:36', '0000-00-00 00:00:00'),
(969, 73, 969, 'Lembeh Utara', '2016-06-05 06:38:36', '0000-00-00 00:00:00'),
(970, 73, 970, 'Madidir (Bitung Tengah)', '2016-06-05 06:38:36', '0000-00-00 00:00:00'),
(971, 73, 971, 'Maesa', '2016-06-05 06:38:36', '0000-00-00 00:00:00'),
(972, 73, 972, 'Matuari (Bitung Barat)', '2016-06-05 06:38:36', '0000-00-00 00:00:00'),
(973, 73, 973, 'Ranowulu (Bitung Utara)', '2016-06-05 06:38:36', '0000-00-00 00:00:00'),
(974, 74, 974, 'Bakung', '2016-06-05 06:38:36', '0000-00-00 00:00:00'),
(975, 74, 975, 'Binangun', '2016-06-05 06:38:36', '0000-00-00 00:00:00'),
(976, 74, 976, 'Doko', '2016-06-05 06:38:36', '0000-00-00 00:00:00'),
(977, 74, 977, 'Gandusari', '2016-06-05 06:38:36', '0000-00-00 00:00:00'),
(978, 74, 978, 'Garum', '2016-06-05 06:38:36', '0000-00-00 00:00:00'),
(979, 74, 979, 'Kademangan', '2016-06-05 06:38:36', '0000-00-00 00:00:00'),
(980, 74, 980, 'Kanigoro', '2016-06-05 06:38:36', '0000-00-00 00:00:00'),
(981, 74, 981, 'Kesamben', '2016-06-05 06:38:36', '0000-00-00 00:00:00'),
(982, 74, 982, 'Nglegok', '2016-06-05 06:38:36', '0000-00-00 00:00:00'),
(983, 74, 983, 'Panggungrejo', '2016-06-05 06:38:36', '0000-00-00 00:00:00'),
(984, 74, 984, 'Ponggok', '2016-06-05 06:38:36', '0000-00-00 00:00:00'),
(985, 74, 985, 'Sanan Kulon', '2016-06-05 06:38:36', '0000-00-00 00:00:00'),
(986, 74, 986, 'Selopuro', '2016-06-05 06:38:36', '0000-00-00 00:00:00'),
(987, 74, 987, 'Selorejo', '2016-06-05 06:38:36', '0000-00-00 00:00:00'),
(988, 74, 988, 'Srengat', '2016-06-05 06:38:36', '0000-00-00 00:00:00'),
(989, 74, 989, 'Sutojayan', '2016-06-05 06:38:36', '0000-00-00 00:00:00'),
(990, 74, 990, 'Talun', '2016-06-05 06:38:36', '0000-00-00 00:00:00'),
(991, 74, 991, 'Udanawu', '2016-06-05 06:38:36', '0000-00-00 00:00:00'),
(992, 74, 992, 'Wates', '2016-06-05 06:38:36', '0000-00-00 00:00:00'),
(993, 74, 993, 'Wlingi', '2016-06-05 06:38:36', '0000-00-00 00:00:00'),
(994, 74, 994, 'Wonodadi', '2016-06-05 06:38:36', '0000-00-00 00:00:00'),
(995, 74, 995, 'Wonotirto', '2016-06-05 06:38:36', '0000-00-00 00:00:00'),
(996, 75, 996, 'Kepanjen Kidul', '2016-06-05 06:38:36', '0000-00-00 00:00:00'),
(997, 75, 997, 'Sanan Wetan', '2016-06-05 06:38:36', '0000-00-00 00:00:00'),
(998, 75, 998, 'Sukorejo', '2016-06-05 06:38:36', '0000-00-00 00:00:00'),
(999, 76, 999, 'Banjarejo', '2016-06-05 06:38:36', '0000-00-00 00:00:00'),
(1000, 76, 1000, 'Blora kota', '2016-06-05 06:38:36', '0000-00-00 00:00:00'),
(1001, 76, 1001, 'Bogorejo', '2016-06-05 06:38:36', '0000-00-00 00:00:00'),
(1002, 76, 1002, 'Cepu', '2016-06-05 06:38:36', '0000-00-00 00:00:00'),
(1003, 76, 1003, 'Japah', '2016-06-05 06:38:36', '0000-00-00 00:00:00'),
(1004, 76, 1004, 'Jati', '2016-06-05 06:38:36', '0000-00-00 00:00:00'),
(1005, 76, 1005, 'Jepon', '2016-06-05 06:38:36', '0000-00-00 00:00:00'),
(1006, 76, 1006, 'Jiken', '2016-06-05 06:38:36', '0000-00-00 00:00:00'),
(1007, 76, 1007, 'Kedungtuban', '2016-06-05 06:38:36', '0000-00-00 00:00:00'),
(1008, 76, 1008, 'Kradenan', '2016-06-05 06:38:36', '0000-00-00 00:00:00'),
(1009, 76, 1009, 'Kunduran', '2016-06-05 06:38:36', '0000-00-00 00:00:00'),
(1010, 76, 1010, 'Ngawen', '2016-06-05 06:38:36', '0000-00-00 00:00:00'),
(1011, 76, 1011, 'Randublatung', '2016-06-05 06:38:36', '0000-00-00 00:00:00'),
(1012, 76, 1012, 'Sambong', '2016-06-05 06:38:36', '0000-00-00 00:00:00'),
(1013, 76, 1013, 'Todanan', '2016-06-05 06:38:36', '0000-00-00 00:00:00'),
(1014, 76, 1014, 'Tunjungan', '2016-06-05 06:38:36', '0000-00-00 00:00:00'),
(1015, 77, 1015, 'Botumoita (Botumoito)', '2016-06-05 06:38:36', '0000-00-00 00:00:00'),
(1016, 77, 1016, 'Dulupi', '2016-06-05 06:38:36', '0000-00-00 00:00:00'),
(1017, 77, 1017, 'Mananggu', '2016-06-05 06:38:36', '0000-00-00 00:00:00'),
(1018, 77, 1018, 'Paguyaman', '2016-06-05 06:38:36', '0000-00-00 00:00:00'),
(1019, 77, 1019, 'Paguyaman Pantai', '2016-06-05 06:38:36', '0000-00-00 00:00:00'),
(1020, 77, 1020, 'Tilamuta', '2016-06-05 06:38:36', '0000-00-00 00:00:00'),
(1021, 77, 1021, 'Wonosari', '2016-06-05 06:38:36', '0000-00-00 00:00:00'),
(1022, 78, 1022, 'Babakan Madang', '2016-06-05 06:38:36', '0000-00-00 00:00:00'),
(1023, 78, 1023, 'Bojonggede', '2016-06-05 06:38:36', '0000-00-00 00:00:00'),
(1024, 78, 1024, 'Caringin', '2016-06-05 06:38:36', '0000-00-00 00:00:00'),
(1025, 78, 1025, 'Cariu', '2016-06-05 06:38:36', '0000-00-00 00:00:00'),
(1026, 78, 1026, 'Ciampea', '2016-06-05 06:38:36', '0000-00-00 00:00:00'),
(1027, 78, 1027, 'Ciawi', '2016-06-05 06:38:36', '0000-00-00 00:00:00'),
(1028, 78, 1028, 'Cibinong', '2016-06-05 06:38:36', '0000-00-00 00:00:00'),
(1029, 78, 1029, 'Cibungbulang', '2016-06-05 06:38:36', '0000-00-00 00:00:00'),
(1030, 78, 1030, 'Cigombong', '2016-06-05 06:38:36', '0000-00-00 00:00:00'),
(1031, 78, 1031, 'Cigudeg', '2016-06-05 06:38:36', '0000-00-00 00:00:00'),
(1032, 78, 1032, 'Cijeruk', '2016-06-05 06:38:36', '0000-00-00 00:00:00'),
(1033, 78, 1033, 'Cileungsi', '2016-06-05 06:38:36', '0000-00-00 00:00:00'),
(1034, 78, 1034, 'Ciomas', '2016-06-05 06:38:36', '0000-00-00 00:00:00'),
(1035, 78, 1035, 'Cisarua', '2016-06-05 06:38:36', '0000-00-00 00:00:00'),
(1036, 78, 1036, 'Ciseeng', '2016-06-05 06:38:36', '0000-00-00 00:00:00'),
(1037, 78, 1037, 'Citeureup', '2016-06-05 06:38:36', '0000-00-00 00:00:00'),
(1038, 78, 1038, 'Dramaga', '2016-06-05 06:38:36', '0000-00-00 00:00:00'),
(1039, 78, 1039, 'Gunung Putri', '2016-06-05 06:38:36', '0000-00-00 00:00:00'),
(1040, 78, 1040, 'Gunung Sindur', '2016-06-05 06:38:36', '0000-00-00 00:00:00'),
(1041, 78, 1041, 'Jasinga', '2016-06-05 06:38:36', '0000-00-00 00:00:00'),
(1042, 78, 1042, 'Jonggol', '2016-06-05 06:38:36', '0000-00-00 00:00:00'),
(1043, 78, 1043, 'Kemang', '2016-06-05 06:38:36', '0000-00-00 00:00:00'),
(1044, 78, 1044, 'Klapa Nunggal (Kelapa Nunggal)', '2016-06-05 06:38:36', '0000-00-00 00:00:00'),
(1045, 78, 1045, 'Leuwiliang', '2016-06-05 06:38:36', '0000-00-00 00:00:00'),
(1046, 78, 1046, 'Leuwisadeng', '2016-06-05 06:38:36', '0000-00-00 00:00:00'),
(1047, 78, 1047, 'Megamendung', '2016-06-05 06:38:36', '0000-00-00 00:00:00'),
(1048, 78, 1048, 'Nanggung', '2016-06-05 06:38:36', '0000-00-00 00:00:00'),
(1049, 78, 1049, 'Pamijahan', '2016-06-05 06:38:36', '0000-00-00 00:00:00'),
(1050, 78, 1050, 'Parung', '2016-06-05 06:38:36', '0000-00-00 00:00:00'),
(1051, 78, 1051, 'Parung Panjang', '2016-06-05 06:38:36', '0000-00-00 00:00:00'),
(1052, 78, 1052, 'Ranca Bungur', '2016-06-05 06:38:36', '0000-00-00 00:00:00'),
(1053, 78, 1053, 'Rumpin', '2016-06-05 06:38:36', '0000-00-00 00:00:00'),
(1054, 78, 1054, 'Sukajaya', '2016-06-05 06:38:36', '0000-00-00 00:00:00'),
(1055, 78, 1055, 'Sukamakmur', '2016-06-05 06:38:36', '0000-00-00 00:00:00'),
(1056, 78, 1056, 'Sukaraja', '2016-06-05 06:38:36', '0000-00-00 00:00:00'),
(1057, 78, 1057, 'Tajurhalang', '2016-06-05 06:38:36', '0000-00-00 00:00:00'),
(1058, 78, 1058, 'Tamansari', '2016-06-05 06:38:36', '0000-00-00 00:00:00'),
(1059, 78, 1059, 'Tanjungsari', '2016-06-05 06:38:36', '0000-00-00 00:00:00'),
(1060, 78, 1060, 'Tenjo', '2016-06-05 06:38:36', '0000-00-00 00:00:00'),
(1061, 78, 1061, 'Tenjolaya', '2016-06-05 06:38:36', '0000-00-00 00:00:00'),
(1062, 79, 1062, 'Bogor Barat - Kota', '2016-06-05 06:38:36', '0000-00-00 00:00:00'),
(1063, 79, 1063, 'Bogor Selatan - Kota', '2016-06-05 06:38:36', '0000-00-00 00:00:00'),
(1064, 79, 1064, 'Bogor Tengah - Kota', '2016-06-05 06:38:36', '0000-00-00 00:00:00'),
(1065, 79, 1065, 'Bogor Timur - Kota', '2016-06-05 06:38:36', '0000-00-00 00:00:00'),
(1066, 79, 1066, 'Bogor Utara - Kota', '2016-06-05 06:38:36', '0000-00-00 00:00:00'),
(1067, 79, 1067, 'Tanah Sereal', '2016-06-05 06:38:36', '0000-00-00 00:00:00'),
(1068, 80, 1068, 'Balen', '2016-06-05 06:38:36', '0000-00-00 00:00:00'),
(1069, 80, 1069, 'Baureno', '2016-06-05 06:38:36', '0000-00-00 00:00:00'),
(1070, 80, 1070, 'Bojonegoro', '2016-06-05 06:38:36', '0000-00-00 00:00:00'),
(1071, 80, 1071, 'Bubulan', '2016-06-05 06:38:36', '0000-00-00 00:00:00'),
(1072, 80, 1072, 'Dander', '2016-06-05 06:38:36', '0000-00-00 00:00:00'),
(1073, 80, 1073, 'Gayam', '2016-06-05 06:38:36', '0000-00-00 00:00:00'),
(1074, 80, 1074, 'Gondang', '2016-06-05 06:38:36', '0000-00-00 00:00:00'),
(1075, 80, 1075, 'Kalitidu', '2016-06-05 06:38:36', '0000-00-00 00:00:00'),
(1076, 80, 1076, 'Kanor', '2016-06-05 06:38:36', '0000-00-00 00:00:00'),
(1077, 80, 1077, 'Kapas', '2016-06-05 06:38:36', '0000-00-00 00:00:00'),
(1078, 80, 1078, 'Kasiman', '2016-06-05 06:38:36', '0000-00-00 00:00:00'),
(1079, 80, 1079, 'Kedewan', '2016-06-05 06:38:36', '0000-00-00 00:00:00'),
(1080, 80, 1080, 'Kedungadem', '2016-06-05 06:38:36', '0000-00-00 00:00:00'),
(1081, 80, 1081, 'Kepoh Baru', '2016-06-05 06:38:36', '0000-00-00 00:00:00'),
(1082, 80, 1082, 'Malo', '2016-06-05 06:38:36', '0000-00-00 00:00:00'),
(1083, 80, 1083, 'Margomulyo', '2016-06-05 06:38:36', '0000-00-00 00:00:00'),
(1084, 80, 1084, 'Ngambon', '2016-06-05 06:38:36', '0000-00-00 00:00:00'),
(1085, 80, 1085, 'Ngasem', '2016-06-05 06:38:36', '0000-00-00 00:00:00'),
(1086, 80, 1086, 'Ngraho', '2016-06-05 06:38:36', '0000-00-00 00:00:00'),
(1087, 80, 1087, 'Padangan', '2016-06-05 06:38:36', '0000-00-00 00:00:00'),
(1088, 80, 1088, 'Purwosari', '2016-06-05 06:38:36', '0000-00-00 00:00:00'),
(1089, 80, 1089, 'Sekar', '2016-06-05 06:38:36', '0000-00-00 00:00:00'),
(1090, 80, 1090, 'Sugihwaras', '2016-06-05 06:38:36', '0000-00-00 00:00:00'),
(1091, 80, 1091, 'Sukosewu', '2016-06-05 06:38:36', '0000-00-00 00:00:00'),
(1092, 80, 1092, 'Sumberrejo', '2016-06-05 06:38:36', '0000-00-00 00:00:00'),
(1093, 80, 1093, 'Tambakrejo', '2016-06-05 06:38:36', '0000-00-00 00:00:00'),
(1094, 80, 1094, 'Temayang', '2016-06-05 06:38:36', '0000-00-00 00:00:00'),
(1095, 80, 1095, 'Trucuk', '2016-06-05 06:38:36', '0000-00-00 00:00:00'),
(1096, 81, 1096, 'Bilalang', '2016-06-05 06:38:36', '0000-00-00 00:00:00'),
(1097, 81, 1097, 'Bolaang', '2016-06-05 06:38:36', '0000-00-00 00:00:00'),
(1098, 81, 1098, 'Bolaang Timur', '2016-06-05 06:38:36', '0000-00-00 00:00:00'),
(1099, 81, 1099, 'Dumoga', '2016-06-05 06:38:36', '0000-00-00 00:00:00'),
(1100, 81, 1100, 'Dumoga Barat', '2016-06-05 06:38:36', '0000-00-00 00:00:00'),
(1101, 81, 1101, 'Dumoga Tengah', '2016-06-05 06:38:36', '0000-00-00 00:00:00'),
(1102, 81, 1102, 'Dumoga Tenggara', '2016-06-05 06:38:36', '0000-00-00 00:00:00'),
(1103, 81, 1103, 'Dumoga Timur', '2016-06-05 06:38:36', '0000-00-00 00:00:00'),
(1104, 81, 1104, 'Dumoga Utara', '2016-06-05 06:38:36', '0000-00-00 00:00:00'),
(1105, 81, 1105, 'Lolak', '2016-06-05 06:38:36', '0000-00-00 00:00:00'),
(1106, 81, 1106, 'Lolayan', '2016-06-05 06:38:36', '0000-00-00 00:00:00'),
(1107, 81, 1107, 'Passi Barat', '2016-06-05 06:38:36', '0000-00-00 00:00:00'),
(1108, 81, 1108, 'Passi Timur', '2016-06-05 06:38:36', '0000-00-00 00:00:00'),
(1109, 81, 1109, 'Poigar', '2016-06-05 06:38:36', '0000-00-00 00:00:00'),
(1110, 81, 1110, 'Sangtombolang', '2016-06-05 06:38:36', '0000-00-00 00:00:00'),
(1111, 82, 1111, 'Bolaang Uki', '2016-06-05 06:38:36', '0000-00-00 00:00:00'),
(1112, 82, 1112, 'Pinolosian', '2016-06-05 06:38:36', '0000-00-00 00:00:00'),
(1113, 82, 1113, 'Pinolosian Tengah', '2016-06-05 06:38:36', '0000-00-00 00:00:00'),
(1114, 82, 1114, 'Pinolosian Timur', '2016-06-05 06:38:36', '0000-00-00 00:00:00'),
(1115, 82, 1115, 'Posigadan', '2016-06-05 06:38:36', '0000-00-00 00:00:00'),
(1116, 83, 1116, 'Kotabunan', '2016-06-05 06:38:37', '0000-00-00 00:00:00'),
(1117, 83, 1117, 'Modayag', '2016-06-05 06:38:37', '0000-00-00 00:00:00'),
(1118, 83, 1118, 'Modayag Barat', '2016-06-05 06:38:37', '0000-00-00 00:00:00'),
(1119, 83, 1119, 'Nuangan', '2016-06-05 06:38:37', '0000-00-00 00:00:00'),
(1120, 83, 1120, 'Tutuyan', '2016-06-05 06:38:37', '0000-00-00 00:00:00'),
(1121, 84, 1121, 'Bintauna', '2016-06-05 06:38:37', '0000-00-00 00:00:00'),
(1122, 84, 1122, 'Bolang Itang Barat', '2016-06-05 06:38:37', '0000-00-00 00:00:00'),
(1123, 84, 1123, 'Bolang Itang Timur', '2016-06-05 06:38:37', '0000-00-00 00:00:00'),
(1124, 84, 1124, 'Kaidipang', '2016-06-05 06:38:37', '0000-00-00 00:00:00'),
(1125, 84, 1125, 'Pinogaluman', '2016-06-05 06:38:37', '0000-00-00 00:00:00'),
(1126, 84, 1126, 'Sangkub', '2016-06-05 06:38:37', '0000-00-00 00:00:00'),
(1127, 85, 1127, 'Kabaena', '2016-06-05 06:38:37', '0000-00-00 00:00:00'),
(1128, 85, 1128, 'Kabaena Barat', '2016-06-05 06:38:37', '0000-00-00 00:00:00'),
(1129, 85, 1129, 'Kabaena Selatan', '2016-06-05 06:38:37', '0000-00-00 00:00:00'),
(1130, 85, 1130, 'Kabaena Tengah', '2016-06-05 06:38:37', '0000-00-00 00:00:00'),
(1131, 85, 1131, 'Kabaena Timur', '2016-06-05 06:38:37', '0000-00-00 00:00:00'),
(1132, 85, 1132, 'Kabaena Utara', '2016-06-05 06:38:37', '0000-00-00 00:00:00'),
(1133, 85, 1133, 'Kepulauan Masaloka Raya', '2016-06-05 06:38:37', '0000-00-00 00:00:00'),
(1134, 85, 1134, 'Lentarai Jaya S. (Lantari Jaya)', '2016-06-05 06:38:37', '0000-00-00 00:00:00'),
(1135, 85, 1135, 'Mata Oleo', '2016-06-05 06:38:37', '0000-00-00 00:00:00'),
(1136, 85, 1136, 'Mata Usu', '2016-06-05 06:38:37', '0000-00-00 00:00:00'),
(1137, 85, 1137, 'Poleang', '2016-06-05 06:38:37', '0000-00-00 00:00:00'),
(1138, 85, 1138, 'Poleang Barat', '2016-06-05 06:38:37', '0000-00-00 00:00:00'),
(1139, 85, 1139, 'Poleang Selatan', '2016-06-05 06:38:37', '0000-00-00 00:00:00'),
(1140, 85, 1140, 'Poleang Tengah', '2016-06-05 06:38:37', '0000-00-00 00:00:00'),
(1141, 85, 1141, 'Poleang Tenggara', '2016-06-05 06:38:37', '0000-00-00 00:00:00'),
(1142, 85, 1142, 'Poleang Timur', '2016-06-05 06:38:37', '0000-00-00 00:00:00'),
(1143, 85, 1143, 'Poleang Utara', '2016-06-05 06:38:37', '0000-00-00 00:00:00'),
(1144, 85, 1144, 'Rarowatu', '2016-06-05 06:38:37', '0000-00-00 00:00:00'),
(1145, 85, 1145, 'Rarowatu Utara', '2016-06-05 06:38:37', '0000-00-00 00:00:00'),
(1146, 85, 1146, 'Rumbia', '2016-06-05 06:38:37', '0000-00-00 00:00:00'),
(1147, 85, 1147, 'Rumbia Tengah', '2016-06-05 06:38:37', '0000-00-00 00:00:00'),
(1148, 85, 1148, 'Tontonunu (Tontonuwu)', '2016-06-05 06:38:37', '0000-00-00 00:00:00'),
(1149, 86, 1149, 'Binakal', '2016-06-05 06:38:37', '0000-00-00 00:00:00'),
(1150, 86, 1150, 'Bondowoso', '2016-06-05 06:38:37', '0000-00-00 00:00:00'),
(1151, 86, 1151, 'Botolinggo', '2016-06-05 06:38:37', '0000-00-00 00:00:00'),
(1152, 86, 1152, 'Cermee', '2016-06-05 06:38:37', '0000-00-00 00:00:00'),
(1153, 86, 1153, 'Curahdami', '2016-06-05 06:38:37', '0000-00-00 00:00:00'),
(1154, 86, 1154, 'Grujugan', '2016-06-05 06:38:37', '0000-00-00 00:00:00'),
(1155, 86, 1155, 'Jambe Sari Darus Sholah', '2016-06-05 06:38:37', '0000-00-00 00:00:00'),
(1156, 86, 1156, 'Klabang', '2016-06-05 06:38:37', '0000-00-00 00:00:00'),
(1157, 86, 1157, 'Maesan', '2016-06-05 06:38:37', '0000-00-00 00:00:00'),
(1158, 86, 1158, 'Pakem', '2016-06-05 06:38:37', '0000-00-00 00:00:00'),
(1159, 86, 1159, 'Prajekan', '2016-06-05 06:38:37', '0000-00-00 00:00:00'),
(1160, 86, 1160, 'Pujer', '2016-06-05 06:38:37', '0000-00-00 00:00:00'),
(1161, 86, 1161, 'Sempol', '2016-06-05 06:38:37', '0000-00-00 00:00:00'),
(1162, 86, 1162, 'Sukosari', '2016-06-05 06:38:37', '0000-00-00 00:00:00'),
(1163, 86, 1163, 'Sumber Wringin', '2016-06-05 06:38:37', '0000-00-00 00:00:00'),
(1164, 86, 1164, 'Taman Krocok', '2016-06-05 06:38:37', '0000-00-00 00:00:00'),
(1165, 86, 1165, 'Tamanan', '2016-06-05 06:38:37', '0000-00-00 00:00:00'),
(1166, 86, 1166, 'Tapen', '2016-06-05 06:38:37', '0000-00-00 00:00:00'),
(1167, 86, 1167, 'Tegalampel', '2016-06-05 06:38:37', '0000-00-00 00:00:00'),
(1168, 86, 1168, 'Tenggarang', '2016-06-05 06:38:37', '0000-00-00 00:00:00'),
(1169, 86, 1169, 'Tlogosari', '2016-06-05 06:38:37', '0000-00-00 00:00:00'),
(1170, 86, 1170, 'Wonosari', '2016-06-05 06:38:37', '0000-00-00 00:00:00'),
(1171, 86, 1171, 'Wringin', '2016-06-05 06:38:37', '0000-00-00 00:00:00'),
(1172, 87, 1172, 'Ajangale', '2016-06-05 06:38:37', '0000-00-00 00:00:00'),
(1173, 87, 1173, 'Amali', '2016-06-05 06:38:37', '0000-00-00 00:00:00'),
(1174, 87, 1174, 'Awangpone', '2016-06-05 06:38:37', '0000-00-00 00:00:00'),
(1175, 87, 1175, 'Barebbo', '2016-06-05 06:38:37', '0000-00-00 00:00:00'),
(1176, 87, 1176, 'Bengo', '2016-06-05 06:38:37', '0000-00-00 00:00:00'),
(1177, 87, 1177, 'Bontocani', '2016-06-05 06:38:37', '0000-00-00 00:00:00'),
(1178, 87, 1178, 'Cenrana', '2016-06-05 06:38:37', '0000-00-00 00:00:00'),
(1179, 87, 1179, 'Cina', '2016-06-05 06:38:37', '0000-00-00 00:00:00'),
(1180, 87, 1180, 'Dua Boccoe', '2016-06-05 06:38:37', '0000-00-00 00:00:00'),
(1181, 87, 1181, 'Kahu', '2016-06-05 06:38:37', '0000-00-00 00:00:00'),
(1182, 87, 1182, 'Kajuara', '2016-06-05 06:38:37', '0000-00-00 00:00:00'),
(1183, 87, 1183, 'Lamuru', '2016-06-05 06:38:37', '0000-00-00 00:00:00'),
(1184, 87, 1184, 'Lappariaja', '2016-06-05 06:38:37', '0000-00-00 00:00:00'),
(1185, 87, 1185, 'Libureng', '2016-06-05 06:38:37', '0000-00-00 00:00:00'),
(1186, 87, 1186, 'Mare', '2016-06-05 06:38:37', '0000-00-00 00:00:00'),
(1187, 87, 1187, 'Palakka', '2016-06-05 06:38:37', '0000-00-00 00:00:00'),
(1188, 87, 1188, 'Patimpeng', '2016-06-05 06:38:37', '0000-00-00 00:00:00'),
(1189, 87, 1189, 'Ponre', '2016-06-05 06:38:37', '0000-00-00 00:00:00'),
(1190, 87, 1190, 'Salomekko', '2016-06-05 06:38:37', '0000-00-00 00:00:00'),
(1191, 87, 1191, 'Sibulue', '2016-06-05 06:38:37', '0000-00-00 00:00:00'),
(1192, 87, 1192, 'Tanete Riattang', '2016-06-05 06:38:37', '0000-00-00 00:00:00'),
(1193, 87, 1193, 'Tanete Riattang Barat', '2016-06-05 06:38:37', '0000-00-00 00:00:00'),
(1194, 87, 1194, 'Tanete Riattang Timur', '2016-06-05 06:38:37', '0000-00-00 00:00:00'),
(1195, 87, 1195, 'Tellu Limpoe', '2016-06-05 06:38:37', '0000-00-00 00:00:00'),
(1196, 87, 1196, 'Tellu Siattinge', '2016-06-05 06:38:37', '0000-00-00 00:00:00'),
(1197, 87, 1197, 'Tonra', '2016-06-05 06:38:37', '0000-00-00 00:00:00'),
(1198, 87, 1198, 'Ulaweng', '2016-06-05 06:38:37', '0000-00-00 00:00:00'),
(1199, 88, 1199, 'Bone', '2016-06-05 06:38:37', '0000-00-00 00:00:00'),
(1200, 88, 1200, 'Bone Raya', '2016-06-05 06:38:37', '0000-00-00 00:00:00'),
(1201, 88, 1201, 'Bonepantai', '2016-06-05 06:38:37', '0000-00-00 00:00:00'),
(1202, 88, 1202, 'Botu Pingge', '2016-06-05 06:38:37', '0000-00-00 00:00:00'),
(1203, 88, 1203, 'Bulango Selatan', '2016-06-05 06:38:37', '0000-00-00 00:00:00'),
(1204, 88, 1204, 'Bulango Timur', '2016-06-05 06:38:37', '0000-00-00 00:00:00'),
(1205, 88, 1205, 'Bulango Ulu', '2016-06-05 06:38:37', '0000-00-00 00:00:00'),
(1206, 88, 1206, 'Bulango Utara', '2016-06-05 06:38:37', '0000-00-00 00:00:00'),
(1207, 88, 1207, 'Bulawa', '2016-06-05 06:38:37', '0000-00-00 00:00:00'),
(1208, 88, 1208, 'Kabila', '2016-06-05 06:38:37', '0000-00-00 00:00:00'),
(1209, 88, 1209, 'Kabila Bone', '2016-06-05 06:38:37', '0000-00-00 00:00:00'),
(1210, 88, 1210, 'Pinogu', '2016-06-05 06:38:37', '0000-00-00 00:00:00'),
(1211, 88, 1211, 'Suwawa', '2016-06-05 06:38:37', '0000-00-00 00:00:00'),
(1212, 88, 1212, 'Suwawa Selatan', '2016-06-05 06:38:37', '0000-00-00 00:00:00'),
(1213, 88, 1213, 'Suwawa Tengah', '2016-06-05 06:38:37', '0000-00-00 00:00:00'),
(1214, 88, 1214, 'Suwawa Timur', '2016-06-05 06:38:37', '0000-00-00 00:00:00'),
(1215, 88, 1215, 'Tapa', '2016-06-05 06:38:37', '0000-00-00 00:00:00'),
(1216, 88, 1216, 'Tilongkabila', '2016-06-05 06:38:37', '0000-00-00 00:00:00'),
(1217, 89, 1217, 'Bontang Barat', '2016-06-05 06:38:37', '0000-00-00 00:00:00'),
(1218, 89, 1218, 'Bontang Selatan', '2016-06-05 06:38:37', '0000-00-00 00:00:00'),
(1219, 89, 1219, 'Bontang Utara', '2016-06-05 06:38:37', '0000-00-00 00:00:00'),
(1220, 90, 1220, 'Ambatkwi (Ambatkui)', '2016-06-05 06:38:37', '0000-00-00 00:00:00'),
(1221, 90, 1221, 'Arimop', '2016-06-05 06:38:37', '0000-00-00 00:00:00'),
(1222, 90, 1222, 'Bomakia', '2016-06-05 06:38:37', '0000-00-00 00:00:00'),
(1223, 90, 1223, 'Firiwage', '2016-06-05 06:38:37', '0000-00-00 00:00:00'),
(1224, 90, 1224, 'Fofi', '2016-06-05 06:38:37', '0000-00-00 00:00:00'),
(1225, 90, 1225, 'Iniyandit', '2016-06-05 06:38:37', '0000-00-00 00:00:00'),
(1226, 90, 1226, 'Jair', '2016-06-05 06:38:37', '0000-00-00 00:00:00'),
(1227, 90, 1227, 'Kawagit', '2016-06-05 06:38:37', '0000-00-00 00:00:00'),
(1228, 90, 1228, 'Ki', '2016-06-05 06:38:37', '0000-00-00 00:00:00'),
(1229, 90, 1229, 'Kombay', '2016-06-05 06:38:37', '0000-00-00 00:00:00'),
(1230, 90, 1230, 'Kombut', '2016-06-05 06:38:37', '0000-00-00 00:00:00'),
(1231, 90, 1231, 'Kouh', '2016-06-05 06:38:37', '0000-00-00 00:00:00'),
(1232, 90, 1232, 'Mandobo', '2016-06-05 06:38:37', '0000-00-00 00:00:00'),
(1233, 90, 1233, 'Manggelum', '2016-06-05 06:38:37', '0000-00-00 00:00:00'),
(1234, 90, 1234, 'Mindiptana', '2016-06-05 06:38:37', '0000-00-00 00:00:00'),
(1235, 90, 1235, 'Ninati', '2016-06-05 06:38:37', '0000-00-00 00:00:00'),
(1236, 90, 1236, 'Sesnuk', '2016-06-05 06:38:37', '0000-00-00 00:00:00'),
(1237, 90, 1237, 'Subur', '2016-06-05 06:38:37', '0000-00-00 00:00:00'),
(1238, 90, 1238, 'Waropko', '2016-06-05 06:38:37', '0000-00-00 00:00:00'),
(1239, 90, 1239, 'Yaniruma', '2016-06-05 06:38:37', '0000-00-00 00:00:00'),
(1240, 91, 1240, 'Ampel', '2016-06-05 06:38:37', '0000-00-00 00:00:00'),
(1241, 91, 1241, 'Andong', '2016-06-05 06:38:37', '0000-00-00 00:00:00'),
(1242, 91, 1242, 'Banyudono', '2016-06-05 06:38:37', '0000-00-00 00:00:00'),
(1243, 91, 1243, 'Boyolali', '2016-06-05 06:38:37', '0000-00-00 00:00:00'),
(1244, 91, 1244, 'Cepogo', '2016-06-05 06:38:37', '0000-00-00 00:00:00'),
(1245, 91, 1245, 'Juwangi', '2016-06-05 06:38:37', '0000-00-00 00:00:00'),
(1246, 91, 1246, 'Karanggede', '2016-06-05 06:38:37', '0000-00-00 00:00:00'),
(1247, 91, 1247, 'Kemusu', '2016-06-05 06:38:37', '0000-00-00 00:00:00'),
(1248, 91, 1248, 'Klego', '2016-06-05 06:38:37', '0000-00-00 00:00:00'),
(1249, 91, 1249, 'Mojosongo', '2016-06-05 06:38:37', '0000-00-00 00:00:00'),
(1250, 91, 1250, 'Musuk', '2016-06-05 06:38:37', '0000-00-00 00:00:00'),
(1251, 91, 1251, 'Ngemplak', '2016-06-05 06:38:37', '0000-00-00 00:00:00'),
(1252, 91, 1252, 'Nogosari', '2016-06-05 06:38:37', '0000-00-00 00:00:00'),
(1253, 91, 1253, 'Sambi', '2016-06-05 06:38:37', '0000-00-00 00:00:00'),
(1254, 91, 1254, 'Sawit', '2016-06-05 06:38:37', '0000-00-00 00:00:00'),
(1255, 91, 1255, 'Selo', '2016-06-05 06:38:37', '0000-00-00 00:00:00'),
(1256, 91, 1256, 'Simo', '2016-06-05 06:38:37', '0000-00-00 00:00:00'),
(1257, 91, 1257, 'Teras', '2016-06-05 06:38:37', '0000-00-00 00:00:00'),
(1258, 91, 1258, 'Wonosegoro', '2016-06-05 06:38:37', '0000-00-00 00:00:00'),
(1259, 92, 1259, 'Banjarharjo', '2016-06-05 06:38:37', '0000-00-00 00:00:00'),
(1260, 92, 1260, 'Bantarkawung', '2016-06-05 06:38:37', '0000-00-00 00:00:00'),
(1261, 92, 1261, 'Brebes', '2016-06-05 06:38:37', '0000-00-00 00:00:00'),
(1262, 92, 1262, 'Bulakamba', '2016-06-05 06:38:37', '0000-00-00 00:00:00'),
(1263, 92, 1263, 'Bumiayu', '2016-06-05 06:38:37', '0000-00-00 00:00:00'),
(1264, 92, 1264, 'Jatibarang', '2016-06-05 06:38:37', '0000-00-00 00:00:00'),
(1265, 92, 1265, 'Kersana', '2016-06-05 06:38:37', '0000-00-00 00:00:00'),
(1266, 92, 1266, 'Ketanggungan', '2016-06-05 06:38:37', '0000-00-00 00:00:00'),
(1267, 92, 1267, 'Larangan', '2016-06-05 06:38:37', '0000-00-00 00:00:00'),
(1268, 92, 1268, 'Losari', '2016-06-05 06:38:37', '0000-00-00 00:00:00'),
(1269, 92, 1269, 'Paguyangan', '2016-06-05 06:38:37', '0000-00-00 00:00:00'),
(1270, 92, 1270, 'Salem', '2016-06-05 06:38:37', '0000-00-00 00:00:00'),
(1271, 92, 1271, 'Sirampog', '2016-06-05 06:38:37', '0000-00-00 00:00:00'),
(1272, 92, 1272, 'Songgom', '2016-06-05 06:38:37', '0000-00-00 00:00:00'),
(1273, 92, 1273, 'Tanjung', '2016-06-05 06:38:37', '0000-00-00 00:00:00'),
(1274, 92, 1274, 'Tonjong', '2016-06-05 06:38:37', '0000-00-00 00:00:00'),
(1275, 92, 1275, 'Wanasari', '2016-06-05 06:38:37', '0000-00-00 00:00:00'),
(1276, 93, 1276, 'Aur Birugo Tigo Baleh', '2016-06-05 06:38:37', '0000-00-00 00:00:00'),
(1277, 93, 1277, 'Guguk Panjang (Guguak Panjang)', '2016-06-05 06:38:37', '0000-00-00 00:00:00'),
(1278, 93, 1278, 'Mandiangin Koto Selayan', '2016-06-05 06:38:37', '0000-00-00 00:00:00'),
(1279, 94, 1279, 'Banjar', '2016-06-05 06:38:37', '0000-00-00 00:00:00'),
(1280, 94, 1280, 'Buleleng', '2016-06-05 06:38:37', '0000-00-00 00:00:00'),
(1281, 94, 1281, 'Busungbiu', '2016-06-05 06:38:37', '0000-00-00 00:00:00'),
(1282, 94, 1282, 'Gerokgak', '2016-06-05 06:38:37', '0000-00-00 00:00:00'),
(1283, 94, 1283, 'Kubutambahan', '2016-06-05 06:38:37', '0000-00-00 00:00:00'),
(1284, 94, 1284, 'Sawan', '2016-06-05 06:38:37', '0000-00-00 00:00:00'),
(1285, 94, 1285, 'Seririt', '2016-06-05 06:38:37', '0000-00-00 00:00:00'),
(1286, 94, 1286, 'Sukasada', '2016-06-05 06:38:37', '0000-00-00 00:00:00'),
(1287, 94, 1287, 'Tejakula', '2016-06-05 06:38:37', '0000-00-00 00:00:00'),
(1288, 95, 1288, 'Bonto Bahari', '2016-06-05 06:38:37', '0000-00-00 00:00:00'),
(1289, 95, 1289, 'Bontotiro', '2016-06-05 06:38:37', '0000-00-00 00:00:00'),
(1290, 95, 1290, 'Bulukumba (Bulukumpa)', '2016-06-05 06:38:37', '0000-00-00 00:00:00'),
(1291, 95, 1291, 'Gantorang/Gantarang (Gangking)', '2016-06-05 06:38:37', '0000-00-00 00:00:00'),
(1292, 95, 1292, 'Hero Lange-Lange (Herlang)', '2016-06-05 06:38:37', '0000-00-00 00:00:00'),
(1293, 95, 1293, 'Kajang', '2016-06-05 06:38:37', '0000-00-00 00:00:00'),
(1294, 95, 1294, 'Kindang', '2016-06-05 06:38:37', '0000-00-00 00:00:00'),
(1295, 95, 1295, 'Rilau Ale', '2016-06-05 06:38:37', '0000-00-00 00:00:00'),
(1296, 95, 1296, 'Ujung Bulu', '2016-06-05 06:38:37', '0000-00-00 00:00:00'),
(1297, 95, 1297, 'Ujung Loe', '2016-06-05 06:38:37', '0000-00-00 00:00:00'),
(1298, 96, 1298, 'Peso', '2016-06-05 06:38:38', '0000-00-00 00:00:00'),
(1299, 96, 1299, 'Peso Hilir/Ilir', '2016-06-05 06:38:38', '0000-00-00 00:00:00'),
(1300, 96, 1300, 'Pulau Bunyu', '2016-06-05 06:38:38', '0000-00-00 00:00:00'),
(1301, 96, 1301, 'Sekatak', '2016-06-05 06:38:38', '0000-00-00 00:00:00'),
(1302, 96, 1302, 'Tanjung Palas', '2016-06-05 06:38:38', '0000-00-00 00:00:00'),
(1303, 96, 1303, 'Tanjung Palas Barat', '2016-06-05 06:38:38', '0000-00-00 00:00:00'),
(1304, 96, 1304, 'Tanjung Palas Tengah', '2016-06-05 06:38:38', '0000-00-00 00:00:00'),
(1305, 96, 1305, 'Tanjung Palas Timur', '2016-06-05 06:38:38', '0000-00-00 00:00:00'),
(1306, 96, 1306, 'Tanjung Palas Utara', '2016-06-05 06:38:38', '0000-00-00 00:00:00'),
(1307, 96, 1307, 'Tanjung Selor', '2016-06-05 06:38:38', '0000-00-00 00:00:00'),
(1308, 97, 1308, 'Bathin II Babeko', '2016-06-05 06:38:38', '0000-00-00 00:00:00'),
(1309, 97, 1309, 'Bathin II Pelayang', '2016-06-05 06:38:38', '0000-00-00 00:00:00'),
(1310, 97, 1310, 'Bathin III', '2016-06-05 06:38:38', '0000-00-00 00:00:00'),
(1311, 97, 1311, 'Bathin III Ulu', '2016-06-05 06:38:38', '0000-00-00 00:00:00'),
(1312, 97, 1312, 'Bungo Dani', '2016-06-05 06:38:38', '0000-00-00 00:00:00'),
(1313, 97, 1313, 'Jujuhan', '2016-06-05 06:38:38', '0000-00-00 00:00:00'),
(1314, 97, 1314, 'Jujuhan Ilir', '2016-06-05 06:38:38', '0000-00-00 00:00:00'),
(1315, 97, 1315, 'Limbur Lubuk Mengkuang', '2016-06-05 06:38:38', '0000-00-00 00:00:00'),
(1316, 97, 1316, 'Muko-Muko Batin VII', '2016-06-05 06:38:38', '0000-00-00 00:00:00'),
(1317, 97, 1317, 'Pasar Muara Bungo', '2016-06-05 06:38:38', '0000-00-00 00:00:00'),
(1318, 97, 1318, 'Pelepat', '2016-06-05 06:38:38', '0000-00-00 00:00:00'),
(1319, 97, 1319, 'Pelepat Ilir', '2016-06-05 06:38:38', '0000-00-00 00:00:00'),
(1320, 97, 1320, 'Rantau Pandan', '2016-06-05 06:38:38', '0000-00-00 00:00:00'),
(1321, 97, 1321, 'Rimbo Tengah', '2016-06-05 06:38:38', '0000-00-00 00:00:00'),
(1322, 97, 1322, 'Tanah Sepenggal', '2016-06-05 06:38:38', '0000-00-00 00:00:00'),
(1323, 97, 1323, 'Tanah Sepenggal Lintas', '2016-06-05 06:38:38', '0000-00-00 00:00:00'),
(1324, 97, 1324, 'Tanah Tumbuh', '2016-06-05 06:38:38', '0000-00-00 00:00:00'),
(1325, 98, 1325, 'Biau', '2016-06-05 06:38:38', '0000-00-00 00:00:00'),
(1326, 98, 1326, 'Bokat', '2016-06-05 06:38:38', '0000-00-00 00:00:00'),
(1327, 98, 1327, 'Bukal', '2016-06-05 06:38:38', '0000-00-00 00:00:00'),
(1328, 98, 1328, 'Bunobogu', '2016-06-05 06:38:38', '0000-00-00 00:00:00'),
(1329, 98, 1329, 'Gadung', '2016-06-05 06:38:38', '0000-00-00 00:00:00'),
(1330, 98, 1330, 'Karamat', '2016-06-05 06:38:38', '0000-00-00 00:00:00'),
(1331, 98, 1331, 'Lakea (Lipunoto)', '2016-06-05 06:38:38', '0000-00-00 00:00:00'),
(1332, 98, 1332, 'Momunu', '2016-06-05 06:38:38', '0000-00-00 00:00:00'),
(1333, 98, 1333, 'Paleleh', '2016-06-05 06:38:38', '0000-00-00 00:00:00'),
(1334, 98, 1334, 'Paleleh Barat', '2016-06-05 06:38:38', '0000-00-00 00:00:00'),
(1335, 98, 1335, 'Tiloan', '2016-06-05 06:38:38', '0000-00-00 00:00:00'),
(1336, 99, 1336, 'Airbuaya', '2016-06-05 06:38:38', '0000-00-00 00:00:00'),
(1337, 99, 1337, 'Batabual', '2016-06-05 06:38:38', '0000-00-00 00:00:00'),
(1338, 99, 1338, 'Fena Leisela', '2016-06-05 06:38:38', '0000-00-00 00:00:00'),
(1339, 99, 1339, 'Lilialy', '2016-06-05 06:38:38', '0000-00-00 00:00:00'),
(1340, 99, 1340, 'Lolong Guba', '2016-06-05 06:38:38', '0000-00-00 00:00:00'),
(1341, 99, 1341, 'Namlea', '2016-06-05 06:38:38', '0000-00-00 00:00:00');
INSERT INTO `bkm_sub_district` (`id`, `city_id`, `sub_district_id`, `name`, `created_at`, `updated_at`) VALUES
(1342, 99, 1342, 'Teluk Kaiely', '2016-06-05 06:38:38', '0000-00-00 00:00:00'),
(1343, 99, 1343, 'Waeapo', '2016-06-05 06:38:38', '0000-00-00 00:00:00'),
(1344, 99, 1344, 'Waelata', '2016-06-05 06:38:38', '0000-00-00 00:00:00'),
(1345, 99, 1345, 'Waplau', '2016-06-05 06:38:38', '0000-00-00 00:00:00'),
(1346, 100, 1346, 'Ambalau', '2016-06-05 06:39:28', '0000-00-00 00:00:00'),
(1347, 100, 1347, 'Fena Fafan', '2016-06-05 06:39:28', '0000-00-00 00:00:00'),
(1348, 100, 1348, 'Kepala Madan', '2016-06-05 06:39:28', '0000-00-00 00:00:00'),
(1349, 100, 1349, 'Leksula', '2016-06-05 06:39:28', '0000-00-00 00:00:00'),
(1350, 100, 1350, 'Namrole', '2016-06-05 06:39:28', '0000-00-00 00:00:00'),
(1351, 100, 1351, 'Waesama', '2016-06-05 06:39:28', '0000-00-00 00:00:00'),
(1352, 101, 1352, 'Batauga', '2016-06-05 06:39:28', '0000-00-00 00:00:00'),
(1353, 101, 1353, 'Batu Atas', '2016-06-05 06:39:28', '0000-00-00 00:00:00'),
(1354, 101, 1354, 'Gu', '2016-06-05 06:39:28', '0000-00-00 00:00:00'),
(1355, 101, 1355, 'Kadatua', '2016-06-05 06:39:28', '0000-00-00 00:00:00'),
(1356, 101, 1356, 'Kapontori', '2016-06-05 06:39:28', '0000-00-00 00:00:00'),
(1357, 101, 1357, 'Lakudo', '2016-06-05 06:39:28', '0000-00-00 00:00:00'),
(1358, 101, 1358, 'Lapandewa', '2016-06-05 06:39:28', '0000-00-00 00:00:00'),
(1359, 101, 1359, 'Lasalimu', '2016-06-05 06:39:28', '0000-00-00 00:00:00'),
(1360, 101, 1360, 'Lasalimu Selatan', '2016-06-05 06:39:28', '0000-00-00 00:00:00'),
(1361, 101, 1361, 'Mawasangka', '2016-06-05 06:39:28', '0000-00-00 00:00:00'),
(1362, 101, 1362, 'Mawasangka Tengah', '2016-06-05 06:39:28', '0000-00-00 00:00:00'),
(1363, 101, 1363, 'Mawasangka Timur', '2016-06-05 06:39:28', '0000-00-00 00:00:00'),
(1364, 101, 1364, 'Pasar Wajo', '2016-06-05 06:39:28', '0000-00-00 00:00:00'),
(1365, 101, 1365, 'Sampolawa', '2016-06-05 06:39:28', '0000-00-00 00:00:00'),
(1366, 101, 1366, 'Sangia Mambulu', '2016-06-05 06:39:28', '0000-00-00 00:00:00'),
(1367, 101, 1367, 'Siompu', '2016-06-05 06:39:28', '0000-00-00 00:00:00'),
(1368, 101, 1368, 'Siompu Barat', '2016-06-05 06:39:28', '0000-00-00 00:00:00'),
(1369, 101, 1369, 'Siontapia (Siontapina)', '2016-06-05 06:39:28', '0000-00-00 00:00:00'),
(1370, 101, 1370, 'Talaga Raya (Telaga Raya)', '2016-06-05 06:39:28', '0000-00-00 00:00:00'),
(1371, 101, 1371, 'Wabula', '2016-06-05 06:39:28', '0000-00-00 00:00:00'),
(1372, 101, 1372, 'Wolowa', '2016-06-05 06:39:28', '0000-00-00 00:00:00'),
(1373, 102, 1373, 'Bonegunu', '2016-06-05 06:39:28', '0000-00-00 00:00:00'),
(1374, 102, 1374, 'Kambowa', '2016-06-05 06:39:28', '0000-00-00 00:00:00'),
(1375, 102, 1375, 'Kulisusu (Kalingsusu/Kalisusu)', '2016-06-05 06:39:28', '0000-00-00 00:00:00'),
(1376, 102, 1376, 'Kulisusu Barat', '2016-06-05 06:39:28', '0000-00-00 00:00:00'),
(1377, 102, 1377, 'Kulisusu Utara', '2016-06-05 06:39:28', '0000-00-00 00:00:00'),
(1378, 102, 1378, 'Wakorumba Utara', '2016-06-05 06:39:28', '0000-00-00 00:00:00'),
(1379, 103, 1379, 'Banjarsari', '2016-06-05 06:39:28', '0000-00-00 00:00:00'),
(1380, 103, 1380, 'Baregbeg', '2016-06-05 06:39:28', '0000-00-00 00:00:00'),
(1381, 103, 1381, 'Ciamis', '2016-06-05 06:39:28', '0000-00-00 00:00:00'),
(1382, 103, 1382, 'Cidolog', '2016-06-05 06:39:28', '0000-00-00 00:00:00'),
(1383, 103, 1383, 'Cihaurbeuti', '2016-06-05 06:39:28', '0000-00-00 00:00:00'),
(1384, 103, 1384, 'Cijeungjing', '2016-06-05 06:39:28', '0000-00-00 00:00:00'),
(1385, 103, 1385, 'Cikoneng', '2016-06-05 06:39:28', '0000-00-00 00:00:00'),
(1386, 103, 1386, 'Cimaragas', '2016-06-05 06:39:28', '0000-00-00 00:00:00'),
(1387, 103, 1387, 'Cipaku', '2016-06-05 06:39:28', '0000-00-00 00:00:00'),
(1388, 103, 1388, 'Cisaga', '2016-06-05 06:39:28', '0000-00-00 00:00:00'),
(1389, 103, 1389, 'Jatinagara', '2016-06-05 06:39:28', '0000-00-00 00:00:00'),
(1390, 103, 1390, 'Kawali', '2016-06-05 06:39:28', '0000-00-00 00:00:00'),
(1391, 103, 1391, 'Lakbok', '2016-06-05 06:39:28', '0000-00-00 00:00:00'),
(1392, 103, 1392, 'Lumbung', '2016-06-05 06:39:28', '0000-00-00 00:00:00'),
(1393, 103, 1393, 'Pamarican', '2016-06-05 06:39:28', '0000-00-00 00:00:00'),
(1394, 103, 1394, 'Panawangan', '2016-06-05 06:39:28', '0000-00-00 00:00:00'),
(1395, 103, 1395, 'Panjalu', '2016-06-05 06:39:28', '0000-00-00 00:00:00'),
(1396, 103, 1396, 'Panumbangan', '2016-06-05 06:39:28', '0000-00-00 00:00:00'),
(1397, 103, 1397, 'Purwadadi', '2016-06-05 06:39:28', '0000-00-00 00:00:00'),
(1398, 103, 1398, 'Rajadesa', '2016-06-05 06:39:28', '0000-00-00 00:00:00'),
(1399, 103, 1399, 'Rancah', '2016-06-05 06:39:28', '0000-00-00 00:00:00'),
(1400, 103, 1400, 'Sadananya', '2016-06-05 06:39:28', '0000-00-00 00:00:00'),
(1401, 103, 1401, 'Sindangkasih', '2016-06-05 06:39:28', '0000-00-00 00:00:00'),
(1402, 103, 1402, 'Sukadana', '2016-06-05 06:39:28', '0000-00-00 00:00:00'),
(1403, 103, 1403, 'Sukamantri', '2016-06-05 06:39:28', '0000-00-00 00:00:00'),
(1404, 103, 1404, 'Tambaksari', '2016-06-05 06:39:28', '0000-00-00 00:00:00'),
(1405, 104, 1405, 'Agrabinta', '2016-06-05 06:39:28', '0000-00-00 00:00:00'),
(1406, 104, 1406, 'Bojongpicung', '2016-06-05 06:39:28', '0000-00-00 00:00:00'),
(1407, 104, 1407, 'Campaka', '2016-06-05 06:39:28', '0000-00-00 00:00:00'),
(1408, 104, 1408, 'Campaka Mulya', '2016-06-05 06:39:28', '0000-00-00 00:00:00'),
(1409, 104, 1409, 'Cianjur', '2016-06-05 06:39:28', '0000-00-00 00:00:00'),
(1410, 104, 1410, 'Cibeber', '2016-06-05 06:39:28', '0000-00-00 00:00:00'),
(1411, 104, 1411, 'Cibinong', '2016-06-05 06:39:28', '0000-00-00 00:00:00'),
(1412, 104, 1412, 'Cidaun', '2016-06-05 06:39:28', '0000-00-00 00:00:00'),
(1413, 104, 1413, 'Cijati', '2016-06-05 06:39:28', '0000-00-00 00:00:00'),
(1414, 104, 1414, 'Cikadu', '2016-06-05 06:39:28', '0000-00-00 00:00:00'),
(1415, 104, 1415, 'Cikalongkulon', '2016-06-05 06:39:28', '0000-00-00 00:00:00'),
(1416, 104, 1416, 'Cilaku', '2016-06-05 06:39:28', '0000-00-00 00:00:00'),
(1417, 104, 1417, 'Cipanas', '2016-06-05 06:39:28', '0000-00-00 00:00:00'),
(1418, 104, 1418, 'Ciranjang', '2016-06-05 06:39:28', '0000-00-00 00:00:00'),
(1419, 104, 1419, 'Cugenang', '2016-06-05 06:39:28', '0000-00-00 00:00:00'),
(1420, 104, 1420, 'Gekbrong', '2016-06-05 06:39:28', '0000-00-00 00:00:00'),
(1421, 104, 1421, 'Haurwangi', '2016-06-05 06:39:28', '0000-00-00 00:00:00'),
(1422, 104, 1422, 'Kadupandak', '2016-06-05 06:39:28', '0000-00-00 00:00:00'),
(1423, 104, 1423, 'Karangtengah', '2016-06-05 06:39:28', '0000-00-00 00:00:00'),
(1424, 104, 1424, 'Leles', '2016-06-05 06:39:28', '0000-00-00 00:00:00'),
(1425, 104, 1425, 'Mande', '2016-06-05 06:39:28', '0000-00-00 00:00:00'),
(1426, 104, 1426, 'Naringgul', '2016-06-05 06:39:28', '0000-00-00 00:00:00'),
(1427, 104, 1427, 'Pacet', '2016-06-05 06:39:28', '0000-00-00 00:00:00'),
(1428, 104, 1428, 'Pagelaran', '2016-06-05 06:39:28', '0000-00-00 00:00:00'),
(1429, 104, 1429, 'Pasirkuda', '2016-06-05 06:39:28', '0000-00-00 00:00:00'),
(1430, 104, 1430, 'Sindangbarang', '2016-06-05 06:39:28', '0000-00-00 00:00:00'),
(1431, 104, 1431, 'Sukaluyu', '2016-06-05 06:39:28', '0000-00-00 00:00:00'),
(1432, 104, 1432, 'Sukanagara', '2016-06-05 06:39:28', '0000-00-00 00:00:00'),
(1433, 104, 1433, 'Sukaresmi', '2016-06-05 06:39:28', '0000-00-00 00:00:00'),
(1434, 104, 1434, 'Takokak', '2016-06-05 06:39:28', '0000-00-00 00:00:00'),
(1435, 104, 1435, 'Tanggeung', '2016-06-05 06:39:28', '0000-00-00 00:00:00'),
(1436, 104, 1436, 'Warungkondang', '2016-06-05 06:39:28', '0000-00-00 00:00:00'),
(1437, 105, 1437, 'Adipala', '2016-06-05 06:39:28', '0000-00-00 00:00:00'),
(1438, 105, 1438, 'Bantarsari', '2016-06-05 06:39:28', '0000-00-00 00:00:00'),
(1439, 105, 1439, 'Binangun', '2016-06-05 06:39:28', '0000-00-00 00:00:00'),
(1440, 105, 1440, 'Cilacap Selatan', '2016-06-05 06:39:28', '0000-00-00 00:00:00'),
(1441, 105, 1441, 'Cilacap Tengah', '2016-06-05 06:39:28', '0000-00-00 00:00:00'),
(1442, 105, 1442, 'Cilacap Utara', '2016-06-05 06:39:28', '0000-00-00 00:00:00'),
(1443, 105, 1443, 'Cimanggu', '2016-06-05 06:39:28', '0000-00-00 00:00:00'),
(1444, 105, 1444, 'Cipari', '2016-06-05 06:39:28', '0000-00-00 00:00:00'),
(1445, 105, 1445, 'Dayeuhluhur', '2016-06-05 06:39:28', '0000-00-00 00:00:00'),
(1446, 105, 1446, 'Gandrungmangu', '2016-06-05 06:39:28', '0000-00-00 00:00:00'),
(1447, 105, 1447, 'Jeruklegi', '2016-06-05 06:39:28', '0000-00-00 00:00:00'),
(1448, 105, 1448, 'Kampung Laut', '2016-06-05 06:39:28', '0000-00-00 00:00:00'),
(1449, 105, 1449, 'Karangpucung', '2016-06-05 06:39:28', '0000-00-00 00:00:00'),
(1450, 105, 1450, 'Kawunganten', '2016-06-05 06:39:28', '0000-00-00 00:00:00'),
(1451, 105, 1451, 'Kedungreja', '2016-06-05 06:39:28', '0000-00-00 00:00:00'),
(1452, 105, 1452, 'Kesugihan', '2016-06-05 06:39:28', '0000-00-00 00:00:00'),
(1453, 105, 1453, 'Kroya', '2016-06-05 06:39:28', '0000-00-00 00:00:00'),
(1454, 105, 1454, 'Majenang', '2016-06-05 06:39:28', '0000-00-00 00:00:00'),
(1455, 105, 1455, 'Maos', '2016-06-05 06:39:28', '0000-00-00 00:00:00'),
(1456, 105, 1456, 'Nusawungu', '2016-06-05 06:39:28', '0000-00-00 00:00:00'),
(1457, 105, 1457, 'Patimuan', '2016-06-05 06:39:28', '0000-00-00 00:00:00'),
(1458, 105, 1458, 'Sampang', '2016-06-05 06:39:28', '0000-00-00 00:00:00'),
(1459, 105, 1459, 'Sidareja', '2016-06-05 06:39:28', '0000-00-00 00:00:00'),
(1460, 105, 1460, 'Wanareja', '2016-06-05 06:39:28', '0000-00-00 00:00:00'),
(1461, 106, 1461, 'Cibeber', '2016-06-05 06:39:28', '0000-00-00 00:00:00'),
(1462, 106, 1462, 'Cilegon', '2016-06-05 06:39:28', '0000-00-00 00:00:00'),
(1463, 106, 1463, 'Citangkil', '2016-06-05 06:39:28', '0000-00-00 00:00:00'),
(1464, 106, 1464, 'Ciwandan', '2016-06-05 06:39:28', '0000-00-00 00:00:00'),
(1465, 106, 1465, 'Gerogol', '2016-06-05 06:39:28', '0000-00-00 00:00:00'),
(1466, 106, 1466, 'Jombang', '2016-06-05 06:39:28', '0000-00-00 00:00:00'),
(1467, 106, 1467, 'Pulomerak', '2016-06-05 06:39:28', '0000-00-00 00:00:00'),
(1468, 106, 1468, 'Purwakarta', '2016-06-05 06:39:28', '0000-00-00 00:00:00'),
(1469, 107, 1469, 'Cimahi Selatan', '2016-06-05 06:39:28', '0000-00-00 00:00:00'),
(1470, 107, 1470, 'Cimahi Tengah', '2016-06-05 06:39:28', '0000-00-00 00:00:00'),
(1471, 107, 1471, 'Cimahi Utara', '2016-06-05 06:39:28', '0000-00-00 00:00:00'),
(1472, 108, 1472, 'Arjawinangun', '2016-06-05 06:39:28', '0000-00-00 00:00:00'),
(1473, 108, 1473, 'Astanajapura', '2016-06-05 06:39:28', '0000-00-00 00:00:00'),
(1474, 108, 1474, 'Babakan', '2016-06-05 06:39:28', '0000-00-00 00:00:00'),
(1475, 108, 1475, 'Beber', '2016-06-05 06:39:28', '0000-00-00 00:00:00'),
(1476, 108, 1476, 'Ciledug', '2016-06-05 06:39:28', '0000-00-00 00:00:00'),
(1477, 108, 1477, 'Ciwaringin', '2016-06-05 06:39:28', '0000-00-00 00:00:00'),
(1478, 108, 1478, 'Depok', '2016-06-05 06:39:28', '0000-00-00 00:00:00'),
(1479, 108, 1479, 'Dukupuntang', '2016-06-05 06:39:28', '0000-00-00 00:00:00'),
(1480, 108, 1480, 'Gebang', '2016-06-05 06:39:28', '0000-00-00 00:00:00'),
(1481, 108, 1481, 'Gegesik', '2016-06-05 06:39:28', '0000-00-00 00:00:00'),
(1482, 108, 1482, 'Gempol', '2016-06-05 06:39:28', '0000-00-00 00:00:00'),
(1483, 108, 1483, 'Greged (Greget)', '2016-06-05 06:39:28', '0000-00-00 00:00:00'),
(1484, 108, 1484, 'Gunung Jati (Cirebon Utara)', '2016-06-05 06:39:28', '0000-00-00 00:00:00'),
(1485, 108, 1485, 'Jamblang', '2016-06-05 06:39:28', '0000-00-00 00:00:00'),
(1486, 108, 1486, 'Kaliwedi', '2016-06-05 06:39:28', '0000-00-00 00:00:00'),
(1487, 108, 1487, 'Kapetakan', '2016-06-05 06:39:28', '0000-00-00 00:00:00'),
(1488, 108, 1488, 'Karangsembung', '2016-06-05 06:39:28', '0000-00-00 00:00:00'),
(1489, 108, 1489, 'Karangwareng', '2016-06-05 06:39:28', '0000-00-00 00:00:00'),
(1490, 108, 1490, 'Kedawung', '2016-06-05 06:39:28', '0000-00-00 00:00:00'),
(1491, 108, 1491, 'Klangenan', '2016-06-05 06:39:28', '0000-00-00 00:00:00'),
(1492, 108, 1492, 'Lemahabang', '2016-06-05 06:39:28', '0000-00-00 00:00:00'),
(1493, 108, 1493, 'Losari', '2016-06-05 06:39:28', '0000-00-00 00:00:00'),
(1494, 108, 1494, 'Mundu', '2016-06-05 06:39:28', '0000-00-00 00:00:00'),
(1495, 108, 1495, 'Pabedilan', '2016-06-05 06:39:28', '0000-00-00 00:00:00'),
(1496, 108, 1496, 'Pabuaran', '2016-06-05 06:39:28', '0000-00-00 00:00:00'),
(1497, 108, 1497, 'Palimanan', '2016-06-05 06:39:28', '0000-00-00 00:00:00'),
(1498, 108, 1498, 'Pangenan', '2016-06-05 06:39:28', '0000-00-00 00:00:00'),
(1499, 108, 1499, 'Panguragan', '2016-06-05 06:39:28', '0000-00-00 00:00:00'),
(1500, 108, 1500, 'Pasaleman', '2016-06-05 06:39:28', '0000-00-00 00:00:00'),
(1501, 108, 1501, 'Plered', '2016-06-05 06:39:28', '0000-00-00 00:00:00'),
(1502, 108, 1502, 'Plumbon', '2016-06-05 06:39:28', '0000-00-00 00:00:00'),
(1503, 108, 1503, 'Sedong', '2016-06-05 06:39:28', '0000-00-00 00:00:00'),
(1504, 108, 1504, 'Sumber', '2016-06-05 06:39:28', '0000-00-00 00:00:00'),
(1505, 108, 1505, 'Suranenggala', '2016-06-05 06:39:28', '0000-00-00 00:00:00'),
(1506, 108, 1506, 'Susukan', '2016-06-05 06:39:28', '0000-00-00 00:00:00'),
(1507, 108, 1507, 'Susukan Lebak', '2016-06-05 06:39:28', '0000-00-00 00:00:00'),
(1508, 108, 1508, 'Talun (Cirebon Selatan)', '2016-06-05 06:39:28', '0000-00-00 00:00:00'),
(1509, 108, 1509, 'Tengah Tani', '2016-06-05 06:39:28', '0000-00-00 00:00:00'),
(1510, 108, 1510, 'Waled', '2016-06-05 06:39:28', '0000-00-00 00:00:00'),
(1511, 108, 1511, 'Weru', '2016-06-05 06:39:28', '0000-00-00 00:00:00'),
(1512, 109, 1512, 'Harjamukti', '2016-06-05 06:39:28', '0000-00-00 00:00:00'),
(1513, 109, 1513, 'Kejaksan', '2016-06-05 06:39:28', '0000-00-00 00:00:00'),
(1514, 109, 1514, 'Kesambi', '2016-06-05 06:39:28', '0000-00-00 00:00:00'),
(1515, 109, 1515, 'Lemahwungkuk', '2016-06-05 06:39:28', '0000-00-00 00:00:00'),
(1516, 109, 1516, 'Pekalipan', '2016-06-05 06:39:28', '0000-00-00 00:00:00'),
(1517, 110, 1517, 'Berampu (Brampu)', '2016-06-05 06:39:28', '0000-00-00 00:00:00'),
(1518, 110, 1518, 'Gunung Sitember', '2016-06-05 06:39:28', '0000-00-00 00:00:00'),
(1519, 110, 1519, 'Lae Parira', '2016-06-05 06:39:28', '0000-00-00 00:00:00'),
(1520, 110, 1520, 'Parbuluan', '2016-06-05 06:39:28', '0000-00-00 00:00:00'),
(1521, 110, 1521, 'Pegagan Hilir', '2016-06-05 06:39:28', '0000-00-00 00:00:00'),
(1522, 110, 1522, 'Sidikalang', '2016-06-05 06:39:28', '0000-00-00 00:00:00'),
(1523, 110, 1523, 'Siempat Nempu', '2016-06-05 06:39:28', '0000-00-00 00:00:00'),
(1524, 110, 1524, 'Siempat Nempu Hilir', '2016-06-05 06:39:28', '0000-00-00 00:00:00'),
(1525, 110, 1525, 'Siempat Nempu Hulu', '2016-06-05 06:39:28', '0000-00-00 00:00:00'),
(1526, 110, 1526, 'Silahi Sabungan', '2016-06-05 06:39:28', '0000-00-00 00:00:00'),
(1527, 110, 1527, 'Silima Pungga-Pungga', '2016-06-05 06:39:28', '0000-00-00 00:00:00'),
(1528, 110, 1528, 'Sitinjo', '2016-06-05 06:39:28', '0000-00-00 00:00:00'),
(1529, 110, 1529, 'Sumbul', '2016-06-05 06:39:28', '0000-00-00 00:00:00'),
(1530, 110, 1530, 'Tanah Pinem', '2016-06-05 06:39:28', '0000-00-00 00:00:00'),
(1531, 110, 1531, 'Tiga Lingga', '2016-06-05 06:39:28', '0000-00-00 00:00:00'),
(1532, 111, 1532, 'Bowobado', '2016-06-05 06:39:28', '0000-00-00 00:00:00'),
(1533, 111, 1533, 'Kapiraya', '2016-06-05 06:39:28', '0000-00-00 00:00:00'),
(1534, 111, 1534, 'Tigi', '2016-06-05 06:39:28', '0000-00-00 00:00:00'),
(1535, 111, 1535, 'Tigi Barat', '2016-06-05 06:39:28', '0000-00-00 00:00:00'),
(1536, 111, 1536, 'Tigi Timur', '2016-06-05 06:39:28', '0000-00-00 00:00:00'),
(1537, 112, 1537, 'Bangun Purba', '2016-06-05 06:39:29', '0000-00-00 00:00:00'),
(1538, 112, 1538, 'Batang Kuis', '2016-06-05 06:39:29', '0000-00-00 00:00:00'),
(1539, 112, 1539, 'Beringin', '2016-06-05 06:39:29', '0000-00-00 00:00:00'),
(1540, 112, 1540, 'Biru-Biru', '2016-06-05 06:39:29', '0000-00-00 00:00:00'),
(1541, 112, 1541, 'Deli Tua', '2016-06-05 06:39:29', '0000-00-00 00:00:00'),
(1542, 112, 1542, 'Galang', '2016-06-05 06:39:29', '0000-00-00 00:00:00'),
(1543, 112, 1543, 'Gunung Meriah', '2016-06-05 06:39:29', '0000-00-00 00:00:00'),
(1544, 112, 1544, 'Hamparan Perak', '2016-06-05 06:39:29', '0000-00-00 00:00:00'),
(1545, 112, 1545, 'Kutalimbaru', '2016-06-05 06:39:29', '0000-00-00 00:00:00'),
(1546, 112, 1546, 'Labuhan Deli', '2016-06-05 06:39:29', '0000-00-00 00:00:00'),
(1547, 112, 1547, 'Lubuk Pakam', '2016-06-05 06:39:29', '0000-00-00 00:00:00'),
(1548, 112, 1548, 'Namo Rambe', '2016-06-05 06:39:29', '0000-00-00 00:00:00'),
(1549, 112, 1549, 'Pagar Merbau', '2016-06-05 06:39:29', '0000-00-00 00:00:00'),
(1550, 112, 1550, 'Pancur Batu', '2016-06-05 06:39:29', '0000-00-00 00:00:00'),
(1551, 112, 1551, 'Pantai Labu', '2016-06-05 06:39:29', '0000-00-00 00:00:00'),
(1552, 112, 1552, 'Patumbak', '2016-06-05 06:39:29', '0000-00-00 00:00:00'),
(1553, 112, 1553, 'Percut Sei Tuan', '2016-06-05 06:39:29', '0000-00-00 00:00:00'),
(1554, 112, 1554, 'Sibolangit', '2016-06-05 06:39:29', '0000-00-00 00:00:00'),
(1555, 112, 1555, 'Sinembah Tanjung Muda Hilir', '2016-06-05 06:39:29', '0000-00-00 00:00:00'),
(1556, 112, 1556, 'Sinembah Tanjung Muda Hulu', '2016-06-05 06:39:29', '0000-00-00 00:00:00'),
(1557, 112, 1557, 'Sunggal', '2016-06-05 06:39:29', '0000-00-00 00:00:00'),
(1558, 112, 1558, 'Tanjung Morawa', '2016-06-05 06:39:29', '0000-00-00 00:00:00'),
(1559, 113, 1559, 'Bonang', '2016-06-05 06:39:29', '0000-00-00 00:00:00'),
(1560, 113, 1560, 'Demak', '2016-06-05 06:39:29', '0000-00-00 00:00:00'),
(1561, 113, 1561, 'Dempet', '2016-06-05 06:39:29', '0000-00-00 00:00:00'),
(1562, 113, 1562, 'Gajah', '2016-06-05 06:39:29', '0000-00-00 00:00:00'),
(1563, 113, 1563, 'Guntur', '2016-06-05 06:39:29', '0000-00-00 00:00:00'),
(1564, 113, 1564, 'Karang Tengah', '2016-06-05 06:39:29', '0000-00-00 00:00:00'),
(1565, 113, 1565, 'Karanganyar', '2016-06-05 06:39:29', '0000-00-00 00:00:00'),
(1566, 113, 1566, 'Karangawen', '2016-06-05 06:39:29', '0000-00-00 00:00:00'),
(1567, 113, 1567, 'Kebonagung', '2016-06-05 06:39:29', '0000-00-00 00:00:00'),
(1568, 113, 1568, 'Mijen', '2016-06-05 06:39:29', '0000-00-00 00:00:00'),
(1569, 113, 1569, 'Mranggen', '2016-06-05 06:39:29', '0000-00-00 00:00:00'),
(1570, 113, 1570, 'Sayung', '2016-06-05 06:39:29', '0000-00-00 00:00:00'),
(1571, 113, 1571, 'Wedung', '2016-06-05 06:39:29', '0000-00-00 00:00:00'),
(1572, 113, 1572, 'Wonosalam', '2016-06-05 06:39:29', '0000-00-00 00:00:00'),
(1573, 114, 1573, 'Denpasar Barat', '2016-06-05 06:39:29', '0000-00-00 00:00:00'),
(1574, 114, 1574, 'Denpasar Selatan', '2016-06-05 06:39:29', '0000-00-00 00:00:00'),
(1575, 114, 1575, 'Denpasar Timur', '2016-06-05 06:39:29', '0000-00-00 00:00:00'),
(1576, 114, 1576, 'Denpasar Utara', '2016-06-05 06:39:29', '0000-00-00 00:00:00'),
(1577, 115, 1577, 'Beji', '2016-06-05 06:39:29', '0000-00-00 00:00:00'),
(1578, 115, 1578, 'Bojongsari', '2016-06-05 06:39:29', '0000-00-00 00:00:00'),
(1579, 115, 1579, 'Cilodong', '2016-06-05 06:39:29', '0000-00-00 00:00:00'),
(1580, 115, 1580, 'Cimanggis', '2016-06-05 06:39:29', '0000-00-00 00:00:00'),
(1581, 115, 1581, 'Cinere', '2016-06-05 06:39:29', '0000-00-00 00:00:00'),
(1582, 115, 1582, 'Cipayung', '2016-06-05 06:39:29', '0000-00-00 00:00:00'),
(1583, 115, 1583, 'Limo', '2016-06-05 06:39:29', '0000-00-00 00:00:00'),
(1584, 115, 1584, 'Pancoran Mas', '2016-06-05 06:39:29', '0000-00-00 00:00:00'),
(1585, 115, 1585, 'Sawangan', '2016-06-05 06:39:29', '0000-00-00 00:00:00'),
(1586, 115, 1586, 'Sukmajaya', '2016-06-05 06:39:29', '0000-00-00 00:00:00'),
(1587, 115, 1587, 'Tapos', '2016-06-05 06:39:29', '0000-00-00 00:00:00'),
(1588, 116, 1588, 'Asam Jujuhan', '2016-06-05 06:39:29', '0000-00-00 00:00:00'),
(1589, 116, 1589, 'Koto Baru', '2016-06-05 06:39:29', '0000-00-00 00:00:00'),
(1590, 116, 1590, 'Koto Besar', '2016-06-05 06:39:29', '0000-00-00 00:00:00'),
(1591, 116, 1591, 'Koto Salak', '2016-06-05 06:39:29', '0000-00-00 00:00:00'),
(1592, 116, 1592, 'Padang Laweh', '2016-06-05 06:39:29', '0000-00-00 00:00:00'),
(1593, 116, 1593, 'Pulau Punjung', '2016-06-05 06:39:29', '0000-00-00 00:00:00'),
(1594, 116, 1594, 'Sembilan Koto (IX Koto)', '2016-06-05 06:39:29', '0000-00-00 00:00:00'),
(1595, 116, 1595, 'Sitiung', '2016-06-05 06:39:29', '0000-00-00 00:00:00'),
(1596, 116, 1596, 'Sungai Rumbai', '2016-06-05 06:39:29', '0000-00-00 00:00:00'),
(1597, 116, 1597, 'Timpeh', '2016-06-05 06:39:29', '0000-00-00 00:00:00'),
(1598, 116, 1598, 'Tiumang', '2016-06-05 06:39:29', '0000-00-00 00:00:00'),
(1599, 117, 1599, 'Dogiyai', '2016-06-05 06:39:29', '0000-00-00 00:00:00'),
(1600, 117, 1600, 'Kamu', '2016-06-05 06:39:29', '0000-00-00 00:00:00'),
(1601, 117, 1601, 'Kamu Selatan', '2016-06-05 06:39:29', '0000-00-00 00:00:00'),
(1602, 117, 1602, 'Kamu Timur', '2016-06-05 06:39:29', '0000-00-00 00:00:00'),
(1603, 117, 1603, 'Kamu Utara (Ikrar/Ikrat)', '2016-06-05 06:39:29', '0000-00-00 00:00:00'),
(1604, 117, 1604, 'Mapia', '2016-06-05 06:39:29', '0000-00-00 00:00:00'),
(1605, 117, 1605, 'Mapia Barat', '2016-06-05 06:39:29', '0000-00-00 00:00:00'),
(1606, 117, 1606, 'Mapia Tengah', '2016-06-05 06:39:29', '0000-00-00 00:00:00'),
(1607, 117, 1607, 'Piyaiye (Sukikai)', '2016-06-05 06:39:29', '0000-00-00 00:00:00'),
(1608, 117, 1608, 'Sukikai Selatan', '2016-06-05 06:39:29', '0000-00-00 00:00:00'),
(1609, 118, 1609, 'Dompu', '2016-06-05 06:39:29', '0000-00-00 00:00:00'),
(1610, 118, 1610, 'Hu''u', '2016-06-05 06:39:29', '0000-00-00 00:00:00'),
(1611, 118, 1611, 'Kempo', '2016-06-05 06:39:29', '0000-00-00 00:00:00'),
(1612, 118, 1612, 'Kilo', '2016-06-05 06:39:29', '0000-00-00 00:00:00'),
(1613, 118, 1613, 'Menggelewa (Manggelewa)', '2016-06-05 06:39:29', '0000-00-00 00:00:00'),
(1614, 118, 1614, 'Pajo', '2016-06-05 06:39:29', '0000-00-00 00:00:00'),
(1615, 118, 1615, 'Pekat', '2016-06-05 06:39:29', '0000-00-00 00:00:00'),
(1616, 118, 1616, 'Woja', '2016-06-05 06:39:29', '0000-00-00 00:00:00'),
(1617, 119, 1617, 'Balaesang', '2016-06-05 06:39:29', '0000-00-00 00:00:00'),
(1618, 119, 1618, 'Balaesang Tanjung', '2016-06-05 06:39:29', '0000-00-00 00:00:00'),
(1619, 119, 1619, 'Banawa', '2016-06-05 06:39:29', '0000-00-00 00:00:00'),
(1620, 119, 1620, 'Banawa Selatan', '2016-06-05 06:39:29', '0000-00-00 00:00:00'),
(1621, 119, 1621, 'Banawa Tengah', '2016-06-05 06:39:29', '0000-00-00 00:00:00'),
(1622, 119, 1622, 'Damsol (Dampelas Sojol)', '2016-06-05 06:39:29', '0000-00-00 00:00:00'),
(1623, 119, 1623, 'Labuan', '2016-06-05 06:39:29', '0000-00-00 00:00:00'),
(1624, 119, 1624, 'Pinembani', '2016-06-05 06:39:29', '0000-00-00 00:00:00'),
(1625, 119, 1625, 'Rio Pakava (Riopakawa)', '2016-06-05 06:39:29', '0000-00-00 00:00:00'),
(1626, 119, 1626, 'Sindue', '2016-06-05 06:39:29', '0000-00-00 00:00:00'),
(1627, 119, 1627, 'Sindue Tobata', '2016-06-05 06:39:29', '0000-00-00 00:00:00'),
(1628, 119, 1628, 'Sindue Tombusabora', '2016-06-05 06:39:29', '0000-00-00 00:00:00'),
(1629, 119, 1629, 'Sirenja', '2016-06-05 06:39:29', '0000-00-00 00:00:00'),
(1630, 119, 1630, 'Sojol', '2016-06-05 06:39:29', '0000-00-00 00:00:00'),
(1631, 119, 1631, 'Sojol Utara', '2016-06-05 06:39:29', '0000-00-00 00:00:00'),
(1632, 119, 1632, 'Tanantovea', '2016-06-05 06:39:29', '0000-00-00 00:00:00'),
(1633, 120, 1633, 'Bukit Kapur', '2016-06-05 06:39:29', '0000-00-00 00:00:00'),
(1634, 120, 1634, 'Dumai Barat', '2016-06-05 06:39:29', '0000-00-00 00:00:00'),
(1635, 120, 1635, 'Dumai Kota', '2016-06-05 06:39:29', '0000-00-00 00:00:00'),
(1636, 120, 1636, 'Dumai Selatan', '2016-06-05 06:39:29', '0000-00-00 00:00:00'),
(1637, 120, 1637, 'Dumai Timur', '2016-06-05 06:39:29', '0000-00-00 00:00:00'),
(1638, 120, 1638, 'Medang Kampai', '2016-06-05 06:39:29', '0000-00-00 00:00:00'),
(1639, 120, 1639, 'Sungai Sembilan', '2016-06-05 06:39:29', '0000-00-00 00:00:00'),
(1640, 121, 1640, 'Lintang Kanan', '2016-06-05 06:39:29', '0000-00-00 00:00:00'),
(1641, 121, 1641, 'Muara Pinang', '2016-06-05 06:39:29', '0000-00-00 00:00:00'),
(1642, 121, 1642, 'Pasemah Air Keruh', '2016-06-05 06:39:29', '0000-00-00 00:00:00'),
(1643, 121, 1643, 'Pendopo', '2016-06-05 06:39:29', '0000-00-00 00:00:00'),
(1644, 121, 1644, 'Pendopo Barat', '2016-06-05 06:39:29', '0000-00-00 00:00:00'),
(1645, 121, 1645, 'Saling', '2016-06-05 06:39:29', '0000-00-00 00:00:00'),
(1646, 121, 1646, 'Sikap Dalam', '2016-06-05 06:39:29', '0000-00-00 00:00:00'),
(1647, 121, 1647, 'Talang Padang', '2016-06-05 06:39:29', '0000-00-00 00:00:00'),
(1648, 121, 1648, 'Tebing Tinggi', '2016-06-05 06:39:29', '0000-00-00 00:00:00'),
(1649, 121, 1649, 'Ulu Musi', '2016-06-05 06:39:29', '0000-00-00 00:00:00'),
(1650, 122, 1650, 'Detukeli', '2016-06-05 06:39:29', '0000-00-00 00:00:00'),
(1651, 122, 1651, 'Detusoko', '2016-06-05 06:39:29', '0000-00-00 00:00:00'),
(1652, 122, 1652, 'Ende', '2016-06-05 06:39:29', '0000-00-00 00:00:00'),
(1653, 122, 1653, 'Ende Selatan', '2016-06-05 06:39:29', '0000-00-00 00:00:00'),
(1654, 122, 1654, 'Ende Tengah', '2016-06-05 06:39:29', '0000-00-00 00:00:00'),
(1655, 122, 1655, 'Ende Timur', '2016-06-05 06:39:29', '0000-00-00 00:00:00'),
(1656, 122, 1656, 'Ende Utara', '2016-06-05 06:39:29', '0000-00-00 00:00:00'),
(1657, 122, 1657, 'Kelimutu', '2016-06-05 06:39:29', '0000-00-00 00:00:00'),
(1658, 122, 1658, 'Kotabaru', '2016-06-05 06:39:29', '0000-00-00 00:00:00'),
(1659, 122, 1659, 'Lepembusu Kelisoke', '2016-06-05 06:39:29', '0000-00-00 00:00:00'),
(1660, 122, 1660, 'Lio Timur', '2016-06-05 06:39:29', '0000-00-00 00:00:00'),
(1661, 122, 1661, 'Maukaro', '2016-06-05 06:39:29', '0000-00-00 00:00:00'),
(1662, 122, 1662, 'Maurole', '2016-06-05 06:39:29', '0000-00-00 00:00:00'),
(1663, 122, 1663, 'Nangapanda', '2016-06-05 06:39:29', '0000-00-00 00:00:00'),
(1664, 122, 1664, 'Ndona', '2016-06-05 06:39:29', '0000-00-00 00:00:00'),
(1665, 122, 1665, 'Ndona Timur', '2016-06-05 06:39:29', '0000-00-00 00:00:00'),
(1666, 122, 1666, 'Ndori', '2016-06-05 06:39:29', '0000-00-00 00:00:00'),
(1667, 122, 1667, 'Pulau Ende', '2016-06-05 06:39:29', '0000-00-00 00:00:00'),
(1668, 122, 1668, 'Wewaria', '2016-06-05 06:39:29', '0000-00-00 00:00:00'),
(1669, 122, 1669, 'Wolojita', '2016-06-05 06:39:29', '0000-00-00 00:00:00'),
(1670, 122, 1670, 'Wolowaru', '2016-06-05 06:39:29', '0000-00-00 00:00:00'),
(1671, 123, 1671, 'Alla', '2016-06-05 06:39:29', '0000-00-00 00:00:00'),
(1672, 123, 1672, 'Anggeraja', '2016-06-05 06:39:29', '0000-00-00 00:00:00'),
(1673, 123, 1673, 'Baraka', '2016-06-05 06:39:29', '0000-00-00 00:00:00'),
(1674, 123, 1674, 'Baroko', '2016-06-05 06:39:29', '0000-00-00 00:00:00'),
(1675, 123, 1675, 'Bungin', '2016-06-05 06:39:29', '0000-00-00 00:00:00'),
(1676, 123, 1676, 'Buntu Batu', '2016-06-05 06:39:29', '0000-00-00 00:00:00'),
(1677, 123, 1677, 'Cendana', '2016-06-05 06:39:29', '0000-00-00 00:00:00'),
(1678, 123, 1678, 'Curio', '2016-06-05 06:39:29', '0000-00-00 00:00:00'),
(1679, 123, 1679, 'Enrekang', '2016-06-05 06:39:29', '0000-00-00 00:00:00'),
(1680, 123, 1680, 'Maiwa', '2016-06-05 06:39:29', '0000-00-00 00:00:00'),
(1681, 123, 1681, 'Malua', '2016-06-05 06:39:29', '0000-00-00 00:00:00'),
(1682, 123, 1682, 'Masalle', '2016-06-05 06:39:29', '0000-00-00 00:00:00'),
(1683, 124, 1683, 'Bombarai (Bomberay)', '2016-06-05 06:39:29', '0000-00-00 00:00:00'),
(1684, 124, 1684, 'Fakfak', '2016-06-05 06:39:29', '0000-00-00 00:00:00'),
(1685, 124, 1685, 'Fakfak Barat', '2016-06-05 06:39:29', '0000-00-00 00:00:00'),
(1686, 124, 1686, 'Fakfak Tengah', '2016-06-05 06:39:29', '0000-00-00 00:00:00'),
(1687, 124, 1687, 'Fakfak Timur', '2016-06-05 06:39:29', '0000-00-00 00:00:00'),
(1688, 124, 1688, 'Karas', '2016-06-05 06:39:29', '0000-00-00 00:00:00'),
(1689, 124, 1689, 'Kokas', '2016-06-05 06:39:29', '0000-00-00 00:00:00'),
(1690, 124, 1690, 'Kramongmongga (Kramamongga)', '2016-06-05 06:39:29', '0000-00-00 00:00:00'),
(1691, 124, 1691, 'Teluk Patipi', '2016-06-05 06:39:29', '0000-00-00 00:00:00'),
(1692, 125, 1692, 'Adonara', '2016-06-05 06:39:29', '0000-00-00 00:00:00'),
(1693, 125, 1693, 'Adonara Barat', '2016-06-05 06:39:29', '0000-00-00 00:00:00'),
(1694, 125, 1694, 'Adonara Tengah', '2016-06-05 06:39:29', '0000-00-00 00:00:00'),
(1695, 125, 1695, 'Adonara Timur', '2016-06-05 06:39:29', '0000-00-00 00:00:00'),
(1696, 125, 1696, 'Demon Pagong', '2016-06-05 06:39:29', '0000-00-00 00:00:00'),
(1697, 125, 1697, 'Ile Boleng', '2016-06-05 06:39:29', '0000-00-00 00:00:00'),
(1698, 125, 1698, 'Ile Bura', '2016-06-05 06:39:29', '0000-00-00 00:00:00'),
(1699, 125, 1699, 'Ile Mandiri', '2016-06-05 06:39:29', '0000-00-00 00:00:00'),
(1700, 125, 1700, 'Kelubagolit (Klubagolit)', '2016-06-05 06:39:29', '0000-00-00 00:00:00'),
(1701, 125, 1701, 'Larantuka', '2016-06-05 06:39:29', '0000-00-00 00:00:00'),
(1702, 125, 1702, 'Lewolema', '2016-06-05 06:39:29', '0000-00-00 00:00:00'),
(1703, 125, 1703, 'Solor Barat', '2016-06-05 06:39:29', '0000-00-00 00:00:00'),
(1704, 125, 1704, 'Solor Selatan', '2016-06-05 06:39:29', '0000-00-00 00:00:00'),
(1705, 125, 1705, 'Solor Timur', '2016-06-05 06:39:29', '0000-00-00 00:00:00'),
(1706, 125, 1706, 'Tanjung Bunga', '2016-06-05 06:39:29', '0000-00-00 00:00:00'),
(1707, 125, 1707, 'Titehena', '2016-06-05 06:39:29', '0000-00-00 00:00:00'),
(1708, 125, 1708, 'Witihama (Watihama)', '2016-06-05 06:39:29', '0000-00-00 00:00:00'),
(1709, 125, 1709, 'Wotan Ulumado', '2016-06-05 06:39:29', '0000-00-00 00:00:00'),
(1710, 125, 1710, 'Wulanggitang', '2016-06-05 06:39:29', '0000-00-00 00:00:00'),
(1711, 126, 1711, 'Banjarwangi', '2016-06-05 06:39:30', '0000-00-00 00:00:00'),
(1712, 126, 1712, 'Banyuresmi', '2016-06-05 06:39:30', '0000-00-00 00:00:00'),
(1713, 126, 1713, 'Bayongbong', '2016-06-05 06:39:30', '0000-00-00 00:00:00'),
(1714, 126, 1714, 'Blubur Limbangan', '2016-06-05 06:39:30', '0000-00-00 00:00:00'),
(1715, 126, 1715, 'Bungbulang', '2016-06-05 06:39:30', '0000-00-00 00:00:00'),
(1716, 126, 1716, 'Caringin', '2016-06-05 06:39:30', '0000-00-00 00:00:00'),
(1717, 126, 1717, 'Cibalong', '2016-06-05 06:39:30', '0000-00-00 00:00:00'),
(1718, 126, 1718, 'Cibatu', '2016-06-05 06:39:30', '0000-00-00 00:00:00'),
(1719, 126, 1719, 'Cibiuk', '2016-06-05 06:39:30', '0000-00-00 00:00:00'),
(1720, 126, 1720, 'Cigedug', '2016-06-05 06:39:30', '0000-00-00 00:00:00'),
(1721, 126, 1721, 'Cihurip', '2016-06-05 06:39:30', '0000-00-00 00:00:00'),
(1722, 126, 1722, 'Cikajang', '2016-06-05 06:39:30', '0000-00-00 00:00:00'),
(1723, 126, 1723, 'Cikelet', '2016-06-05 06:39:30', '0000-00-00 00:00:00'),
(1724, 126, 1724, 'Cilawu', '2016-06-05 06:39:30', '0000-00-00 00:00:00'),
(1725, 126, 1725, 'Cisewu', '2016-06-05 06:39:30', '0000-00-00 00:00:00'),
(1726, 126, 1726, 'Cisompet', '2016-06-05 06:39:30', '0000-00-00 00:00:00'),
(1727, 126, 1727, 'Cisurupan', '2016-06-05 06:39:30', '0000-00-00 00:00:00'),
(1728, 126, 1728, 'Garut Kota', '2016-06-05 06:39:30', '0000-00-00 00:00:00'),
(1729, 126, 1729, 'Kadungora', '2016-06-05 06:39:30', '0000-00-00 00:00:00'),
(1730, 126, 1730, 'Karangpawitan', '2016-06-05 06:39:30', '0000-00-00 00:00:00'),
(1731, 126, 1731, 'Karangtengah', '2016-06-05 06:39:30', '0000-00-00 00:00:00'),
(1732, 126, 1732, 'Kersamanah', '2016-06-05 06:39:30', '0000-00-00 00:00:00'),
(1733, 126, 1733, 'Leles', '2016-06-05 06:39:30', '0000-00-00 00:00:00'),
(1734, 126, 1734, 'Leuwigoong', '2016-06-05 06:39:30', '0000-00-00 00:00:00'),
(1735, 126, 1735, 'Malangbong', '2016-06-05 06:39:30', '0000-00-00 00:00:00'),
(1736, 126, 1736, 'Mekarmukti', '2016-06-05 06:39:30', '0000-00-00 00:00:00'),
(1737, 126, 1737, 'Pakenjeng', '2016-06-05 06:39:30', '0000-00-00 00:00:00'),
(1738, 126, 1738, 'Pameungpeuk', '2016-06-05 06:39:30', '0000-00-00 00:00:00'),
(1739, 126, 1739, 'Pamulihan', '2016-06-05 06:39:30', '0000-00-00 00:00:00'),
(1740, 126, 1740, 'Pangatikan', '2016-06-05 06:39:30', '0000-00-00 00:00:00'),
(1741, 126, 1741, 'Pasirwangi', '2016-06-05 06:39:30', '0000-00-00 00:00:00'),
(1742, 126, 1742, 'Peundeuy', '2016-06-05 06:39:30', '0000-00-00 00:00:00'),
(1743, 126, 1743, 'Samarang', '2016-06-05 06:39:30', '0000-00-00 00:00:00'),
(1744, 126, 1744, 'Selaawi', '2016-06-05 06:39:30', '0000-00-00 00:00:00'),
(1745, 126, 1745, 'Singajaya', '2016-06-05 06:39:30', '0000-00-00 00:00:00'),
(1746, 126, 1746, 'Sucinaraja', '2016-06-05 06:39:30', '0000-00-00 00:00:00'),
(1747, 126, 1747, 'Sukaresmi', '2016-06-05 06:39:30', '0000-00-00 00:00:00'),
(1748, 126, 1748, 'Sukawening', '2016-06-05 06:39:30', '0000-00-00 00:00:00'),
(1749, 126, 1749, 'Talegong', '2016-06-05 06:39:30', '0000-00-00 00:00:00'),
(1750, 126, 1750, 'Tarogong Kaler', '2016-06-05 06:39:30', '0000-00-00 00:00:00'),
(1751, 126, 1751, 'Tarogong Kidul', '2016-06-05 06:39:30', '0000-00-00 00:00:00'),
(1752, 126, 1752, 'Wanaraja', '2016-06-05 06:39:30', '0000-00-00 00:00:00'),
(1753, 127, 1753, 'Blang Jerango', '2016-06-05 06:39:30', '0000-00-00 00:00:00'),
(1754, 127, 1754, 'Blang Kejeren', '2016-06-05 06:39:30', '0000-00-00 00:00:00'),
(1755, 127, 1755, 'Blang Pegayon', '2016-06-05 06:39:30', '0000-00-00 00:00:00'),
(1756, 127, 1756, 'Dabun Gelang (Debun Gelang)', '2016-06-05 06:39:30', '0000-00-00 00:00:00'),
(1757, 127, 1757, 'Kuta Panjang', '2016-06-05 06:39:30', '0000-00-00 00:00:00'),
(1758, 127, 1758, 'Pantan Cuaca', '2016-06-05 06:39:30', '0000-00-00 00:00:00'),
(1759, 127, 1759, 'Pining (Pinding)', '2016-06-05 06:39:30', '0000-00-00 00:00:00'),
(1760, 127, 1760, 'Putri Betung', '2016-06-05 06:39:30', '0000-00-00 00:00:00'),
(1761, 127, 1761, 'Rikit Gaib', '2016-06-05 06:39:30', '0000-00-00 00:00:00'),
(1762, 127, 1762, 'Terangun (Terangon)', '2016-06-05 06:39:30', '0000-00-00 00:00:00'),
(1763, 127, 1763, 'Teripe/Tripe Jaya', '2016-06-05 06:39:30', '0000-00-00 00:00:00'),
(1764, 128, 1764, 'Belah Batuh (Blahbatuh)', '2016-06-05 06:39:30', '0000-00-00 00:00:00'),
(1765, 128, 1765, 'Gianyar', '2016-06-05 06:39:30', '0000-00-00 00:00:00'),
(1766, 128, 1766, 'Payangan', '2016-06-05 06:39:30', '0000-00-00 00:00:00'),
(1767, 128, 1767, 'Sukawati', '2016-06-05 06:39:30', '0000-00-00 00:00:00'),
(1768, 128, 1768, 'Tampak Siring', '2016-06-05 06:39:30', '0000-00-00 00:00:00'),
(1769, 128, 1769, 'Tegallalang', '2016-06-05 06:39:30', '0000-00-00 00:00:00'),
(1770, 128, 1770, 'Ubud', '2016-06-05 06:39:30', '0000-00-00 00:00:00'),
(1771, 129, 1771, 'Asparaga', '2016-06-05 06:39:30', '0000-00-00 00:00:00'),
(1772, 129, 1772, 'Batudaa', '2016-06-05 06:39:30', '0000-00-00 00:00:00'),
(1773, 129, 1773, 'Batudaa Pantai', '2016-06-05 06:39:30', '0000-00-00 00:00:00'),
(1774, 129, 1774, 'Bilato', '2016-06-05 06:39:30', '0000-00-00 00:00:00'),
(1775, 129, 1775, 'Biluhu', '2016-06-05 06:39:30', '0000-00-00 00:00:00'),
(1776, 129, 1776, 'Boliohuto (Boliyohuto)', '2016-06-05 06:39:30', '0000-00-00 00:00:00'),
(1777, 129, 1777, 'Bongomeme', '2016-06-05 06:39:30', '0000-00-00 00:00:00'),
(1778, 129, 1778, 'Dungaliyo', '2016-06-05 06:39:30', '0000-00-00 00:00:00'),
(1779, 129, 1779, 'Limboto', '2016-06-05 06:39:30', '0000-00-00 00:00:00'),
(1780, 129, 1780, 'Limboto Barat', '2016-06-05 06:39:30', '0000-00-00 00:00:00'),
(1781, 129, 1781, 'Mootilango', '2016-06-05 06:39:30', '0000-00-00 00:00:00'),
(1782, 129, 1782, 'Pulubala', '2016-06-05 06:39:30', '0000-00-00 00:00:00'),
(1783, 129, 1783, 'Tabongo', '2016-06-05 06:39:30', '0000-00-00 00:00:00'),
(1784, 129, 1784, 'Telaga', '2016-06-05 06:39:30', '0000-00-00 00:00:00'),
(1785, 129, 1785, 'Telaga Biru', '2016-06-05 06:39:30', '0000-00-00 00:00:00'),
(1786, 129, 1786, 'Telaga Jaya', '2016-06-05 06:39:30', '0000-00-00 00:00:00'),
(1787, 129, 1787, 'Tibawa', '2016-06-05 06:39:30', '0000-00-00 00:00:00'),
(1788, 129, 1788, 'Tilango', '2016-06-05 06:39:30', '0000-00-00 00:00:00'),
(1789, 129, 1789, 'Tolangohula', '2016-06-05 06:39:30', '0000-00-00 00:00:00'),
(1790, 130, 1790, 'Dumbo Raya', '2016-06-05 06:39:30', '0000-00-00 00:00:00'),
(1791, 130, 1791, 'Dungingi', '2016-06-05 06:39:30', '0000-00-00 00:00:00'),
(1792, 130, 1792, 'Hulonthalangi', '2016-06-05 06:39:30', '0000-00-00 00:00:00'),
(1793, 130, 1793, 'Kota Barat', '2016-06-05 06:39:30', '0000-00-00 00:00:00'),
(1794, 130, 1794, 'Kota Selatan', '2016-06-05 06:39:30', '0000-00-00 00:00:00'),
(1795, 130, 1795, 'Kota Tengah', '2016-06-05 06:39:30', '0000-00-00 00:00:00'),
(1796, 130, 1796, 'Kota Timur', '2016-06-05 06:39:30', '0000-00-00 00:00:00'),
(1797, 130, 1797, 'Kota Utara', '2016-06-05 06:39:30', '0000-00-00 00:00:00'),
(1798, 130, 1798, 'Sipatana', '2016-06-05 06:39:30', '0000-00-00 00:00:00'),
(1799, 131, 1799, 'Anggrek', '2016-06-05 06:39:30', '0000-00-00 00:00:00'),
(1800, 131, 1800, 'Atinggola', '2016-06-05 06:39:30', '0000-00-00 00:00:00'),
(1801, 131, 1801, 'Biau', '2016-06-05 06:39:30', '0000-00-00 00:00:00'),
(1802, 131, 1802, 'Gentuma Raya', '2016-06-05 06:39:30', '0000-00-00 00:00:00'),
(1803, 131, 1803, 'Kwandang', '2016-06-05 06:39:30', '0000-00-00 00:00:00'),
(1804, 131, 1804, 'Monano', '2016-06-05 06:39:30', '0000-00-00 00:00:00'),
(1805, 131, 1805, 'Ponelo Kepulauan', '2016-06-05 06:39:30', '0000-00-00 00:00:00'),
(1806, 131, 1806, 'Sumalata', '2016-06-05 06:39:30', '0000-00-00 00:00:00'),
(1807, 131, 1807, 'Sumalata Timur', '2016-06-05 06:39:30', '0000-00-00 00:00:00'),
(1808, 131, 1808, 'Tolinggula', '2016-06-05 06:39:30', '0000-00-00 00:00:00'),
(1809, 131, 1809, 'Tomolito', '2016-06-05 06:39:30', '0000-00-00 00:00:00'),
(1810, 132, 1810, 'Bajeng', '2016-06-05 06:39:30', '0000-00-00 00:00:00'),
(1811, 132, 1811, 'Bajeng Barat', '2016-06-05 06:39:30', '0000-00-00 00:00:00'),
(1812, 132, 1812, 'Barombong', '2016-06-05 06:39:30', '0000-00-00 00:00:00'),
(1813, 132, 1813, 'Biringbulu', '2016-06-05 06:39:30', '0000-00-00 00:00:00'),
(1814, 132, 1814, 'Bontolempangang', '2016-06-05 06:39:30', '0000-00-00 00:00:00'),
(1815, 132, 1815, 'Bontomarannu', '2016-06-05 06:39:30', '0000-00-00 00:00:00'),
(1816, 132, 1816, 'Bontonompo', '2016-06-05 06:39:30', '0000-00-00 00:00:00'),
(1817, 132, 1817, 'Bontonompo Selatan', '2016-06-05 06:39:30', '0000-00-00 00:00:00'),
(1818, 132, 1818, 'Bungaya', '2016-06-05 06:39:30', '0000-00-00 00:00:00'),
(1819, 132, 1819, 'Manuju', '2016-06-05 06:39:30', '0000-00-00 00:00:00'),
(1820, 132, 1820, 'Pallangga', '2016-06-05 06:39:30', '0000-00-00 00:00:00'),
(1821, 132, 1821, 'Parangloe', '2016-06-05 06:39:30', '0000-00-00 00:00:00'),
(1822, 132, 1822, 'Parigi', '2016-06-05 06:39:30', '0000-00-00 00:00:00'),
(1823, 132, 1823, 'Pattallassang', '2016-06-05 06:39:30', '0000-00-00 00:00:00'),
(1824, 132, 1824, 'Somba Opu (Upu)', '2016-06-05 06:39:30', '0000-00-00 00:00:00'),
(1825, 132, 1825, 'Tinggimoncong', '2016-06-05 06:39:30', '0000-00-00 00:00:00'),
(1826, 132, 1826, 'Tombolo Pao', '2016-06-05 06:39:30', '0000-00-00 00:00:00'),
(1827, 132, 1827, 'Tompobulu', '2016-06-05 06:39:30', '0000-00-00 00:00:00'),
(1828, 133, 1828, 'Balong Panggang', '2016-06-05 06:39:30', '0000-00-00 00:00:00'),
(1829, 133, 1829, 'Benjeng', '2016-06-05 06:39:30', '0000-00-00 00:00:00'),
(1830, 133, 1830, 'Bungah', '2016-06-05 06:39:30', '0000-00-00 00:00:00'),
(1831, 133, 1831, 'Cerme', '2016-06-05 06:39:30', '0000-00-00 00:00:00'),
(1832, 133, 1832, 'Driyorejo', '2016-06-05 06:39:30', '0000-00-00 00:00:00'),
(1833, 133, 1833, 'Duduk Sampeyan', '2016-06-05 06:39:30', '0000-00-00 00:00:00'),
(1834, 133, 1834, 'Dukun', '2016-06-05 06:39:30', '0000-00-00 00:00:00'),
(1835, 133, 1835, 'Gresik', '2016-06-05 06:39:30', '0000-00-00 00:00:00'),
(1836, 133, 1836, 'Kebomas', '2016-06-05 06:39:30', '0000-00-00 00:00:00'),
(1837, 133, 1837, 'Kedamean', '2016-06-05 06:39:30', '0000-00-00 00:00:00'),
(1838, 133, 1838, 'Manyar', '2016-06-05 06:39:30', '0000-00-00 00:00:00'),
(1839, 133, 1839, 'Menganti', '2016-06-05 06:39:30', '0000-00-00 00:00:00'),
(1840, 133, 1840, 'Panceng', '2016-06-05 06:39:30', '0000-00-00 00:00:00'),
(1841, 133, 1841, 'Sangkapura', '2016-06-05 06:39:30', '0000-00-00 00:00:00'),
(1842, 133, 1842, 'Sidayu', '2016-06-05 06:39:30', '0000-00-00 00:00:00'),
(1843, 133, 1843, 'Tambak', '2016-06-05 06:39:30', '0000-00-00 00:00:00'),
(1844, 133, 1844, 'Ujung Pangkah', '2016-06-05 06:39:30', '0000-00-00 00:00:00'),
(1845, 133, 1845, 'Wringin Anom', '2016-06-05 06:39:30', '0000-00-00 00:00:00'),
(1846, 134, 1846, 'Brati', '2016-06-05 06:39:30', '0000-00-00 00:00:00'),
(1847, 134, 1847, 'Gabus', '2016-06-05 06:39:30', '0000-00-00 00:00:00'),
(1848, 134, 1848, 'Geyer', '2016-06-05 06:39:30', '0000-00-00 00:00:00'),
(1849, 134, 1849, 'Godong', '2016-06-05 06:39:30', '0000-00-00 00:00:00'),
(1850, 134, 1850, 'Grobogan', '2016-06-05 06:39:30', '0000-00-00 00:00:00'),
(1851, 134, 1851, 'Gubug', '2016-06-05 06:39:30', '0000-00-00 00:00:00'),
(1852, 134, 1852, 'Karangrayung', '2016-06-05 06:39:30', '0000-00-00 00:00:00'),
(1853, 134, 1853, 'Kedungjati', '2016-06-05 06:39:30', '0000-00-00 00:00:00'),
(1854, 134, 1854, 'Klambu', '2016-06-05 06:39:30', '0000-00-00 00:00:00'),
(1855, 134, 1855, 'Kradenan', '2016-06-05 06:39:30', '0000-00-00 00:00:00'),
(1856, 134, 1856, 'Ngaringan', '2016-06-05 06:39:30', '0000-00-00 00:00:00'),
(1857, 134, 1857, 'Penawangan', '2016-06-05 06:39:30', '0000-00-00 00:00:00'),
(1858, 134, 1858, 'Pulokulon', '2016-06-05 06:39:30', '0000-00-00 00:00:00'),
(1859, 134, 1859, 'Purwodadi', '2016-06-05 06:39:30', '0000-00-00 00:00:00'),
(1860, 134, 1860, 'Tanggungharjo', '2016-06-05 06:39:30', '0000-00-00 00:00:00'),
(1861, 134, 1861, 'Tawangharjo', '2016-06-05 06:39:30', '0000-00-00 00:00:00'),
(1862, 134, 1862, 'Tegowanu', '2016-06-05 06:39:30', '0000-00-00 00:00:00'),
(1863, 134, 1863, 'Toroh', '2016-06-05 06:39:30', '0000-00-00 00:00:00'),
(1864, 134, 1864, 'Wirosari', '2016-06-05 06:39:30', '0000-00-00 00:00:00'),
(1865, 135, 1865, 'Gedang Sari', '2016-06-05 06:39:30', '0000-00-00 00:00:00'),
(1866, 135, 1866, 'Girisubo', '2016-06-05 06:39:30', '0000-00-00 00:00:00'),
(1867, 135, 1867, 'Karangmojo', '2016-06-05 06:39:30', '0000-00-00 00:00:00'),
(1868, 135, 1868, 'Ngawen', '2016-06-05 06:39:30', '0000-00-00 00:00:00'),
(1869, 135, 1869, 'Nglipar', '2016-06-05 06:39:30', '0000-00-00 00:00:00'),
(1870, 135, 1870, 'Paliyan', '2016-06-05 06:39:30', '0000-00-00 00:00:00'),
(1871, 135, 1871, 'Panggang', '2016-06-05 06:39:30', '0000-00-00 00:00:00'),
(1872, 135, 1872, 'Patuk', '2016-06-05 06:39:30', '0000-00-00 00:00:00'),
(1873, 135, 1873, 'Playen', '2016-06-05 06:39:30', '0000-00-00 00:00:00'),
(1874, 135, 1874, 'Ponjong', '2016-06-05 06:39:30', '0000-00-00 00:00:00'),
(1875, 135, 1875, 'Purwosari', '2016-06-05 06:39:30', '0000-00-00 00:00:00'),
(1876, 135, 1876, 'Rongkop', '2016-06-05 06:39:30', '0000-00-00 00:00:00'),
(1877, 135, 1877, 'Sapto Sari', '2016-06-05 06:39:30', '0000-00-00 00:00:00'),
(1878, 135, 1878, 'Semanu', '2016-06-05 06:39:30', '0000-00-00 00:00:00'),
(1879, 135, 1879, 'Semin', '2016-06-05 06:39:30', '0000-00-00 00:00:00'),
(1880, 135, 1880, 'Tanjungsari', '2016-06-05 06:39:30', '0000-00-00 00:00:00'),
(1881, 135, 1881, 'Tepus', '2016-06-05 06:39:30', '0000-00-00 00:00:00'),
(1882, 135, 1882, 'Wonosari', '2016-06-05 06:39:30', '0000-00-00 00:00:00'),
(1883, 136, 1883, 'Damang Batu', '2016-06-05 06:39:30', '0000-00-00 00:00:00'),
(1884, 136, 1884, 'Kahayan Hulu Utara', '2016-06-05 06:39:30', '0000-00-00 00:00:00'),
(1885, 136, 1885, 'Kurun', '2016-06-05 06:39:30', '0000-00-00 00:00:00'),
(1886, 136, 1886, 'Manuhing', '2016-06-05 06:39:30', '0000-00-00 00:00:00'),
(1887, 136, 1887, 'Manuhing Raya', '2016-06-05 06:39:30', '0000-00-00 00:00:00'),
(1888, 136, 1888, 'Mihing Raya', '2016-06-05 06:39:30', '0000-00-00 00:00:00'),
(1889, 136, 1889, 'Miri Manasa', '2016-06-05 06:39:30', '0000-00-00 00:00:00'),
(1890, 136, 1890, 'Rungan', '2016-06-05 06:39:30', '0000-00-00 00:00:00'),
(1891, 136, 1891, 'Rungan Barat', '2016-06-05 06:39:30', '0000-00-00 00:00:00'),
(1892, 136, 1892, 'Rungan Hulu', '2016-06-05 06:39:30', '0000-00-00 00:00:00'),
(1893, 136, 1893, 'Sepang (Sepang Simin)', '2016-06-05 06:39:30', '0000-00-00 00:00:00'),
(1894, 136, 1894, 'Tewah', '2016-06-05 06:39:30', '0000-00-00 00:00:00'),
(1895, 137, 1895, 'Gunungsitoli', '2016-06-05 06:39:30', '0000-00-00 00:00:00'),
(1896, 137, 1896, 'Gunungsitoli Alo''oa', '2016-06-05 06:39:30', '0000-00-00 00:00:00'),
(1897, 137, 1897, 'Gunungsitoli Barat', '2016-06-05 06:39:30', '0000-00-00 00:00:00'),
(1898, 137, 1898, 'Gunungsitoli Idanoi', '2016-06-05 06:39:30', '0000-00-00 00:00:00'),
(1899, 137, 1899, 'Gunungsitoli Selatan', '2016-06-05 06:39:30', '0000-00-00 00:00:00'),
(1900, 137, 1900, 'Gunungsitoli Utara', '2016-06-05 06:39:30', '0000-00-00 00:00:00'),
(1901, 138, 1901, 'Ibu', '2016-06-05 06:39:31', '0000-00-00 00:00:00'),
(1902, 138, 1902, 'Ibu Selatan', '2016-06-05 06:39:31', '0000-00-00 00:00:00'),
(1903, 138, 1903, 'Ibu Utara', '2016-06-05 06:39:31', '0000-00-00 00:00:00'),
(1904, 138, 1904, 'Jailolo', '2016-06-05 06:39:31', '0000-00-00 00:00:00'),
(1905, 138, 1905, 'Jailolo Selatan', '2016-06-05 06:39:31', '0000-00-00 00:00:00'),
(1906, 138, 1906, 'Loloda', '2016-06-05 06:39:31', '0000-00-00 00:00:00'),
(1907, 138, 1907, 'Sahu', '2016-06-05 06:39:31', '0000-00-00 00:00:00'),
(1908, 138, 1908, 'Sahu Timur', '2016-06-05 06:39:31', '0000-00-00 00:00:00'),
(1909, 139, 1909, 'Bacan', '2016-06-05 06:39:31', '0000-00-00 00:00:00'),
(1910, 139, 1910, 'Bacan Barat', '2016-06-05 06:39:31', '0000-00-00 00:00:00'),
(1911, 139, 1911, 'Bacan Barat Utara', '2016-06-05 06:39:31', '0000-00-00 00:00:00'),
(1912, 139, 1912, 'Bacan Selatan', '2016-06-05 06:39:31', '0000-00-00 00:00:00'),
(1913, 139, 1913, 'Bacan Timur', '2016-06-05 06:39:31', '0000-00-00 00:00:00'),
(1914, 139, 1914, 'Bacan Timur Selatan', '2016-06-05 06:39:31', '0000-00-00 00:00:00'),
(1915, 139, 1915, 'Bacan Timur Tengah', '2016-06-05 06:39:31', '0000-00-00 00:00:00'),
(1916, 139, 1916, 'Gane Barat', '2016-06-05 06:39:31', '0000-00-00 00:00:00'),
(1917, 139, 1917, 'Gane Barat Selatan', '2016-06-05 06:39:31', '0000-00-00 00:00:00'),
(1918, 139, 1918, 'Gane Barat Utara', '2016-06-05 06:39:31', '0000-00-00 00:00:00'),
(1919, 139, 1919, 'Gane Timur', '2016-06-05 06:39:31', '0000-00-00 00:00:00'),
(1920, 139, 1920, 'Gane Timur Selatan', '2016-06-05 06:39:31', '0000-00-00 00:00:00'),
(1921, 139, 1921, 'Gane Timur Tengah', '2016-06-05 06:39:31', '0000-00-00 00:00:00'),
(1922, 139, 1922, 'Kasiruta Barat', '2016-06-05 06:39:31', '0000-00-00 00:00:00'),
(1923, 139, 1923, 'Kasiruta Timur', '2016-06-05 06:39:31', '0000-00-00 00:00:00'),
(1924, 139, 1924, 'Kayoa', '2016-06-05 06:39:31', '0000-00-00 00:00:00'),
(1925, 139, 1925, 'Kayoa Barat', '2016-06-05 06:39:31', '0000-00-00 00:00:00'),
(1926, 139, 1926, 'Kayoa Selatan', '2016-06-05 06:39:31', '0000-00-00 00:00:00'),
(1927, 139, 1927, 'Kayoa Utara', '2016-06-05 06:39:31', '0000-00-00 00:00:00'),
(1928, 139, 1928, 'Kepulauan Botanglomang', '2016-06-05 06:39:31', '0000-00-00 00:00:00'),
(1929, 139, 1929, 'Kepulauan Joronga', '2016-06-05 06:39:31', '0000-00-00 00:00:00'),
(1930, 139, 1930, 'Makian (Pulau Makian)', '2016-06-05 06:39:31', '0000-00-00 00:00:00'),
(1931, 139, 1931, 'Makian Barat (Pulau Makian)', '2016-06-05 06:39:31', '0000-00-00 00:00:00'),
(1932, 139, 1932, 'Mandioli Selatan', '2016-06-05 06:39:31', '0000-00-00 00:00:00'),
(1933, 139, 1933, 'Mandioli Utara', '2016-06-05 06:39:31', '0000-00-00 00:00:00'),
(1934, 139, 1934, 'Obi', '2016-06-05 06:39:31', '0000-00-00 00:00:00'),
(1935, 139, 1935, 'Obi Barat', '2016-06-05 06:39:31', '0000-00-00 00:00:00'),
(1936, 139, 1936, 'Obi Selatan', '2016-06-05 06:39:31', '0000-00-00 00:00:00'),
(1937, 139, 1937, 'Obi Timur', '2016-06-05 06:39:31', '0000-00-00 00:00:00'),
(1938, 139, 1938, 'Obi Utara', '2016-06-05 06:39:31', '0000-00-00 00:00:00'),
(1939, 140, 1939, 'Patani', '2016-06-05 06:39:31', '0000-00-00 00:00:00'),
(1940, 140, 1940, 'Patani Barat', '2016-06-05 06:39:31', '0000-00-00 00:00:00'),
(1941, 140, 1941, 'Patani Utara', '2016-06-05 06:39:31', '0000-00-00 00:00:00'),
(1942, 140, 1942, 'Pulau Gebe', '2016-06-05 06:39:31', '0000-00-00 00:00:00'),
(1943, 140, 1943, 'Weda', '2016-06-05 06:39:31', '0000-00-00 00:00:00'),
(1944, 140, 1944, 'Weda Selatan', '2016-06-05 06:39:31', '0000-00-00 00:00:00'),
(1945, 140, 1945, 'Weda Tengah', '2016-06-05 06:39:31', '0000-00-00 00:00:00'),
(1946, 140, 1946, 'Weda Utara', '2016-06-05 06:39:31', '0000-00-00 00:00:00'),
(1947, 141, 1947, 'Kota Maba', '2016-06-05 06:39:31', '0000-00-00 00:00:00'),
(1948, 141, 1948, 'Maba', '2016-06-05 06:39:31', '0000-00-00 00:00:00'),
(1949, 141, 1949, 'Maba Selatan', '2016-06-05 06:39:31', '0000-00-00 00:00:00'),
(1950, 141, 1950, 'Maba Tengah', '2016-06-05 06:39:31', '0000-00-00 00:00:00'),
(1951, 141, 1951, 'Maba Utara', '2016-06-05 06:39:31', '0000-00-00 00:00:00'),
(1952, 141, 1952, 'Wasile', '2016-06-05 06:39:31', '0000-00-00 00:00:00'),
(1953, 141, 1953, 'Wasile Selatan', '2016-06-05 06:39:31', '0000-00-00 00:00:00'),
(1954, 141, 1954, 'Wasile Tengah', '2016-06-05 06:39:31', '0000-00-00 00:00:00'),
(1955, 141, 1955, 'Wasile Timur', '2016-06-05 06:39:31', '0000-00-00 00:00:00'),
(1956, 141, 1956, 'Wasile Utara', '2016-06-05 06:39:31', '0000-00-00 00:00:00'),
(1957, 142, 1957, 'Galela', '2016-06-05 06:39:31', '0000-00-00 00:00:00'),
(1958, 142, 1958, 'Galela Barat', '2016-06-05 06:39:31', '0000-00-00 00:00:00'),
(1959, 142, 1959, 'Galela Selatan', '2016-06-05 06:39:31', '0000-00-00 00:00:00'),
(1960, 142, 1960, 'Galela Utara', '2016-06-05 06:39:31', '0000-00-00 00:00:00'),
(1961, 142, 1961, 'Kao', '2016-06-05 06:39:31', '0000-00-00 00:00:00'),
(1962, 142, 1962, 'Kao Barat', '2016-06-05 06:39:31', '0000-00-00 00:00:00'),
(1963, 142, 1963, 'Kao Teluk', '2016-06-05 06:39:31', '0000-00-00 00:00:00'),
(1964, 142, 1964, 'Kao Utara', '2016-06-05 06:39:31', '0000-00-00 00:00:00'),
(1965, 142, 1965, 'Loloda Kepulauan', '2016-06-05 06:39:31', '0000-00-00 00:00:00'),
(1966, 142, 1966, 'Loloda Utara', '2016-06-05 06:39:31', '0000-00-00 00:00:00'),
(1967, 142, 1967, 'Malifut', '2016-06-05 06:39:31', '0000-00-00 00:00:00'),
(1968, 142, 1968, 'Tobelo', '2016-06-05 06:39:31', '0000-00-00 00:00:00'),
(1969, 142, 1969, 'Tobelo Barat', '2016-06-05 06:39:31', '0000-00-00 00:00:00'),
(1970, 142, 1970, 'Tobelo Selatan', '2016-06-05 06:39:31', '0000-00-00 00:00:00'),
(1971, 142, 1971, 'Tobelo Tengah', '2016-06-05 06:39:31', '0000-00-00 00:00:00'),
(1972, 142, 1972, 'Tobelo Timur', '2016-06-05 06:39:31', '0000-00-00 00:00:00'),
(1973, 142, 1973, 'Tobelo Utara', '2016-06-05 06:39:31', '0000-00-00 00:00:00'),
(1974, 143, 1974, 'Angkinang', '2016-06-05 06:39:31', '0000-00-00 00:00:00'),
(1975, 143, 1975, 'Daha Barat', '2016-06-05 06:39:31', '0000-00-00 00:00:00'),
(1976, 143, 1976, 'Daha Selatan', '2016-06-05 06:39:31', '0000-00-00 00:00:00'),
(1977, 143, 1977, 'Daha Utara', '2016-06-05 06:39:31', '0000-00-00 00:00:00'),
(1978, 143, 1978, 'Kalumpang (Kelumpang)', '2016-06-05 06:39:31', '0000-00-00 00:00:00'),
(1979, 143, 1979, 'Kandangan', '2016-06-05 06:39:31', '0000-00-00 00:00:00'),
(1980, 143, 1980, 'Loksado', '2016-06-05 06:39:31', '0000-00-00 00:00:00'),
(1981, 143, 1981, 'Padang Batung', '2016-06-05 06:39:31', '0000-00-00 00:00:00'),
(1982, 143, 1982, 'Simpur', '2016-06-05 06:39:31', '0000-00-00 00:00:00'),
(1983, 143, 1983, 'Sungai Raya', '2016-06-05 06:39:31', '0000-00-00 00:00:00'),
(1984, 143, 1984, 'Telaga Langsat', '2016-06-05 06:39:31', '0000-00-00 00:00:00'),
(1985, 144, 1985, 'Barabai', '2016-06-05 06:39:31', '0000-00-00 00:00:00'),
(1986, 144, 1986, 'Batang Alai Selatan', '2016-06-05 06:39:31', '0000-00-00 00:00:00'),
(1987, 144, 1987, 'Batang Alai Timur', '2016-06-05 06:39:31', '0000-00-00 00:00:00'),
(1988, 144, 1988, 'Batang Alai Utara', '2016-06-05 06:39:31', '0000-00-00 00:00:00');
INSERT INTO `bkm_sub_district` (`id`, `city_id`, `sub_district_id`, `name`, `created_at`, `updated_at`) VALUES
(1989, 144, 1989, 'Batu Benawa', '2016-06-05 06:39:31', '0000-00-00 00:00:00'),
(1990, 144, 1990, 'Hantakan', '2016-06-05 06:39:31', '0000-00-00 00:00:00'),
(1991, 144, 1991, 'Haruyan', '2016-06-05 06:39:31', '0000-00-00 00:00:00'),
(1992, 144, 1992, 'Labuan Amas Selatan', '2016-06-05 06:39:31', '0000-00-00 00:00:00'),
(1993, 144, 1993, 'Labuan Amas Utara', '2016-06-05 06:39:31', '0000-00-00 00:00:00'),
(1994, 144, 1994, 'Limpasu', '2016-06-05 06:39:31', '0000-00-00 00:00:00'),
(1995, 144, 1995, 'Pandawan', '2016-06-05 06:39:31', '0000-00-00 00:00:00'),
(1996, 145, 1996, 'Amuntai Selatan', '2016-06-05 06:39:31', '0000-00-00 00:00:00'),
(1997, 145, 1997, 'Amuntai Tengah', '2016-06-05 06:39:31', '0000-00-00 00:00:00'),
(1998, 145, 1998, 'Amuntai Utara', '2016-06-05 06:39:31', '0000-00-00 00:00:00'),
(1999, 145, 1999, 'Babirik', '2016-06-05 06:39:31', '0000-00-00 00:00:00'),
(2000, 145, 2000, 'Banjang', '2016-06-05 06:39:31', '0000-00-00 00:00:00'),
(2001, 145, 2001, 'Danau Panggang', '2016-06-05 06:39:31', '0000-00-00 00:00:00'),
(2002, 145, 2002, 'Haur Gading', '2016-06-05 06:39:31', '0000-00-00 00:00:00'),
(2003, 145, 2003, 'Paminggir', '2016-06-05 06:39:31', '0000-00-00 00:00:00'),
(2004, 145, 2004, 'Sungai Pandan', '2016-06-05 06:39:31', '0000-00-00 00:00:00'),
(2005, 145, 2005, 'Sungai Tabukan', '2016-06-05 06:39:31', '0000-00-00 00:00:00'),
(2006, 146, 2006, 'Bakti Raja', '2016-06-05 06:39:32', '0000-00-00 00:00:00'),
(2007, 146, 2007, 'Dolok Sanggul', '2016-06-05 06:39:32', '0000-00-00 00:00:00'),
(2008, 146, 2008, 'Lintong Nihuta', '2016-06-05 06:39:32', '0000-00-00 00:00:00'),
(2009, 146, 2009, 'Onan Ganjang', '2016-06-05 06:39:32', '0000-00-00 00:00:00'),
(2010, 146, 2010, 'Pakkat', '2016-06-05 06:39:32', '0000-00-00 00:00:00'),
(2011, 146, 2011, 'Paranginan', '2016-06-05 06:39:32', '0000-00-00 00:00:00'),
(2012, 146, 2012, 'Parlilitan', '2016-06-05 06:39:32', '0000-00-00 00:00:00'),
(2013, 146, 2013, 'Pollung', '2016-06-05 06:39:32', '0000-00-00 00:00:00'),
(2014, 146, 2014, 'Sijama Polang', '2016-06-05 06:39:32', '0000-00-00 00:00:00'),
(2015, 146, 2015, 'Tara Bintang', '2016-06-05 06:39:32', '0000-00-00 00:00:00'),
(2016, 147, 2016, 'Batang Tuaka', '2016-06-05 06:39:32', '0000-00-00 00:00:00'),
(2017, 147, 2017, 'Concong', '2016-06-05 06:39:32', '0000-00-00 00:00:00'),
(2018, 147, 2018, 'Enok', '2016-06-05 06:39:32', '0000-00-00 00:00:00'),
(2019, 147, 2019, 'Gaung', '2016-06-05 06:39:32', '0000-00-00 00:00:00'),
(2020, 147, 2020, 'Gaung Anak Serka', '2016-06-05 06:39:32', '0000-00-00 00:00:00'),
(2021, 147, 2021, 'Kateman', '2016-06-05 06:39:32', '0000-00-00 00:00:00'),
(2022, 147, 2022, 'Kempas', '2016-06-05 06:39:32', '0000-00-00 00:00:00'),
(2023, 147, 2023, 'Kemuning', '2016-06-05 06:39:32', '0000-00-00 00:00:00'),
(2024, 147, 2024, 'Keritang', '2016-06-05 06:39:32', '0000-00-00 00:00:00'),
(2025, 147, 2025, 'Kuala Indragiri', '2016-06-05 06:39:32', '0000-00-00 00:00:00'),
(2026, 147, 2026, 'Mandah', '2016-06-05 06:39:32', '0000-00-00 00:00:00'),
(2027, 147, 2027, 'Pelangiran', '2016-06-05 06:39:32', '0000-00-00 00:00:00'),
(2028, 147, 2028, 'Pulau Burung', '2016-06-05 06:39:32', '0000-00-00 00:00:00'),
(2029, 147, 2029, 'Reteh', '2016-06-05 06:39:32', '0000-00-00 00:00:00'),
(2030, 147, 2030, 'Sungai Batang', '2016-06-05 06:39:32', '0000-00-00 00:00:00'),
(2031, 147, 2031, 'Tanah Merah', '2016-06-05 06:39:32', '0000-00-00 00:00:00'),
(2032, 147, 2032, 'Teluk Belengkong', '2016-06-05 06:39:32', '0000-00-00 00:00:00'),
(2033, 147, 2033, 'Tembilahan', '2016-06-05 06:39:32', '0000-00-00 00:00:00'),
(2034, 147, 2034, 'Tembilahan Hulu', '2016-06-05 06:39:32', '0000-00-00 00:00:00'),
(2035, 147, 2035, 'Tempuling', '2016-06-05 06:39:32', '0000-00-00 00:00:00'),
(2036, 148, 2036, 'Batang Cenaku', '2016-06-05 06:39:32', '0000-00-00 00:00:00'),
(2037, 148, 2037, 'Batang Gansal', '2016-06-05 06:39:32', '0000-00-00 00:00:00'),
(2038, 148, 2038, 'Batang Peranap', '2016-06-05 06:39:32', '0000-00-00 00:00:00'),
(2039, 148, 2039, 'Kelayang', '2016-06-05 06:39:32', '0000-00-00 00:00:00'),
(2040, 148, 2040, 'Kuala Cenaku', '2016-06-05 06:39:32', '0000-00-00 00:00:00'),
(2041, 148, 2041, 'Lirik', '2016-06-05 06:39:32', '0000-00-00 00:00:00'),
(2042, 148, 2042, 'Lubuk Batu Jaya', '2016-06-05 06:39:32', '0000-00-00 00:00:00'),
(2043, 148, 2043, 'Pasir Penyu', '2016-06-05 06:39:32', '0000-00-00 00:00:00'),
(2044, 148, 2044, 'Peranap', '2016-06-05 06:39:32', '0000-00-00 00:00:00'),
(2045, 148, 2045, 'Rakit Kulim', '2016-06-05 06:39:32', '0000-00-00 00:00:00'),
(2046, 148, 2046, 'Rengat', '2016-06-05 06:39:32', '0000-00-00 00:00:00'),
(2047, 148, 2047, 'Rengat Barat', '2016-06-05 06:39:32', '0000-00-00 00:00:00'),
(2048, 148, 2048, 'Seberida', '2016-06-05 06:39:32', '0000-00-00 00:00:00'),
(2049, 148, 2049, 'Sungai Lala', '2016-06-05 06:39:32', '0000-00-00 00:00:00'),
(2050, 149, 2050, 'Anjatan', '2016-06-05 06:39:32', '0000-00-00 00:00:00'),
(2051, 149, 2051, 'Arahan', '2016-06-05 06:39:32', '0000-00-00 00:00:00'),
(2052, 149, 2052, 'Balongan', '2016-06-05 06:39:32', '0000-00-00 00:00:00'),
(2053, 149, 2053, 'Bangodua', '2016-06-05 06:39:32', '0000-00-00 00:00:00'),
(2054, 149, 2054, 'Bongas', '2016-06-05 06:39:32', '0000-00-00 00:00:00'),
(2055, 149, 2055, 'Cantigi', '2016-06-05 06:39:32', '0000-00-00 00:00:00'),
(2056, 149, 2056, 'Cikedung', '2016-06-05 06:39:32', '0000-00-00 00:00:00'),
(2057, 149, 2057, 'Gabuswetan', '2016-06-05 06:39:32', '0000-00-00 00:00:00'),
(2058, 149, 2058, 'Gantar', '2016-06-05 06:39:32', '0000-00-00 00:00:00'),
(2059, 149, 2059, 'Haurgeulis', '2016-06-05 06:39:32', '0000-00-00 00:00:00'),
(2060, 149, 2060, 'Indramayu', '2016-06-05 06:39:32', '0000-00-00 00:00:00'),
(2061, 149, 2061, 'Jatibarang', '2016-06-05 06:39:32', '0000-00-00 00:00:00'),
(2062, 149, 2062, 'Juntinyuat', '2016-06-05 06:39:32', '0000-00-00 00:00:00'),
(2063, 149, 2063, 'Kandanghaur', '2016-06-05 06:39:32', '0000-00-00 00:00:00'),
(2064, 149, 2064, 'Karangampel', '2016-06-05 06:39:32', '0000-00-00 00:00:00'),
(2065, 149, 2065, 'Kedokan Bunder', '2016-06-05 06:39:32', '0000-00-00 00:00:00'),
(2066, 149, 2066, 'Kertasemaya', '2016-06-05 06:39:32', '0000-00-00 00:00:00'),
(2067, 149, 2067, 'Krangkeng', '2016-06-05 06:39:32', '0000-00-00 00:00:00'),
(2068, 149, 2068, 'Kroya', '2016-06-05 06:39:32', '0000-00-00 00:00:00'),
(2069, 149, 2069, 'Lelea', '2016-06-05 06:39:32', '0000-00-00 00:00:00'),
(2070, 149, 2070, 'Lohbener', '2016-06-05 06:39:32', '0000-00-00 00:00:00'),
(2071, 149, 2071, 'Losarang', '2016-06-05 06:39:32', '0000-00-00 00:00:00'),
(2072, 149, 2072, 'Pasekan', '2016-06-05 06:39:32', '0000-00-00 00:00:00'),
(2073, 149, 2073, 'Patrol', '2016-06-05 06:39:32', '0000-00-00 00:00:00'),
(2074, 149, 2074, 'Sindang', '2016-06-05 06:39:32', '0000-00-00 00:00:00'),
(2075, 149, 2075, 'Sliyeg', '2016-06-05 06:39:32', '0000-00-00 00:00:00'),
(2076, 149, 2076, 'Sukagumiwang', '2016-06-05 06:39:32', '0000-00-00 00:00:00'),
(2077, 149, 2077, 'Sukra', '2016-06-05 06:39:32', '0000-00-00 00:00:00'),
(2078, 149, 2078, 'Trisi/Terisi', '2016-06-05 06:39:32', '0000-00-00 00:00:00'),
(2079, 149, 2079, 'Tukdana', '2016-06-05 06:39:32', '0000-00-00 00:00:00'),
(2080, 149, 2080, 'Widasari', '2016-06-05 06:39:32', '0000-00-00 00:00:00'),
(2081, 150, 2081, 'Agisiga', '2016-06-05 06:39:32', '0000-00-00 00:00:00'),
(2082, 150, 2082, 'Biandoga', '2016-06-05 06:39:32', '0000-00-00 00:00:00'),
(2083, 150, 2083, 'Hitadipa', '2016-06-05 06:39:32', '0000-00-00 00:00:00'),
(2084, 150, 2084, 'Homeo (Homeyo)', '2016-06-05 06:39:32', '0000-00-00 00:00:00'),
(2085, 150, 2085, 'Sugapa', '2016-06-05 06:39:32', '0000-00-00 00:00:00'),
(2086, 150, 2086, 'Wandai', '2016-06-05 06:39:32', '0000-00-00 00:00:00'),
(2087, 151, 2087, 'Cengkareng', '2016-06-05 06:39:32', '0000-00-00 00:00:00'),
(2088, 151, 2088, 'Grogol Petamburan', '2016-06-05 06:39:32', '0000-00-00 00:00:00'),
(2089, 151, 2089, 'Kalideres', '2016-06-05 06:39:32', '0000-00-00 00:00:00'),
(2090, 151, 2090, 'Kebon Jeruk', '2016-06-05 06:39:32', '0000-00-00 00:00:00'),
(2091, 151, 2091, 'Kembangan', '2016-06-05 06:39:32', '0000-00-00 00:00:00'),
(2092, 151, 2092, 'Palmerah', '2016-06-05 06:39:32', '0000-00-00 00:00:00'),
(2093, 151, 2093, 'Taman Sari', '2016-06-05 06:39:32', '0000-00-00 00:00:00'),
(2094, 151, 2094, 'Tambora', '2016-06-05 06:39:32', '0000-00-00 00:00:00'),
(2095, 152, 2095, 'Cempaka Putih', '2016-06-05 06:39:32', '0000-00-00 00:00:00'),
(2096, 152, 2096, 'Gambir', '2016-06-05 06:39:32', '0000-00-00 00:00:00'),
(2097, 152, 2097, 'Johar Baru', '2016-06-05 06:39:32', '0000-00-00 00:00:00'),
(2098, 152, 2098, 'Kemayoran', '2016-06-05 06:39:32', '0000-00-00 00:00:00'),
(2099, 152, 2099, 'Menteng', '2016-06-05 06:39:32', '0000-00-00 00:00:00'),
(2100, 152, 2100, 'Sawah Besar', '2016-06-05 06:39:32', '0000-00-00 00:00:00'),
(2101, 152, 2101, 'Senen', '2016-06-05 06:39:32', '0000-00-00 00:00:00'),
(2102, 152, 2102, 'Tanah Abang', '2016-06-05 06:39:32', '0000-00-00 00:00:00'),
(2103, 153, 2103, 'Cilandak', '2016-06-05 06:39:32', '0000-00-00 00:00:00'),
(2104, 153, 2104, 'Jagakarsa', '2016-06-05 06:39:32', '0000-00-00 00:00:00'),
(2105, 153, 2105, 'Kebayoran Baru', '2016-06-05 06:39:32', '0000-00-00 00:00:00'),
(2106, 153, 2106, 'Kebayoran Lama', '2016-06-05 06:39:32', '0000-00-00 00:00:00'),
(2107, 153, 2107, 'Mampang Prapatan', '2016-06-05 06:39:32', '0000-00-00 00:00:00'),
(2108, 153, 2108, 'Pancoran', '2016-06-05 06:39:32', '0000-00-00 00:00:00'),
(2109, 153, 2109, 'Pasar Minggu', '2016-06-05 06:39:32', '0000-00-00 00:00:00'),
(2110, 153, 2110, 'Pesanggrahan', '2016-06-05 06:39:32', '0000-00-00 00:00:00'),
(2111, 153, 2111, 'Setia Budi', '2016-06-05 06:39:32', '0000-00-00 00:00:00'),
(2112, 153, 2112, 'Tebet', '2016-06-05 06:39:32', '0000-00-00 00:00:00'),
(2113, 154, 2113, 'Cakung', '2016-06-05 06:39:32', '0000-00-00 00:00:00'),
(2114, 154, 2114, 'Cipayung', '2016-06-05 06:39:32', '0000-00-00 00:00:00'),
(2115, 154, 2115, 'Ciracas', '2016-06-05 06:39:32', '0000-00-00 00:00:00'),
(2116, 154, 2116, 'Duren Sawit', '2016-06-05 06:39:32', '0000-00-00 00:00:00'),
(2117, 154, 2117, 'Jatinegara', '2016-06-05 06:39:32', '0000-00-00 00:00:00'),
(2118, 154, 2118, 'Kramat Jati', '2016-06-05 06:39:32', '0000-00-00 00:00:00'),
(2119, 154, 2119, 'Makasar', '2016-06-05 06:39:32', '0000-00-00 00:00:00'),
(2120, 154, 2120, 'Matraman', '2016-06-05 06:39:32', '0000-00-00 00:00:00'),
(2121, 154, 2121, 'Pasar Rebo', '2016-06-05 06:39:32', '0000-00-00 00:00:00'),
(2122, 154, 2122, 'Pulo Gadung', '2016-06-05 06:39:32', '0000-00-00 00:00:00'),
(2123, 155, 2123, 'Cilincing', '2016-06-05 06:39:32', '0000-00-00 00:00:00'),
(2124, 155, 2124, 'Kelapa Gading', '2016-06-05 06:39:32', '0000-00-00 00:00:00'),
(2125, 155, 2125, 'Koja', '2016-06-05 06:39:32', '0000-00-00 00:00:00'),
(2126, 155, 2126, 'Pademangan', '2016-06-05 06:39:32', '0000-00-00 00:00:00'),
(2127, 155, 2127, 'Penjaringan', '2016-06-05 06:39:32', '0000-00-00 00:00:00'),
(2128, 155, 2128, 'Tanjung Priok', '2016-06-05 06:39:32', '0000-00-00 00:00:00'),
(2129, 156, 2129, 'Danau Teluk', '2016-06-05 06:39:32', '0000-00-00 00:00:00'),
(2130, 156, 2130, 'Jambi Selatan', '2016-06-05 06:39:32', '0000-00-00 00:00:00'),
(2131, 156, 2131, 'Jambi Timur', '2016-06-05 06:39:32', '0000-00-00 00:00:00'),
(2132, 156, 2132, 'Jelutung', '2016-06-05 06:39:32', '0000-00-00 00:00:00'),
(2133, 156, 2133, 'Kota Baru', '2016-06-05 06:39:32', '0000-00-00 00:00:00'),
(2134, 156, 2134, 'Pasar Jambi', '2016-06-05 06:39:32', '0000-00-00 00:00:00'),
(2135, 156, 2135, 'Pelayangan', '2016-06-05 06:39:32', '0000-00-00 00:00:00'),
(2136, 156, 2136, 'Telanaipura', '2016-06-05 06:39:32', '0000-00-00 00:00:00'),
(2137, 157, 2137, 'Airu', '2016-06-05 06:39:32', '0000-00-00 00:00:00'),
(2138, 157, 2138, 'Demta', '2016-06-05 06:39:32', '0000-00-00 00:00:00'),
(2139, 157, 2139, 'Depapre', '2016-06-05 06:39:32', '0000-00-00 00:00:00'),
(2140, 157, 2140, 'Ebungfau (Ebungfa)', '2016-06-05 06:39:32', '0000-00-00 00:00:00'),
(2141, 157, 2141, 'Gresi Selatan', '2016-06-05 06:39:32', '0000-00-00 00:00:00'),
(2142, 157, 2142, 'Kaureh', '2016-06-05 06:39:32', '0000-00-00 00:00:00'),
(2143, 157, 2143, 'Kemtuk', '2016-06-05 06:39:32', '0000-00-00 00:00:00'),
(2144, 157, 2144, 'Kemtuk Gresi', '2016-06-05 06:39:32', '0000-00-00 00:00:00'),
(2145, 157, 2145, 'Nambluong', '2016-06-05 06:39:32', '0000-00-00 00:00:00'),
(2146, 157, 2146, 'Nimbokrang', '2016-06-05 06:39:32', '0000-00-00 00:00:00'),
(2147, 157, 2147, 'Nimboran', '2016-06-05 06:39:32', '0000-00-00 00:00:00'),
(2148, 157, 2148, 'Ravenirara', '2016-06-05 06:39:32', '0000-00-00 00:00:00'),
(2149, 157, 2149, 'Sentani', '2016-06-05 06:39:32', '0000-00-00 00:00:00'),
(2150, 157, 2150, 'Sentani Barat', '2016-06-05 06:39:32', '0000-00-00 00:00:00'),
(2151, 157, 2151, 'Sentani Timur', '2016-06-05 06:39:32', '0000-00-00 00:00:00'),
(2152, 157, 2152, 'Unurum Guay', '2016-06-05 06:39:32', '0000-00-00 00:00:00'),
(2153, 157, 2153, 'Waibu', '2016-06-05 06:39:32', '0000-00-00 00:00:00'),
(2154, 157, 2154, 'Yapsi', '2016-06-05 06:39:32', '0000-00-00 00:00:00'),
(2155, 157, 2155, 'Yokari', '2016-06-05 06:39:32', '0000-00-00 00:00:00'),
(2156, 158, 2156, 'Abepura', '2016-06-05 06:39:32', '0000-00-00 00:00:00'),
(2157, 158, 2157, 'Heram', '2016-06-05 06:39:32', '0000-00-00 00:00:00'),
(2158, 158, 2158, 'Jayapura Selatan', '2016-06-05 06:39:32', '0000-00-00 00:00:00'),
(2159, 158, 2159, 'Jayapura Utara', '2016-06-05 06:39:32', '0000-00-00 00:00:00'),
(2160, 158, 2160, 'Muara Tami', '2016-06-05 06:39:32', '0000-00-00 00:00:00'),
(2161, 159, 2161, 'Asologaima (Asalogaima)', '2016-06-05 06:39:33', '0000-00-00 00:00:00'),
(2162, 159, 2162, 'Asolokobal', '2016-06-05 06:39:33', '0000-00-00 00:00:00'),
(2163, 159, 2163, 'Asotipo', '2016-06-05 06:39:33', '0000-00-00 00:00:00'),
(2164, 159, 2164, 'Bolakme', '2016-06-05 06:39:33', '0000-00-00 00:00:00'),
(2165, 159, 2165, 'Bpiri', '2016-06-05 06:39:33', '0000-00-00 00:00:00'),
(2166, 159, 2166, 'Bugi', '2016-06-05 06:39:33', '0000-00-00 00:00:00'),
(2167, 159, 2167, 'Hubikiak', '2016-06-05 06:39:33', '0000-00-00 00:00:00'),
(2168, 159, 2168, 'Hubikosi (Hobikosi)', '2016-06-05 06:39:33', '0000-00-00 00:00:00'),
(2169, 159, 2169, 'Ibele', '2016-06-05 06:39:33', '0000-00-00 00:00:00'),
(2170, 159, 2170, 'Itlay Hisage', '2016-06-05 06:39:33', '0000-00-00 00:00:00'),
(2171, 159, 2171, 'Koragi', '2016-06-05 06:39:33', '0000-00-00 00:00:00'),
(2172, 159, 2172, 'Kurulu', '2016-06-05 06:39:33', '0000-00-00 00:00:00'),
(2173, 159, 2173, 'Libarek', '2016-06-05 06:39:33', '0000-00-00 00:00:00'),
(2174, 159, 2174, 'Maima', '2016-06-05 06:39:33', '0000-00-00 00:00:00'),
(2175, 159, 2175, 'Molagalome', '2016-06-05 06:39:33', '0000-00-00 00:00:00'),
(2176, 159, 2176, 'Muliama', '2016-06-05 06:39:33', '0000-00-00 00:00:00'),
(2177, 159, 2177, 'Musatfak', '2016-06-05 06:39:33', '0000-00-00 00:00:00'),
(2178, 159, 2178, 'Napua', '2016-06-05 06:39:33', '0000-00-00 00:00:00'),
(2179, 159, 2179, 'Pelebaga', '2016-06-05 06:39:33', '0000-00-00 00:00:00'),
(2180, 159, 2180, 'Piramid', '2016-06-05 06:39:33', '0000-00-00 00:00:00'),
(2181, 159, 2181, 'Pisugi', '2016-06-05 06:39:33', '0000-00-00 00:00:00'),
(2182, 159, 2182, 'Popugoba', '2016-06-05 06:39:33', '0000-00-00 00:00:00'),
(2183, 159, 2183, 'Siepkosi', '2016-06-05 06:39:33', '0000-00-00 00:00:00'),
(2184, 159, 2184, 'Silo Karno Doga', '2016-06-05 06:39:33', '0000-00-00 00:00:00'),
(2185, 159, 2185, 'Taelarek', '2016-06-05 06:39:33', '0000-00-00 00:00:00'),
(2186, 159, 2186, 'Tagime', '2016-06-05 06:39:33', '0000-00-00 00:00:00'),
(2187, 159, 2187, 'Tagineri', '2016-06-05 06:39:33', '0000-00-00 00:00:00'),
(2188, 159, 2188, 'Trikora', '2016-06-05 06:39:33', '0000-00-00 00:00:00'),
(2189, 159, 2189, 'Usilimo', '2016-06-05 06:39:33', '0000-00-00 00:00:00'),
(2190, 159, 2190, 'Wadangku', '2016-06-05 06:39:33', '0000-00-00 00:00:00'),
(2191, 159, 2191, 'Walaik', '2016-06-05 06:39:33', '0000-00-00 00:00:00'),
(2192, 159, 2192, 'Walelagama', '2016-06-05 06:39:33', '0000-00-00 00:00:00'),
(2193, 159, 2193, 'Wame', '2016-06-05 06:39:33', '0000-00-00 00:00:00'),
(2194, 159, 2194, 'Wamena', '2016-06-05 06:39:33', '0000-00-00 00:00:00'),
(2195, 159, 2195, 'Welesi', '2016-06-05 06:39:33', '0000-00-00 00:00:00'),
(2196, 159, 2196, 'Wesaput', '2016-06-05 06:39:33', '0000-00-00 00:00:00'),
(2197, 159, 2197, 'Wita Waya', '2016-06-05 06:39:33', '0000-00-00 00:00:00'),
(2198, 159, 2198, 'Wollo (Wolo)', '2016-06-05 06:39:33', '0000-00-00 00:00:00'),
(2199, 159, 2199, 'Wouma', '2016-06-05 06:39:33', '0000-00-00 00:00:00'),
(2200, 159, 2200, 'Yalengga', '2016-06-05 06:39:33', '0000-00-00 00:00:00'),
(2201, 160, 2201, 'Ajung', '2016-06-05 06:39:33', '0000-00-00 00:00:00'),
(2202, 160, 2202, 'Ambulu', '2016-06-05 06:39:33', '0000-00-00 00:00:00'),
(2203, 160, 2203, 'Arjasa', '2016-06-05 06:39:33', '0000-00-00 00:00:00'),
(2204, 160, 2204, 'Balung', '2016-06-05 06:39:33', '0000-00-00 00:00:00'),
(2205, 160, 2205, 'Bangsalsari', '2016-06-05 06:39:33', '0000-00-00 00:00:00'),
(2206, 160, 2206, 'Gumuk Mas', '2016-06-05 06:39:33', '0000-00-00 00:00:00'),
(2207, 160, 2207, 'Jelbuk', '2016-06-05 06:39:33', '0000-00-00 00:00:00'),
(2208, 160, 2208, 'Jenggawah', '2016-06-05 06:39:33', '0000-00-00 00:00:00'),
(2209, 160, 2209, 'Jombang', '2016-06-05 06:39:33', '0000-00-00 00:00:00'),
(2210, 160, 2210, 'Kalisat', '2016-06-05 06:39:33', '0000-00-00 00:00:00'),
(2211, 160, 2211, 'Kaliwates', '2016-06-05 06:39:33', '0000-00-00 00:00:00'),
(2212, 160, 2212, 'Kencong', '2016-06-05 06:39:33', '0000-00-00 00:00:00'),
(2213, 160, 2213, 'Ledokombo', '2016-06-05 06:39:33', '0000-00-00 00:00:00'),
(2214, 160, 2214, 'Mayang', '2016-06-05 06:39:33', '0000-00-00 00:00:00'),
(2215, 160, 2215, 'Mumbulsari', '2016-06-05 06:39:33', '0000-00-00 00:00:00'),
(2216, 160, 2216, 'Pakusari', '2016-06-05 06:39:33', '0000-00-00 00:00:00'),
(2217, 160, 2217, 'Panti', '2016-06-05 06:39:33', '0000-00-00 00:00:00'),
(2218, 160, 2218, 'Patrang', '2016-06-05 06:39:33', '0000-00-00 00:00:00'),
(2219, 160, 2219, 'Puger', '2016-06-05 06:39:33', '0000-00-00 00:00:00'),
(2220, 160, 2220, 'Rambipuji', '2016-06-05 06:39:33', '0000-00-00 00:00:00'),
(2221, 160, 2221, 'Semboro', '2016-06-05 06:39:33', '0000-00-00 00:00:00'),
(2222, 160, 2222, 'Silo', '2016-06-05 06:39:33', '0000-00-00 00:00:00'),
(2223, 160, 2223, 'Sukorambi', '2016-06-05 06:39:33', '0000-00-00 00:00:00'),
(2224, 160, 2224, 'Sukowono', '2016-06-05 06:39:33', '0000-00-00 00:00:00'),
(2225, 160, 2225, 'Sumber Baru', '2016-06-05 06:39:33', '0000-00-00 00:00:00'),
(2226, 160, 2226, 'Sumber Jambe', '2016-06-05 06:39:33', '0000-00-00 00:00:00'),
(2227, 160, 2227, 'Sumber Sari', '2016-06-05 06:39:33', '0000-00-00 00:00:00'),
(2228, 160, 2228, 'Tanggul', '2016-06-05 06:39:33', '0000-00-00 00:00:00'),
(2229, 160, 2229, 'Tempurejo', '2016-06-05 06:39:33', '0000-00-00 00:00:00'),
(2230, 160, 2230, 'Umbulsari', '2016-06-05 06:39:33', '0000-00-00 00:00:00'),
(2231, 160, 2231, 'Wuluhan', '2016-06-05 06:39:33', '0000-00-00 00:00:00'),
(2232, 161, 2232, 'Jembrana', '2016-06-05 06:39:33', '0000-00-00 00:00:00'),
(2233, 161, 2233, 'Melaya', '2016-06-05 06:39:33', '0000-00-00 00:00:00'),
(2234, 161, 2234, 'Mendoyo', '2016-06-05 06:39:33', '0000-00-00 00:00:00'),
(2235, 161, 2235, 'Negara', '2016-06-05 06:39:33', '0000-00-00 00:00:00'),
(2236, 161, 2236, 'Pekutatan', '2016-06-05 06:39:33', '0000-00-00 00:00:00'),
(2237, 162, 2237, 'Arungkeke', '2016-06-05 06:39:33', '0000-00-00 00:00:00'),
(2238, 162, 2238, 'Bangkala', '2016-06-05 06:39:33', '0000-00-00 00:00:00'),
(2239, 162, 2239, 'Bangkala Barat', '2016-06-05 06:39:33', '0000-00-00 00:00:00'),
(2240, 162, 2240, 'Batang', '2016-06-05 06:39:33', '0000-00-00 00:00:00'),
(2241, 162, 2241, 'Binamu', '2016-06-05 06:39:33', '0000-00-00 00:00:00'),
(2242, 162, 2242, 'Bontoramba', '2016-06-05 06:39:33', '0000-00-00 00:00:00'),
(2243, 162, 2243, 'Kelara', '2016-06-05 06:39:33', '0000-00-00 00:00:00'),
(2244, 162, 2244, 'Rumbia', '2016-06-05 06:39:33', '0000-00-00 00:00:00'),
(2245, 162, 2245, 'Tamalatea', '2016-06-05 06:39:33', '0000-00-00 00:00:00'),
(2246, 162, 2246, 'Tarowang', '2016-06-05 06:39:33', '0000-00-00 00:00:00'),
(2247, 162, 2247, 'Turatea', '2016-06-05 06:39:33', '0000-00-00 00:00:00'),
(2248, 163, 2248, 'Bangsri', '2016-06-05 06:39:33', '0000-00-00 00:00:00'),
(2249, 163, 2249, 'Batealit', '2016-06-05 06:39:33', '0000-00-00 00:00:00'),
(2250, 163, 2250, 'Donorojo', '2016-06-05 06:39:33', '0000-00-00 00:00:00'),
(2251, 163, 2251, 'Jepara', '2016-06-05 06:39:33', '0000-00-00 00:00:00'),
(2252, 163, 2252, 'Kalinyamatan', '2016-06-05 06:39:33', '0000-00-00 00:00:00'),
(2253, 163, 2253, 'Karimunjawa', '2016-06-05 06:39:33', '0000-00-00 00:00:00'),
(2254, 163, 2254, 'Kedung', '2016-06-05 06:39:33', '0000-00-00 00:00:00'),
(2255, 163, 2255, 'Keling', '2016-06-05 06:39:33', '0000-00-00 00:00:00'),
(2256, 163, 2256, 'Kembang', '2016-06-05 06:39:33', '0000-00-00 00:00:00'),
(2257, 163, 2257, 'Mayong', '2016-06-05 06:39:33', '0000-00-00 00:00:00'),
(2258, 163, 2258, 'Mlonggo', '2016-06-05 06:39:33', '0000-00-00 00:00:00'),
(2259, 163, 2259, 'Nalumsari', '2016-06-05 06:39:33', '0000-00-00 00:00:00'),
(2260, 163, 2260, 'Pakis Aji', '2016-06-05 06:39:33', '0000-00-00 00:00:00'),
(2261, 163, 2261, 'Pecangaan', '2016-06-05 06:39:33', '0000-00-00 00:00:00'),
(2262, 163, 2262, 'Tahunan', '2016-06-05 06:39:33', '0000-00-00 00:00:00'),
(2263, 163, 2263, 'Welahan', '2016-06-05 06:39:33', '0000-00-00 00:00:00'),
(2264, 164, 2264, 'Bandar Kedung Mulyo', '2016-06-05 06:39:33', '0000-00-00 00:00:00'),
(2265, 164, 2265, 'Bareng', '2016-06-05 06:39:33', '0000-00-00 00:00:00'),
(2266, 164, 2266, 'Diwek', '2016-06-05 06:39:33', '0000-00-00 00:00:00'),
(2267, 164, 2267, 'Gudo', '2016-06-05 06:39:33', '0000-00-00 00:00:00'),
(2268, 164, 2268, 'Jogoroto', '2016-06-05 06:39:33', '0000-00-00 00:00:00'),
(2269, 164, 2269, 'Jombang', '2016-06-05 06:39:33', '0000-00-00 00:00:00'),
(2270, 164, 2270, 'Kabuh', '2016-06-05 06:39:33', '0000-00-00 00:00:00'),
(2271, 164, 2271, 'Kesamben', '2016-06-05 06:39:33', '0000-00-00 00:00:00'),
(2272, 164, 2272, 'Kudu', '2016-06-05 06:39:33', '0000-00-00 00:00:00'),
(2273, 164, 2273, 'Megaluh', '2016-06-05 06:39:33', '0000-00-00 00:00:00'),
(2274, 164, 2274, 'Mojoagung', '2016-06-05 06:39:33', '0000-00-00 00:00:00'),
(2275, 164, 2275, 'Mojowarno', '2016-06-05 06:39:33', '0000-00-00 00:00:00'),
(2276, 164, 2276, 'Ngoro', '2016-06-05 06:39:33', '0000-00-00 00:00:00'),
(2277, 164, 2277, 'Ngusikan', '2016-06-05 06:39:33', '0000-00-00 00:00:00'),
(2278, 164, 2278, 'Perak', '2016-06-05 06:39:33', '0000-00-00 00:00:00'),
(2279, 164, 2279, 'Peterongan', '2016-06-05 06:39:33', '0000-00-00 00:00:00'),
(2280, 164, 2280, 'Plandaan', '2016-06-05 06:39:33', '0000-00-00 00:00:00'),
(2281, 164, 2281, 'Ploso', '2016-06-05 06:39:33', '0000-00-00 00:00:00'),
(2282, 164, 2282, 'Sumobito', '2016-06-05 06:39:33', '0000-00-00 00:00:00'),
(2283, 164, 2283, 'Tembelang', '2016-06-05 06:39:33', '0000-00-00 00:00:00'),
(2284, 164, 2284, 'Wonosalam', '2016-06-05 06:39:33', '0000-00-00 00:00:00'),
(2285, 165, 2285, 'Buruway', '2016-06-05 06:39:33', '0000-00-00 00:00:00'),
(2286, 165, 2286, 'Kaimana', '2016-06-05 06:39:33', '0000-00-00 00:00:00'),
(2287, 165, 2287, 'Kambraw (Kamberau)', '2016-06-05 06:39:33', '0000-00-00 00:00:00'),
(2288, 165, 2288, 'Teluk Arguni Atas', '2016-06-05 06:39:33', '0000-00-00 00:00:00'),
(2289, 165, 2289, 'Teluk Arguni Bawah (Yerusi)', '2016-06-05 06:39:33', '0000-00-00 00:00:00'),
(2290, 165, 2290, 'Teluk Etna', '2016-06-05 06:39:33', '0000-00-00 00:00:00'),
(2291, 165, 2291, 'Yamor', '2016-06-05 06:39:33', '0000-00-00 00:00:00'),
(2292, 166, 2292, 'Bangkinang', '2016-06-05 06:39:33', '0000-00-00 00:00:00'),
(2293, 166, 2293, 'Bangkinang Seberang', '2016-06-05 06:39:33', '0000-00-00 00:00:00'),
(2294, 166, 2294, 'Gunung Sahilan', '2016-06-05 06:39:33', '0000-00-00 00:00:00'),
(2295, 166, 2295, 'Kampar', '2016-06-05 06:39:33', '0000-00-00 00:00:00'),
(2296, 166, 2296, 'Kampar Kiri', '2016-06-05 06:39:33', '0000-00-00 00:00:00'),
(2297, 166, 2297, 'Kampar Kiri Hilir', '2016-06-05 06:39:33', '0000-00-00 00:00:00'),
(2298, 166, 2298, 'Kampar Kiri Hulu', '2016-06-05 06:39:33', '0000-00-00 00:00:00'),
(2299, 166, 2299, 'Kampar Kiri Tengah', '2016-06-05 06:39:33', '0000-00-00 00:00:00'),
(2300, 166, 2300, 'Kampar Timur', '2016-06-05 06:39:33', '0000-00-00 00:00:00'),
(2301, 166, 2301, 'Kampar Utara', '2016-06-05 06:39:33', '0000-00-00 00:00:00'),
(2302, 166, 2302, 'Koto Kampar Hulu', '2016-06-05 06:39:33', '0000-00-00 00:00:00'),
(2303, 166, 2303, 'Kuok (Bangkinang Barat)', '2016-06-05 06:39:33', '0000-00-00 00:00:00'),
(2304, 166, 2304, 'Perhentian Raja', '2016-06-05 06:39:33', '0000-00-00 00:00:00'),
(2305, 166, 2305, 'Rumbio Jaya', '2016-06-05 06:39:33', '0000-00-00 00:00:00'),
(2306, 166, 2306, 'Salo', '2016-06-05 06:39:33', '0000-00-00 00:00:00'),
(2307, 166, 2307, 'Siak Hulu', '2016-06-05 06:39:33', '0000-00-00 00:00:00'),
(2308, 166, 2308, 'Tambang', '2016-06-05 06:39:33', '0000-00-00 00:00:00'),
(2309, 166, 2309, 'Tapung', '2016-06-05 06:39:33', '0000-00-00 00:00:00'),
(2310, 166, 2310, 'Tapung Hilir', '2016-06-05 06:39:33', '0000-00-00 00:00:00'),
(2311, 166, 2311, 'Tapung Hulu', '2016-06-05 06:39:33', '0000-00-00 00:00:00'),
(2312, 166, 2312, 'XIII Koto Kampar', '2016-06-05 06:39:33', '0000-00-00 00:00:00'),
(2313, 167, 2313, 'Basarang', '2016-06-05 06:39:33', '0000-00-00 00:00:00'),
(2314, 167, 2314, 'Bataguh', '2016-06-05 06:39:33', '0000-00-00 00:00:00'),
(2315, 167, 2315, 'Dadahup', '2016-06-05 06:39:33', '0000-00-00 00:00:00'),
(2316, 167, 2316, 'Kapuas Barat', '2016-06-05 06:39:33', '0000-00-00 00:00:00'),
(2317, 167, 2317, 'Kapuas Hilir', '2016-06-05 06:39:33', '0000-00-00 00:00:00'),
(2318, 167, 2318, 'Kapuas Hulu', '2016-06-05 06:39:33', '0000-00-00 00:00:00'),
(2319, 167, 2319, 'Kapuas Kuala', '2016-06-05 06:39:33', '0000-00-00 00:00:00'),
(2320, 167, 2320, 'Kapuas Murung', '2016-06-05 06:39:33', '0000-00-00 00:00:00'),
(2321, 167, 2321, 'Kapuas Tengah', '2016-06-05 06:39:33', '0000-00-00 00:00:00'),
(2322, 167, 2322, 'Kapuas Timur', '2016-06-05 06:39:33', '0000-00-00 00:00:00'),
(2323, 167, 2323, 'Mandau Talawang', '2016-06-05 06:39:33', '0000-00-00 00:00:00'),
(2324, 167, 2324, 'Mantangai', '2016-06-05 06:39:33', '0000-00-00 00:00:00'),
(2325, 167, 2325, 'Pasak Talawang', '2016-06-05 06:39:33', '0000-00-00 00:00:00'),
(2326, 167, 2326, 'Pulau Petak', '2016-06-05 06:39:33', '0000-00-00 00:00:00'),
(2327, 167, 2327, 'Selat', '2016-06-05 06:39:33', '0000-00-00 00:00:00'),
(2328, 167, 2328, 'Tamban Catur', '2016-06-05 06:39:33', '0000-00-00 00:00:00'),
(2329, 167, 2329, 'Timpah', '2016-06-05 06:39:33', '0000-00-00 00:00:00'),
(2330, 168, 2330, 'Badau', '2016-06-05 06:39:33', '0000-00-00 00:00:00'),
(2331, 168, 2331, 'Batang Lupar', '2016-06-05 06:39:33', '0000-00-00 00:00:00'),
(2332, 168, 2332, 'Bika', '2016-06-05 06:39:33', '0000-00-00 00:00:00'),
(2333, 168, 2333, 'Boyan Tanjung', '2016-06-05 06:39:33', '0000-00-00 00:00:00'),
(2334, 168, 2334, 'Bunut Hilir', '2016-06-05 06:39:33', '0000-00-00 00:00:00'),
(2335, 168, 2335, 'Bunut Hulu', '2016-06-05 06:39:33', '0000-00-00 00:00:00'),
(2336, 168, 2336, 'Embaloh Hilir', '2016-06-05 06:39:33', '0000-00-00 00:00:00'),
(2337, 168, 2337, 'Embaloh Hulu', '2016-06-05 06:39:33', '0000-00-00 00:00:00'),
(2338, 168, 2338, 'Empanang', '2016-06-05 06:39:33', '0000-00-00 00:00:00'),
(2339, 168, 2339, 'Hulu Gurung', '2016-06-05 06:39:33', '0000-00-00 00:00:00'),
(2340, 168, 2340, 'Jongkong (Jengkong)', '2016-06-05 06:39:33', '0000-00-00 00:00:00'),
(2341, 168, 2341, 'Kalis', '2016-06-05 06:39:33', '0000-00-00 00:00:00'),
(2342, 168, 2342, 'Mentebah', '2016-06-05 06:39:33', '0000-00-00 00:00:00'),
(2343, 168, 2343, 'Pengkadan (Batu Datu)', '2016-06-05 06:39:33', '0000-00-00 00:00:00'),
(2344, 168, 2344, 'Puring Kencana', '2016-06-05 06:39:33', '0000-00-00 00:00:00'),
(2345, 168, 2345, 'Putussibau Selatan', '2016-06-05 06:39:33', '0000-00-00 00:00:00'),
(2346, 168, 2346, 'Putussibau Utara', '2016-06-05 06:39:33', '0000-00-00 00:00:00'),
(2347, 168, 2347, 'Seberuang', '2016-06-05 06:39:33', '0000-00-00 00:00:00'),
(2348, 168, 2348, 'Selimbau', '2016-06-05 06:39:33', '0000-00-00 00:00:00'),
(2349, 168, 2349, 'Semitau', '2016-06-05 06:39:33', '0000-00-00 00:00:00'),
(2350, 168, 2350, 'Silat Hilir', '2016-06-05 06:39:33', '0000-00-00 00:00:00'),
(2351, 168, 2351, 'Silat Hulu', '2016-06-05 06:39:33', '0000-00-00 00:00:00'),
(2352, 168, 2352, 'Suhaid', '2016-06-05 06:39:33', '0000-00-00 00:00:00'),
(2353, 169, 2353, 'Colomadu', '2016-06-05 06:39:33', '0000-00-00 00:00:00'),
(2354, 169, 2354, 'Gondangrejo', '2016-06-05 06:39:33', '0000-00-00 00:00:00'),
(2355, 169, 2355, 'Jaten', '2016-06-05 06:39:33', '0000-00-00 00:00:00'),
(2356, 169, 2356, 'Jatipuro', '2016-06-05 06:39:33', '0000-00-00 00:00:00'),
(2357, 169, 2357, 'Jatiyoso', '2016-06-05 06:39:33', '0000-00-00 00:00:00'),
(2358, 169, 2358, 'Jenawi', '2016-06-05 06:39:33', '0000-00-00 00:00:00'),
(2359, 169, 2359, 'Jumantono', '2016-06-05 06:39:33', '0000-00-00 00:00:00'),
(2360, 169, 2360, 'Jumapolo', '2016-06-05 06:39:33', '0000-00-00 00:00:00'),
(2361, 169, 2361, 'Karanganyar', '2016-06-05 06:39:33', '0000-00-00 00:00:00'),
(2362, 169, 2362, 'Karangpandan', '2016-06-05 06:39:33', '0000-00-00 00:00:00'),
(2363, 169, 2363, 'Kebakkramat', '2016-06-05 06:39:33', '0000-00-00 00:00:00'),
(2364, 169, 2364, 'Kerjo', '2016-06-05 06:39:33', '0000-00-00 00:00:00'),
(2365, 169, 2365, 'Matesih', '2016-06-05 06:39:33', '0000-00-00 00:00:00'),
(2366, 169, 2366, 'Mojogedang', '2016-06-05 06:39:33', '0000-00-00 00:00:00'),
(2367, 169, 2367, 'Ngargoyoso', '2016-06-05 06:39:33', '0000-00-00 00:00:00'),
(2368, 169, 2368, 'Tasikmadu', '2016-06-05 06:39:33', '0000-00-00 00:00:00'),
(2369, 169, 2369, 'Tawangmangu', '2016-06-05 06:39:33', '0000-00-00 00:00:00'),
(2370, 170, 2370, 'Abang', '2016-06-05 06:39:34', '0000-00-00 00:00:00'),
(2371, 170, 2371, 'Bebandem', '2016-06-05 06:39:34', '0000-00-00 00:00:00'),
(2372, 170, 2372, 'Karang Asem', '2016-06-05 06:39:34', '0000-00-00 00:00:00'),
(2373, 170, 2373, 'Kubu', '2016-06-05 06:39:34', '0000-00-00 00:00:00'),
(2374, 170, 2374, 'Manggis', '2016-06-05 06:39:34', '0000-00-00 00:00:00'),
(2375, 170, 2375, 'Rendang', '2016-06-05 06:39:34', '0000-00-00 00:00:00'),
(2376, 170, 2376, 'Selat', '2016-06-05 06:39:34', '0000-00-00 00:00:00'),
(2377, 170, 2377, 'Sidemen', '2016-06-05 06:39:34', '0000-00-00 00:00:00'),
(2378, 171, 2378, 'Banyusari', '2016-06-05 06:39:34', '0000-00-00 00:00:00'),
(2379, 171, 2379, 'Batujaya', '2016-06-05 06:39:34', '0000-00-00 00:00:00'),
(2380, 171, 2380, 'Ciampel', '2016-06-05 06:39:34', '0000-00-00 00:00:00'),
(2381, 171, 2381, 'Cibuaya', '2016-06-05 06:39:34', '0000-00-00 00:00:00'),
(2382, 171, 2382, 'Cikampek', '2016-06-05 06:39:34', '0000-00-00 00:00:00'),
(2383, 171, 2383, 'Cilamaya Kulon', '2016-06-05 06:39:34', '0000-00-00 00:00:00'),
(2384, 171, 2384, 'Cilamaya Wetan', '2016-06-05 06:39:34', '0000-00-00 00:00:00'),
(2385, 171, 2385, 'Cilebar', '2016-06-05 06:39:34', '0000-00-00 00:00:00'),
(2386, 171, 2386, 'Jatisari', '2016-06-05 06:39:34', '0000-00-00 00:00:00'),
(2387, 171, 2387, 'Jayakerta', '2016-06-05 06:39:34', '0000-00-00 00:00:00'),
(2388, 171, 2388, 'Karawang Barat', '2016-06-05 06:39:34', '0000-00-00 00:00:00'),
(2389, 171, 2389, 'Karawang Timur', '2016-06-05 06:39:34', '0000-00-00 00:00:00'),
(2390, 171, 2390, 'Klari', '2016-06-05 06:39:34', '0000-00-00 00:00:00'),
(2391, 171, 2391, 'Kotabaru', '2016-06-05 06:39:34', '0000-00-00 00:00:00'),
(2392, 171, 2392, 'Kutawaluya', '2016-06-05 06:39:34', '0000-00-00 00:00:00'),
(2393, 171, 2393, 'Lemahabang', '2016-06-05 06:39:34', '0000-00-00 00:00:00'),
(2394, 171, 2394, 'Majalaya', '2016-06-05 06:39:34', '0000-00-00 00:00:00'),
(2395, 171, 2395, 'Pakisjaya', '2016-06-05 06:39:34', '0000-00-00 00:00:00'),
(2396, 171, 2396, 'Pangkalan', '2016-06-05 06:39:34', '0000-00-00 00:00:00'),
(2397, 171, 2397, 'Pedes', '2016-06-05 06:39:34', '0000-00-00 00:00:00'),
(2398, 171, 2398, 'Purwasari', '2016-06-05 06:39:34', '0000-00-00 00:00:00'),
(2399, 171, 2399, 'Rawamerta', '2016-06-05 06:39:34', '0000-00-00 00:00:00'),
(2400, 171, 2400, 'Rengasdengklok', '2016-06-05 06:39:34', '0000-00-00 00:00:00'),
(2401, 171, 2401, 'Talagasari', '2016-06-05 06:39:34', '0000-00-00 00:00:00'),
(2402, 171, 2402, 'Tegalwaru', '2016-06-05 06:39:34', '0000-00-00 00:00:00'),
(2403, 171, 2403, 'Telukjambe Barat', '2016-06-05 06:39:34', '0000-00-00 00:00:00'),
(2404, 171, 2404, 'Telukjambe Timur', '2016-06-05 06:39:34', '0000-00-00 00:00:00'),
(2405, 171, 2405, 'Tempuran', '2016-06-05 06:39:34', '0000-00-00 00:00:00'),
(2406, 171, 2406, 'Tirtajaya', '2016-06-05 06:39:34', '0000-00-00 00:00:00'),
(2407, 171, 2407, 'Tirtamulya', '2016-06-05 06:39:34', '0000-00-00 00:00:00'),
(2408, 172, 2408, 'Belat', '2016-06-05 06:39:34', '0000-00-00 00:00:00'),
(2409, 172, 2409, 'Buru', '2016-06-05 06:39:34', '0000-00-00 00:00:00'),
(2410, 172, 2410, 'Durai', '2016-06-05 06:39:34', '0000-00-00 00:00:00'),
(2411, 172, 2411, 'Karimun', '2016-06-05 06:39:34', '0000-00-00 00:00:00'),
(2412, 172, 2412, 'Kundur', '2016-06-05 06:39:34', '0000-00-00 00:00:00'),
(2413, 172, 2413, 'Kundur Barat', '2016-06-05 06:39:34', '0000-00-00 00:00:00'),
(2414, 172, 2414, 'Kundur Utara', '2016-06-05 06:39:34', '0000-00-00 00:00:00'),
(2415, 172, 2415, 'Meral', '2016-06-05 06:39:34', '0000-00-00 00:00:00'),
(2416, 172, 2416, 'Meral Barat', '2016-06-05 06:39:34', '0000-00-00 00:00:00'),
(2417, 172, 2417, 'Moro', '2016-06-05 06:39:34', '0000-00-00 00:00:00'),
(2418, 172, 2418, 'Tebing', '2016-06-05 06:39:34', '0000-00-00 00:00:00'),
(2419, 172, 2419, 'Ungar', '2016-06-05 06:39:34', '0000-00-00 00:00:00'),
(2420, 173, 2420, 'Barus Jahe', '2016-06-05 06:39:34', '0000-00-00 00:00:00'),
(2421, 173, 2421, 'Brastagi (Berastagi)', '2016-06-05 06:39:34', '0000-00-00 00:00:00'),
(2422, 173, 2422, 'Dolat Rayat', '2016-06-05 06:39:34', '0000-00-00 00:00:00'),
(2423, 173, 2423, 'Juhar', '2016-06-05 06:39:34', '0000-00-00 00:00:00'),
(2424, 173, 2424, 'Kabanjahe', '2016-06-05 06:39:34', '0000-00-00 00:00:00'),
(2425, 173, 2425, 'Kuta Buluh', '2016-06-05 06:39:34', '0000-00-00 00:00:00'),
(2426, 173, 2426, 'Laubaleng', '2016-06-05 06:39:34', '0000-00-00 00:00:00'),
(2427, 173, 2427, 'Mardinding', '2016-06-05 06:39:34', '0000-00-00 00:00:00'),
(2428, 173, 2428, 'Merdeka', '2016-06-05 06:39:34', '0000-00-00 00:00:00'),
(2429, 173, 2429, 'Merek', '2016-06-05 06:39:34', '0000-00-00 00:00:00'),
(2430, 173, 2430, 'Munte', '2016-06-05 06:39:34', '0000-00-00 00:00:00'),
(2431, 173, 2431, 'Nama Teran', '2016-06-05 06:39:34', '0000-00-00 00:00:00'),
(2432, 173, 2432, 'Payung', '2016-06-05 06:39:34', '0000-00-00 00:00:00'),
(2433, 173, 2433, 'Simpang Empat', '2016-06-05 06:39:34', '0000-00-00 00:00:00'),
(2434, 173, 2434, 'Tiga Binanga', '2016-06-05 06:39:34', '0000-00-00 00:00:00'),
(2435, 173, 2435, 'Tiga Panah', '2016-06-05 06:39:34', '0000-00-00 00:00:00'),
(2436, 173, 2436, 'Tiganderket', '2016-06-05 06:39:34', '0000-00-00 00:00:00'),
(2437, 174, 2437, 'Bukit Raya', '2016-06-05 06:39:34', '0000-00-00 00:00:00'),
(2438, 174, 2438, 'Kamipang', '2016-06-05 06:39:34', '0000-00-00 00:00:00'),
(2439, 174, 2439, 'Katingan Hilir', '2016-06-05 06:39:34', '0000-00-00 00:00:00'),
(2440, 174, 2440, 'Katingan Hulu', '2016-06-05 06:39:34', '0000-00-00 00:00:00'),
(2441, 174, 2441, 'Katingan Kuala', '2016-06-05 06:39:34', '0000-00-00 00:00:00'),
(2442, 174, 2442, 'Katingan Tengah', '2016-06-05 06:39:34', '0000-00-00 00:00:00'),
(2443, 174, 2443, 'Marikit', '2016-06-05 06:39:34', '0000-00-00 00:00:00'),
(2444, 174, 2444, 'Mendawai', '2016-06-05 06:39:34', '0000-00-00 00:00:00'),
(2445, 174, 2445, 'Petak Malai', '2016-06-05 06:39:34', '0000-00-00 00:00:00'),
(2446, 174, 2446, 'Pulau Malan', '2016-06-05 06:39:34', '0000-00-00 00:00:00'),
(2447, 174, 2447, 'Sanaman Mantikei (Senamang Mantikei)', '2016-06-05 06:39:34', '0000-00-00 00:00:00'),
(2448, 174, 2448, 'Tasik Payawan', '2016-06-05 06:39:34', '0000-00-00 00:00:00'),
(2449, 174, 2449, 'Tewang Sanggalang Garing (Sangalang)', '2016-06-05 06:39:34', '0000-00-00 00:00:00'),
(2450, 175, 2450, 'Kaur Selatan', '2016-06-05 06:39:34', '0000-00-00 00:00:00'),
(2451, 175, 2451, 'Kaur Tengah', '2016-06-05 06:39:34', '0000-00-00 00:00:00'),
(2452, 175, 2452, 'Kaur Utara', '2016-06-05 06:39:34', '0000-00-00 00:00:00'),
(2453, 175, 2453, 'Kelam Tengah', '2016-06-05 06:39:34', '0000-00-00 00:00:00'),
(2454, 175, 2454, 'Kinal', '2016-06-05 06:39:34', '0000-00-00 00:00:00'),
(2455, 175, 2455, 'Luas', '2016-06-05 06:39:34', '0000-00-00 00:00:00'),
(2456, 175, 2456, 'Lungkang Kule', '2016-06-05 06:39:34', '0000-00-00 00:00:00'),
(2457, 175, 2457, 'Maje', '2016-06-05 06:39:34', '0000-00-00 00:00:00'),
(2458, 175, 2458, 'Muara Sahung', '2016-06-05 06:39:34', '0000-00-00 00:00:00'),
(2459, 175, 2459, 'Nasal', '2016-06-05 06:39:34', '0000-00-00 00:00:00'),
(2460, 175, 2460, 'Padang Guci Hilir', '2016-06-05 06:39:34', '0000-00-00 00:00:00'),
(2461, 175, 2461, 'Padang Guci Hulu', '2016-06-05 06:39:34', '0000-00-00 00:00:00'),
(2462, 175, 2462, 'Semidang Gumai (Gumay)', '2016-06-05 06:39:34', '0000-00-00 00:00:00'),
(2463, 175, 2463, 'Tanjung Kemuning', '2016-06-05 06:39:34', '0000-00-00 00:00:00'),
(2464, 175, 2464, 'Tetap (Muara Tetap)', '2016-06-05 06:39:34', '0000-00-00 00:00:00'),
(2465, 176, 2465, 'Kepulauan Karimata', '2016-06-05 06:39:34', '0000-00-00 00:00:00'),
(2466, 176, 2466, 'Pulau Maya (Pulau Maya Karimata)', '2016-06-05 06:39:34', '0000-00-00 00:00:00'),
(2467, 176, 2467, 'Seponti', '2016-06-05 06:39:34', '0000-00-00 00:00:00'),
(2468, 176, 2468, 'Simpang Hilir', '2016-06-05 06:39:34', '0000-00-00 00:00:00'),
(2469, 176, 2469, 'Sukadana', '2016-06-05 06:39:34', '0000-00-00 00:00:00'),
(2470, 176, 2470, 'Teluk Batang', '2016-06-05 06:39:34', '0000-00-00 00:00:00'),
(2471, 177, 2471, 'Adimulyo', '2016-06-05 06:39:34', '0000-00-00 00:00:00'),
(2472, 177, 2472, 'Alian/Aliyan', '2016-06-05 06:39:34', '0000-00-00 00:00:00'),
(2473, 177, 2473, 'Ambal', '2016-06-05 06:39:34', '0000-00-00 00:00:00'),
(2474, 177, 2474, 'Ayah', '2016-06-05 06:39:34', '0000-00-00 00:00:00'),
(2475, 177, 2475, 'Bonorowo', '2016-06-05 06:39:34', '0000-00-00 00:00:00'),
(2476, 177, 2476, 'Buayan', '2016-06-05 06:39:34', '0000-00-00 00:00:00'),
(2477, 177, 2477, 'Buluspesantren', '2016-06-05 06:39:34', '0000-00-00 00:00:00'),
(2478, 177, 2478, 'Gombong', '2016-06-05 06:39:34', '0000-00-00 00:00:00'),
(2479, 177, 2479, 'Karanganyar', '2016-06-05 06:39:34', '0000-00-00 00:00:00'),
(2480, 177, 2480, 'Karanggayam', '2016-06-05 06:39:34', '0000-00-00 00:00:00'),
(2481, 177, 2481, 'Karangsambung', '2016-06-05 06:39:34', '0000-00-00 00:00:00'),
(2482, 177, 2482, 'Kebumen', '2016-06-05 06:39:34', '0000-00-00 00:00:00'),
(2483, 177, 2483, 'Klirong', '2016-06-05 06:39:34', '0000-00-00 00:00:00'),
(2484, 177, 2484, 'Kutowinangun', '2016-06-05 06:39:34', '0000-00-00 00:00:00'),
(2485, 177, 2485, 'Kuwarasan', '2016-06-05 06:39:34', '0000-00-00 00:00:00'),
(2486, 177, 2486, 'Mirit', '2016-06-05 06:39:34', '0000-00-00 00:00:00'),
(2487, 177, 2487, 'Padureso', '2016-06-05 06:39:34', '0000-00-00 00:00:00'),
(2488, 177, 2488, 'Pejagoan', '2016-06-05 06:39:34', '0000-00-00 00:00:00'),
(2489, 177, 2489, 'Petanahan', '2016-06-05 06:39:34', '0000-00-00 00:00:00'),
(2490, 177, 2490, 'Poncowarno', '2016-06-05 06:39:34', '0000-00-00 00:00:00'),
(2491, 177, 2491, 'Prembun', '2016-06-05 06:39:34', '0000-00-00 00:00:00'),
(2492, 177, 2492, 'Puring', '2016-06-05 06:39:34', '0000-00-00 00:00:00'),
(2493, 177, 2493, 'Rowokele', '2016-06-05 06:39:34', '0000-00-00 00:00:00'),
(2494, 177, 2494, 'Sadang', '2016-06-05 06:39:34', '0000-00-00 00:00:00'),
(2495, 177, 2495, 'Sempor', '2016-06-05 06:39:34', '0000-00-00 00:00:00'),
(2496, 177, 2496, 'Sruweng', '2016-06-05 06:39:34', '0000-00-00 00:00:00'),
(2497, 178, 2497, 'Badas', '2016-06-05 06:39:34', '0000-00-00 00:00:00'),
(2498, 178, 2498, 'Banyakan', '2016-06-05 06:39:34', '0000-00-00 00:00:00'),
(2499, 178, 2499, 'Gampengrejo', '2016-06-05 06:39:34', '0000-00-00 00:00:00'),
(2500, 178, 2500, 'Grogol', '2016-06-05 06:39:34', '0000-00-00 00:00:00'),
(2501, 178, 2501, 'Gurah', '2016-06-05 06:39:34', '0000-00-00 00:00:00'),
(2502, 178, 2502, 'Kandangan', '2016-06-05 06:39:34', '0000-00-00 00:00:00'),
(2503, 178, 2503, 'Kandat', '2016-06-05 06:39:34', '0000-00-00 00:00:00'),
(2504, 178, 2504, 'Kayen Kidul', '2016-06-05 06:39:34', '0000-00-00 00:00:00'),
(2505, 178, 2505, 'Kepung', '2016-06-05 06:39:34', '0000-00-00 00:00:00'),
(2506, 178, 2506, 'Kras', '2016-06-05 06:39:34', '0000-00-00 00:00:00'),
(2507, 178, 2507, 'Kunjang', '2016-06-05 06:39:34', '0000-00-00 00:00:00'),
(2508, 178, 2508, 'Mojo', '2016-06-05 06:39:34', '0000-00-00 00:00:00'),
(2509, 178, 2509, 'Ngadiluwih', '2016-06-05 06:39:34', '0000-00-00 00:00:00'),
(2510, 178, 2510, 'Ngancar', '2016-06-05 06:39:34', '0000-00-00 00:00:00'),
(2511, 178, 2511, 'Ngasem', '2016-06-05 06:39:34', '0000-00-00 00:00:00'),
(2512, 178, 2512, 'Pagu', '2016-06-05 06:39:34', '0000-00-00 00:00:00'),
(2513, 178, 2513, 'Papar', '2016-06-05 06:39:34', '0000-00-00 00:00:00'),
(2514, 178, 2514, 'Pare', '2016-06-05 06:39:34', '0000-00-00 00:00:00'),
(2515, 178, 2515, 'Plemahan', '2016-06-05 06:39:34', '0000-00-00 00:00:00'),
(2516, 178, 2516, 'Plosoklaten', '2016-06-05 06:39:34', '0000-00-00 00:00:00'),
(2517, 178, 2517, 'Puncu', '2016-06-05 06:39:34', '0000-00-00 00:00:00'),
(2518, 178, 2518, 'Purwoasri', '2016-06-05 06:39:34', '0000-00-00 00:00:00'),
(2519, 178, 2519, 'Ringinrejo', '2016-06-05 06:39:34', '0000-00-00 00:00:00'),
(2520, 178, 2520, 'Semen', '2016-06-05 06:39:34', '0000-00-00 00:00:00'),
(2521, 178, 2521, 'Tarokan', '2016-06-05 06:39:34', '0000-00-00 00:00:00'),
(2522, 178, 2522, 'Wates', '2016-06-05 06:39:34', '0000-00-00 00:00:00'),
(2523, 179, 2523, 'Kediri Kota', '2016-06-05 06:39:34', '0000-00-00 00:00:00'),
(2524, 179, 2524, 'Mojoroto', '2016-06-05 06:39:34', '0000-00-00 00:00:00'),
(2525, 179, 2525, 'Pesantren', '2016-06-05 06:39:34', '0000-00-00 00:00:00'),
(2526, 180, 2526, 'Arso', '2016-06-05 06:39:34', '0000-00-00 00:00:00'),
(2527, 180, 2527, 'Arso Timur', '2016-06-05 06:39:34', '0000-00-00 00:00:00'),
(2528, 180, 2528, 'Senggi', '2016-06-05 06:39:34', '0000-00-00 00:00:00'),
(2529, 180, 2529, 'Skamto (Skanto)', '2016-06-05 06:39:34', '0000-00-00 00:00:00'),
(2530, 180, 2530, 'Towe', '2016-06-05 06:39:34', '0000-00-00 00:00:00'),
(2531, 180, 2531, 'Waris', '2016-06-05 06:39:34', '0000-00-00 00:00:00'),
(2532, 180, 2532, 'Web', '2016-06-05 06:39:34', '0000-00-00 00:00:00'),
(2533, 181, 2533, 'Boja', '2016-06-05 06:39:34', '0000-00-00 00:00:00'),
(2534, 181, 2534, 'Brangsong', '2016-06-05 06:39:34', '0000-00-00 00:00:00'),
(2535, 181, 2535, 'Cepiring', '2016-06-05 06:39:34', '0000-00-00 00:00:00'),
(2536, 181, 2536, 'Gemuh', '2016-06-05 06:39:34', '0000-00-00 00:00:00'),
(2537, 181, 2537, 'Kaliwungu', '2016-06-05 06:39:34', '0000-00-00 00:00:00'),
(2538, 181, 2538, 'Kaliwungu Selatan', '2016-06-05 06:39:34', '0000-00-00 00:00:00'),
(2539, 181, 2539, 'Kangkung', '2016-06-05 06:39:34', '0000-00-00 00:00:00'),
(2540, 181, 2540, 'Kendal', '2016-06-05 06:39:34', '0000-00-00 00:00:00'),
(2541, 181, 2541, 'Limbangan', '2016-06-05 06:39:34', '0000-00-00 00:00:00'),
(2542, 181, 2542, 'Ngampel', '2016-06-05 06:39:34', '0000-00-00 00:00:00'),
(2543, 181, 2543, 'Pagerruyung', '2016-06-05 06:39:34', '0000-00-00 00:00:00'),
(2544, 181, 2544, 'Patean', '2016-06-05 06:39:34', '0000-00-00 00:00:00'),
(2545, 181, 2545, 'Patebon', '2016-06-05 06:39:34', '0000-00-00 00:00:00'),
(2546, 181, 2546, 'Pegandon', '2016-06-05 06:39:34', '0000-00-00 00:00:00'),
(2547, 181, 2547, 'Plantungan', '2016-06-05 06:39:34', '0000-00-00 00:00:00'),
(2548, 181, 2548, 'Ringinarum', '2016-06-05 06:39:34', '0000-00-00 00:00:00'),
(2549, 181, 2549, 'Rowosari', '2016-06-05 06:39:34', '0000-00-00 00:00:00'),
(2550, 181, 2550, 'Singorojo', '2016-06-05 06:39:34', '0000-00-00 00:00:00'),
(2551, 181, 2551, 'Sukorejo', '2016-06-05 06:39:34', '0000-00-00 00:00:00'),
(2552, 181, 2552, 'Weleri', '2016-06-05 06:39:34', '0000-00-00 00:00:00'),
(2553, 182, 2553, 'Abeli', '2016-06-05 06:39:34', '0000-00-00 00:00:00'),
(2554, 182, 2554, 'Baruga', '2016-06-05 06:39:34', '0000-00-00 00:00:00'),
(2555, 182, 2555, 'Kadia', '2016-06-05 06:39:34', '0000-00-00 00:00:00'),
(2556, 182, 2556, 'Kambu', '2016-06-05 06:39:34', '0000-00-00 00:00:00'),
(2557, 182, 2557, 'Kendari', '2016-06-05 06:39:34', '0000-00-00 00:00:00'),
(2558, 182, 2558, 'Kendari Barat', '2016-06-05 06:39:34', '0000-00-00 00:00:00'),
(2559, 182, 2559, 'Mandonga', '2016-06-05 06:39:34', '0000-00-00 00:00:00'),
(2560, 182, 2560, 'Poasia', '2016-06-05 06:39:34', '0000-00-00 00:00:00'),
(2561, 182, 2561, 'Puuwatu', '2016-06-05 06:39:34', '0000-00-00 00:00:00'),
(2562, 182, 2562, 'Wua-Wua', '2016-06-05 06:39:34', '0000-00-00 00:00:00'),
(2563, 183, 2563, 'Bermani Ilir', '2016-06-05 06:39:35', '0000-00-00 00:00:00'),
(2564, 183, 2564, 'Kebawetan (Kabawetan)', '2016-06-05 06:39:35', '0000-00-00 00:00:00'),
(2565, 183, 2565, 'Kepahiang', '2016-06-05 06:39:35', '0000-00-00 00:00:00'),
(2566, 183, 2566, 'Merigi', '2016-06-05 06:39:35', '0000-00-00 00:00:00'),
(2567, 183, 2567, 'Muara Kemumu', '2016-06-05 06:39:35', '0000-00-00 00:00:00'),
(2568, 183, 2568, 'Seberang Musi', '2016-06-05 06:39:35', '0000-00-00 00:00:00'),
(2569, 183, 2569, 'Tebat Karai', '2016-06-05 06:39:35', '0000-00-00 00:00:00'),
(2570, 183, 2570, 'Ujan Mas', '2016-06-05 06:39:35', '0000-00-00 00:00:00'),
(2571, 184, 2571, 'Jemaja', '2016-06-05 06:39:35', '0000-00-00 00:00:00'),
(2572, 184, 2572, 'Jemaja Timur', '2016-06-05 06:39:35', '0000-00-00 00:00:00'),
(2573, 184, 2573, 'Palmatak', '2016-06-05 06:39:35', '0000-00-00 00:00:00'),
(2574, 184, 2574, 'Siantan', '2016-06-05 06:39:35', '0000-00-00 00:00:00'),
(2575, 184, 2575, 'Siantan Selatan', '2016-06-05 06:39:35', '0000-00-00 00:00:00'),
(2576, 184, 2576, 'Siantan Tengah', '2016-06-05 06:39:35', '0000-00-00 00:00:00'),
(2577, 184, 2577, 'Siantan Timur', '2016-06-05 06:39:35', '0000-00-00 00:00:00'),
(2578, 185, 2578, 'Aru Selatan', '2016-06-05 06:39:35', '0000-00-00 00:00:00'),
(2579, 185, 2579, 'Aru Selatan Timur', '2016-06-05 06:39:35', '0000-00-00 00:00:00'),
(2580, 185, 2580, 'Aru Selatan Utara', '2016-06-05 06:39:35', '0000-00-00 00:00:00'),
(2581, 185, 2581, 'Aru Tengah', '2016-06-05 06:39:35', '0000-00-00 00:00:00'),
(2582, 185, 2582, 'Aru Tengah Selatan', '2016-06-05 06:39:35', '0000-00-00 00:00:00'),
(2583, 185, 2583, 'Aru Tengah Timur', '2016-06-05 06:39:35', '0000-00-00 00:00:00'),
(2584, 185, 2584, 'Aru Utara', '2016-06-05 06:39:35', '0000-00-00 00:00:00'),
(2585, 185, 2585, 'Aru Utara Timur Batuley', '2016-06-05 06:39:35', '0000-00-00 00:00:00'),
(2586, 185, 2586, 'Pulau-Pulau Aru', '2016-06-05 06:39:35', '0000-00-00 00:00:00'),
(2587, 185, 2587, 'Sir-Sir', '2016-06-05 06:39:35', '0000-00-00 00:00:00'),
(2588, 186, 2588, 'Pagai Selatan', '2016-06-05 06:39:35', '0000-00-00 00:00:00'),
(2589, 186, 2589, 'Pagai Utara', '2016-06-05 06:39:35', '0000-00-00 00:00:00'),
(2590, 186, 2590, 'Siberut Barat', '2016-06-05 06:39:35', '0000-00-00 00:00:00'),
(2591, 186, 2591, 'Siberut Barat Daya', '2016-06-05 06:39:35', '0000-00-00 00:00:00'),
(2592, 186, 2592, 'Siberut Selatan', '2016-06-05 06:39:35', '0000-00-00 00:00:00'),
(2593, 186, 2593, 'Siberut Tengah', '2016-06-05 06:39:35', '0000-00-00 00:00:00'),
(2594, 186, 2594, 'Siberut Utara', '2016-06-05 06:39:35', '0000-00-00 00:00:00'),
(2595, 186, 2595, 'Sikakap', '2016-06-05 06:39:35', '0000-00-00 00:00:00'),
(2596, 186, 2596, 'Sipora Selatan', '2016-06-05 06:39:35', '0000-00-00 00:00:00'),
(2597, 186, 2597, 'Sipora Utara', '2016-06-05 06:39:35', '0000-00-00 00:00:00'),
(2598, 187, 2598, 'Merbau', '2016-06-05 06:39:35', '0000-00-00 00:00:00'),
(2599, 187, 2599, 'Pulaumerbau', '2016-06-05 06:39:35', '0000-00-00 00:00:00'),
(2600, 187, 2600, 'Rangsang', '2016-06-05 06:39:35', '0000-00-00 00:00:00'),
(2601, 187, 2601, 'Rangsang Barat', '2016-06-05 06:39:35', '0000-00-00 00:00:00'),
(2602, 187, 2602, 'Rangsang Pesisir', '2016-06-05 06:39:35', '0000-00-00 00:00:00'),
(2603, 187, 2603, 'Tasik Putri Puyu', '2016-06-05 06:39:35', '0000-00-00 00:00:00'),
(2604, 187, 2604, 'Tebing Tinggi', '2016-06-05 06:39:35', '0000-00-00 00:00:00'),
(2605, 187, 2605, 'Tebing Tinggi Barat', '2016-06-05 06:39:35', '0000-00-00 00:00:00'),
(2606, 187, 2606, 'Tebing Tinggi Timur', '2016-06-05 06:39:35', '0000-00-00 00:00:00'),
(2607, 188, 2607, 'Kendahe', '2016-06-05 06:39:35', '0000-00-00 00:00:00'),
(2608, 188, 2608, 'Kepulauan Marore', '2016-06-05 06:39:35', '0000-00-00 00:00:00'),
(2609, 188, 2609, 'Manganitu', '2016-06-05 06:39:35', '0000-00-00 00:00:00'),
(2610, 188, 2610, 'Manganitu Selatan', '2016-06-05 06:39:35', '0000-00-00 00:00:00'),
(2611, 188, 2611, 'Nusa Tabukan', '2016-06-05 06:39:35', '0000-00-00 00:00:00'),
(2612, 188, 2612, 'Tabukan Selatan', '2016-06-05 06:39:35', '0000-00-00 00:00:00'),
(2613, 188, 2613, 'Tabukan Selatan Tengah', '2016-06-05 06:39:35', '0000-00-00 00:00:00'),
(2614, 188, 2614, 'Tabukan Selatan Tenggara', '2016-06-05 06:39:35', '0000-00-00 00:00:00'),
(2615, 188, 2615, 'Tabukan Tengah', '2016-06-05 06:39:35', '0000-00-00 00:00:00'),
(2616, 188, 2616, 'Tabukan Utara', '2016-06-05 06:39:35', '0000-00-00 00:00:00'),
(2617, 188, 2617, 'Tahuna', '2016-06-05 06:39:35', '0000-00-00 00:00:00'),
(2618, 188, 2618, 'Tahuna Barat', '2016-06-05 06:39:35', '0000-00-00 00:00:00'),
(2619, 188, 2619, 'Tahuna Timur', '2016-06-05 06:39:35', '0000-00-00 00:00:00'),
(2620, 188, 2620, 'Tamako', '2016-06-05 06:39:35', '0000-00-00 00:00:00'),
(2621, 188, 2621, 'Tatoareng', '2016-06-05 06:39:35', '0000-00-00 00:00:00'),
(2622, 189, 2622, 'Kepulauan Seribu Selatan', '2016-06-05 06:39:35', '0000-00-00 00:00:00'),
(2623, 189, 2623, 'Kepulauan Seribu Utara', '2016-06-05 06:39:35', '0000-00-00 00:00:00'),
(2624, 190, 2624, 'Biaro', '2016-06-05 06:39:35', '0000-00-00 00:00:00'),
(2625, 190, 2625, 'Siau Barat', '2016-06-05 06:39:35', '0000-00-00 00:00:00'),
(2626, 190, 2626, 'Siau Barat Selatan', '2016-06-05 06:39:35', '0000-00-00 00:00:00'),
(2627, 190, 2627, 'Siau Barat Utara', '2016-06-05 06:39:35', '0000-00-00 00:00:00'),
(2628, 190, 2628, 'Siau Tengah', '2016-06-05 06:39:35', '0000-00-00 00:00:00'),
(2629, 190, 2629, 'Siau Timur', '2016-06-05 06:39:35', '0000-00-00 00:00:00'),
(2630, 190, 2630, 'Siau Timur Selatan', '2016-06-05 06:39:35', '0000-00-00 00:00:00'),
(2631, 190, 2631, 'Tagulandang', '2016-06-05 06:39:35', '0000-00-00 00:00:00'),
(2632, 190, 2632, 'Tagulandang Selatan', '2016-06-05 06:39:35', '0000-00-00 00:00:00'),
(2633, 190, 2633, 'Tagulandang Utara', '2016-06-05 06:39:35', '0000-00-00 00:00:00'),
(2634, 191, 2634, 'Lede', '2016-06-05 06:39:35', '0000-00-00 00:00:00'),
(2635, 191, 2635, 'Mangoli Barat', '2016-06-05 06:39:35', '0000-00-00 00:00:00'),
(2636, 191, 2636, 'Mangoli Selatan', '2016-06-05 06:39:35', '0000-00-00 00:00:00'),
(2637, 191, 2637, 'Mangoli Tengah', '2016-06-05 06:39:35', '0000-00-00 00:00:00'),
(2638, 191, 2638, 'Mangoli Timur', '2016-06-05 06:39:35', '0000-00-00 00:00:00');
INSERT INTO `bkm_sub_district` (`id`, `city_id`, `sub_district_id`, `name`, `created_at`, `updated_at`) VALUES
(2639, 191, 2639, 'Mangoli Utara', '2016-06-05 06:39:35', '0000-00-00 00:00:00'),
(2640, 191, 2640, 'Mangoli Utara Timur', '2016-06-05 06:39:35', '0000-00-00 00:00:00'),
(2641, 191, 2641, 'Sanana', '2016-06-05 06:39:35', '0000-00-00 00:00:00'),
(2642, 191, 2642, 'Sanana Utara', '2016-06-05 06:39:35', '0000-00-00 00:00:00'),
(2643, 191, 2643, 'Sulabesi Barat', '2016-06-05 06:39:35', '0000-00-00 00:00:00'),
(2644, 191, 2644, 'Sulabesi Selatan', '2016-06-05 06:39:35', '0000-00-00 00:00:00'),
(2645, 191, 2645, 'Sulabesi Tengah', '2016-06-05 06:39:35', '0000-00-00 00:00:00'),
(2646, 191, 2646, 'Sulabesi Timur', '2016-06-05 06:39:35', '0000-00-00 00:00:00'),
(2647, 191, 2647, 'Taliabu Barat', '2016-06-05 06:39:35', '0000-00-00 00:00:00'),
(2648, 191, 2648, 'Taliabu Barat Laut', '2016-06-05 06:39:35', '0000-00-00 00:00:00'),
(2649, 191, 2649, 'Taliabu Selatan', '2016-06-05 06:39:35', '0000-00-00 00:00:00'),
(2650, 191, 2650, 'Taliabu Timur', '2016-06-05 06:39:35', '0000-00-00 00:00:00'),
(2651, 191, 2651, 'Taliabu Timur Selatan', '2016-06-05 06:39:35', '0000-00-00 00:00:00'),
(2652, 191, 2652, 'Taliabu Utara', '2016-06-05 06:39:35', '0000-00-00 00:00:00'),
(2653, 192, 2653, 'Beo', '2016-06-05 06:39:35', '0000-00-00 00:00:00'),
(2654, 192, 2654, 'Beo Selatan', '2016-06-05 06:39:35', '0000-00-00 00:00:00'),
(2655, 192, 2655, 'Beo Utara', '2016-06-05 06:39:35', '0000-00-00 00:00:00'),
(2656, 192, 2656, 'Damao (Damau)', '2016-06-05 06:39:35', '0000-00-00 00:00:00'),
(2657, 192, 2657, 'Essang', '2016-06-05 06:39:35', '0000-00-00 00:00:00'),
(2658, 192, 2658, 'Essang Selatan', '2016-06-05 06:39:35', '0000-00-00 00:00:00'),
(2659, 192, 2659, 'Gemeh', '2016-06-05 06:39:35', '0000-00-00 00:00:00'),
(2660, 192, 2660, 'Kabaruan', '2016-06-05 06:39:35', '0000-00-00 00:00:00'),
(2661, 192, 2661, 'Kalongan', '2016-06-05 06:39:35', '0000-00-00 00:00:00'),
(2662, 192, 2662, 'Lirung', '2016-06-05 06:39:35', '0000-00-00 00:00:00'),
(2663, 192, 2663, 'Melonguane', '2016-06-05 06:39:35', '0000-00-00 00:00:00'),
(2664, 192, 2664, 'Melonguane Timur', '2016-06-05 06:39:35', '0000-00-00 00:00:00'),
(2665, 192, 2665, 'Miangas', '2016-06-05 06:39:35', '0000-00-00 00:00:00'),
(2666, 192, 2666, 'Moronge', '2016-06-05 06:39:35', '0000-00-00 00:00:00'),
(2667, 192, 2667, 'Nanusa', '2016-06-05 06:39:35', '0000-00-00 00:00:00'),
(2668, 192, 2668, 'Pulutan', '2016-06-05 06:39:35', '0000-00-00 00:00:00'),
(2669, 192, 2669, 'Rainis', '2016-06-05 06:39:35', '0000-00-00 00:00:00'),
(2670, 192, 2670, 'Salibabu', '2016-06-05 06:39:35', '0000-00-00 00:00:00'),
(2671, 192, 2671, 'Tampan Amma', '2016-06-05 06:39:35', '0000-00-00 00:00:00'),
(2672, 193, 2672, 'Angkaisera', '2016-06-05 06:39:35', '0000-00-00 00:00:00'),
(2673, 193, 2673, 'Kepulauan Ambai', '2016-06-05 06:39:35', '0000-00-00 00:00:00'),
(2674, 193, 2674, 'Kosiwo', '2016-06-05 06:39:35', '0000-00-00 00:00:00'),
(2675, 193, 2675, 'Poom', '2016-06-05 06:39:35', '0000-00-00 00:00:00'),
(2676, 193, 2676, 'Pulau Kurudu', '2016-06-05 06:39:35', '0000-00-00 00:00:00'),
(2677, 193, 2677, 'Pulau Yerui', '2016-06-05 06:39:35', '0000-00-00 00:00:00'),
(2678, 193, 2678, 'Raimbawi', '2016-06-05 06:39:35', '0000-00-00 00:00:00'),
(2679, 193, 2679, 'Teluk Ampimoi', '2016-06-05 06:39:35', '0000-00-00 00:00:00'),
(2680, 193, 2680, 'Windesi', '2016-06-05 06:39:35', '0000-00-00 00:00:00'),
(2681, 193, 2681, 'Wonawa', '2016-06-05 06:39:35', '0000-00-00 00:00:00'),
(2682, 193, 2682, 'Yapen Barat', '2016-06-05 06:39:35', '0000-00-00 00:00:00'),
(2683, 193, 2683, 'Yapen Selatan', '2016-06-05 06:39:35', '0000-00-00 00:00:00'),
(2684, 193, 2684, 'Yapen Timur', '2016-06-05 06:39:35', '0000-00-00 00:00:00'),
(2685, 193, 2685, 'Yapen Utara', '2016-06-05 06:39:35', '0000-00-00 00:00:00'),
(2686, 194, 2686, 'Air Hangat', '2016-06-05 06:39:35', '0000-00-00 00:00:00'),
(2687, 194, 2687, 'Air Hangat Barat', '2016-06-05 06:39:35', '0000-00-00 00:00:00'),
(2688, 194, 2688, 'Air Hangat Timur', '2016-06-05 06:39:35', '0000-00-00 00:00:00'),
(2689, 194, 2689, 'Batang Merangin', '2016-06-05 06:39:35', '0000-00-00 00:00:00'),
(2690, 194, 2690, 'Bukitkerman', '2016-06-05 06:39:35', '0000-00-00 00:00:00'),
(2691, 194, 2691, 'Danau Kerinci', '2016-06-05 06:39:35', '0000-00-00 00:00:00'),
(2692, 194, 2692, 'Depati Tujuh', '2016-06-05 06:39:35', '0000-00-00 00:00:00'),
(2693, 194, 2693, 'Gunung Kerinci', '2016-06-05 06:39:35', '0000-00-00 00:00:00'),
(2694, 194, 2694, 'Gunung Raya', '2016-06-05 06:39:35', '0000-00-00 00:00:00'),
(2695, 194, 2695, 'Gunung Tujuh', '2016-06-05 06:39:35', '0000-00-00 00:00:00'),
(2696, 194, 2696, 'Kayu Aro', '2016-06-05 06:39:35', '0000-00-00 00:00:00'),
(2697, 194, 2697, 'Kayu Aro Barat', '2016-06-05 06:39:35', '0000-00-00 00:00:00'),
(2698, 194, 2698, 'Keliling Danau', '2016-06-05 06:39:35', '0000-00-00 00:00:00'),
(2699, 194, 2699, 'Sitinjau Laut', '2016-06-05 06:39:35', '0000-00-00 00:00:00'),
(2700, 194, 2700, 'Siulak', '2016-06-05 06:39:35', '0000-00-00 00:00:00'),
(2701, 194, 2701, 'Siulak Mukai', '2016-06-05 06:39:35', '0000-00-00 00:00:00'),
(2702, 195, 2702, 'Air Upas', '2016-06-05 06:39:36', '0000-00-00 00:00:00'),
(2703, 195, 2703, 'Benua Kayong', '2016-06-05 06:39:36', '0000-00-00 00:00:00'),
(2704, 195, 2704, 'Delta Pawan', '2016-06-05 06:39:36', '0000-00-00 00:00:00'),
(2705, 195, 2705, 'Hulu Sungai', '2016-06-05 06:39:36', '0000-00-00 00:00:00'),
(2706, 195, 2706, 'Jelai Hulu', '2016-06-05 06:39:36', '0000-00-00 00:00:00'),
(2707, 195, 2707, 'Kendawangan', '2016-06-05 06:39:36', '0000-00-00 00:00:00'),
(2708, 195, 2708, 'Manis Mata', '2016-06-05 06:39:36', '0000-00-00 00:00:00'),
(2709, 195, 2709, 'Marau', '2016-06-05 06:39:36', '0000-00-00 00:00:00'),
(2710, 195, 2710, 'Matan Hilir Selatan', '2016-06-05 06:39:36', '0000-00-00 00:00:00'),
(2711, 195, 2711, 'Matan Hilir Utara', '2016-06-05 06:39:36', '0000-00-00 00:00:00'),
(2712, 195, 2712, 'Muara Pawan', '2016-06-05 06:39:36', '0000-00-00 00:00:00'),
(2713, 195, 2713, 'Nanga Tayap', '2016-06-05 06:39:36', '0000-00-00 00:00:00'),
(2714, 195, 2714, 'Pemahan', '2016-06-05 06:39:36', '0000-00-00 00:00:00'),
(2715, 195, 2715, 'Sandai', '2016-06-05 06:39:36', '0000-00-00 00:00:00'),
(2716, 195, 2716, 'Simpang Dua', '2016-06-05 06:39:36', '0000-00-00 00:00:00'),
(2717, 195, 2717, 'Simpang Hulu', '2016-06-05 06:39:36', '0000-00-00 00:00:00'),
(2718, 195, 2718, 'Singkup', '2016-06-05 06:39:36', '0000-00-00 00:00:00'),
(2719, 195, 2719, 'Sungai Laur', '2016-06-05 06:39:36', '0000-00-00 00:00:00'),
(2720, 195, 2720, 'Sungai Melayu Rayak', '2016-06-05 06:39:36', '0000-00-00 00:00:00'),
(2721, 195, 2721, 'Tumbang Titi', '2016-06-05 06:39:36', '0000-00-00 00:00:00'),
(2722, 196, 2722, 'Bayat', '2016-06-05 06:39:36', '0000-00-00 00:00:00'),
(2723, 196, 2723, 'Cawas', '2016-06-05 06:39:36', '0000-00-00 00:00:00'),
(2724, 196, 2724, 'Ceper', '2016-06-05 06:39:36', '0000-00-00 00:00:00'),
(2725, 196, 2725, 'Delanggu', '2016-06-05 06:39:36', '0000-00-00 00:00:00'),
(2726, 196, 2726, 'Gantiwarno', '2016-06-05 06:39:36', '0000-00-00 00:00:00'),
(2727, 196, 2727, 'Jatinom', '2016-06-05 06:39:36', '0000-00-00 00:00:00'),
(2728, 196, 2728, 'Jogonalan', '2016-06-05 06:39:36', '0000-00-00 00:00:00'),
(2729, 196, 2729, 'Juwiring', '2016-06-05 06:39:36', '0000-00-00 00:00:00'),
(2730, 196, 2730, 'Kalikotes', '2016-06-05 06:39:36', '0000-00-00 00:00:00'),
(2731, 196, 2731, 'Karanganom', '2016-06-05 06:39:36', '0000-00-00 00:00:00'),
(2732, 196, 2732, 'Karangdowo', '2016-06-05 06:39:36', '0000-00-00 00:00:00'),
(2733, 196, 2733, 'Karangnongko', '2016-06-05 06:39:36', '0000-00-00 00:00:00'),
(2734, 196, 2734, 'Kebonarum', '2016-06-05 06:39:36', '0000-00-00 00:00:00'),
(2735, 196, 2735, 'Kemalang', '2016-06-05 06:39:36', '0000-00-00 00:00:00'),
(2736, 196, 2736, 'Klaten Selatan', '2016-06-05 06:39:36', '0000-00-00 00:00:00'),
(2737, 196, 2737, 'Klaten Tengah', '2016-06-05 06:39:36', '0000-00-00 00:00:00'),
(2738, 196, 2738, 'Klaten Utara', '2016-06-05 06:39:36', '0000-00-00 00:00:00'),
(2739, 196, 2739, 'Manisrenggo', '2016-06-05 06:39:36', '0000-00-00 00:00:00'),
(2740, 196, 2740, 'Ngawen', '2016-06-05 06:39:36', '0000-00-00 00:00:00'),
(2741, 196, 2741, 'Pedan', '2016-06-05 06:39:36', '0000-00-00 00:00:00'),
(2742, 196, 2742, 'Polanharjo', '2016-06-05 06:39:36', '0000-00-00 00:00:00'),
(2743, 196, 2743, 'Prambanan', '2016-06-05 06:39:36', '0000-00-00 00:00:00'),
(2744, 196, 2744, 'Trucuk', '2016-06-05 06:39:36', '0000-00-00 00:00:00'),
(2745, 196, 2745, 'Tulung', '2016-06-05 06:39:36', '0000-00-00 00:00:00'),
(2746, 196, 2746, 'Wedi', '2016-06-05 06:39:36', '0000-00-00 00:00:00'),
(2747, 196, 2747, 'Wonosari', '2016-06-05 06:39:36', '0000-00-00 00:00:00'),
(2748, 197, 2748, 'Banjarangkan', '2016-06-05 06:39:36', '0000-00-00 00:00:00'),
(2749, 197, 2749, 'Dawan', '2016-06-05 06:39:36', '0000-00-00 00:00:00'),
(2750, 197, 2750, 'Klungkung', '2016-06-05 06:39:36', '0000-00-00 00:00:00'),
(2751, 197, 2751, 'Nusapenida', '2016-06-05 06:39:36', '0000-00-00 00:00:00'),
(2752, 198, 2752, 'Baula', '2016-06-05 06:39:36', '0000-00-00 00:00:00'),
(2753, 198, 2753, 'Kolaka', '2016-06-05 06:39:36', '0000-00-00 00:00:00'),
(2754, 198, 2754, 'Ladongi', '2016-06-05 06:39:36', '0000-00-00 00:00:00'),
(2755, 198, 2755, 'Lalolae', '2016-06-05 06:39:36', '0000-00-00 00:00:00'),
(2756, 198, 2756, 'Lambandia (Lambadia)', '2016-06-05 06:39:36', '0000-00-00 00:00:00'),
(2757, 198, 2757, 'Latambaga', '2016-06-05 06:39:36', '0000-00-00 00:00:00'),
(2758, 198, 2758, 'Loea', '2016-06-05 06:39:36', '0000-00-00 00:00:00'),
(2759, 198, 2759, 'Mowewe', '2016-06-05 06:39:36', '0000-00-00 00:00:00'),
(2760, 198, 2760, 'Poli Polia', '2016-06-05 06:39:36', '0000-00-00 00:00:00'),
(2761, 198, 2761, 'Polinggona', '2016-06-05 06:39:36', '0000-00-00 00:00:00'),
(2762, 198, 2762, 'Pomalaa', '2016-06-05 06:39:36', '0000-00-00 00:00:00'),
(2763, 198, 2763, 'Samaturu', '2016-06-05 06:39:36', '0000-00-00 00:00:00'),
(2764, 198, 2764, 'Tanggetada', '2016-06-05 06:39:36', '0000-00-00 00:00:00'),
(2765, 198, 2765, 'Tinondo', '2016-06-05 06:39:36', '0000-00-00 00:00:00'),
(2766, 198, 2766, 'Tirawuta', '2016-06-05 06:39:36', '0000-00-00 00:00:00'),
(2767, 198, 2767, 'Toari', '2016-06-05 06:39:36', '0000-00-00 00:00:00'),
(2768, 198, 2768, 'Uluiwoi', '2016-06-05 06:39:36', '0000-00-00 00:00:00'),
(2769, 198, 2769, 'Watumbangga (Watubanggo)', '2016-06-05 06:39:36', '0000-00-00 00:00:00'),
(2770, 198, 2770, 'Wolo', '2016-06-05 06:39:36', '0000-00-00 00:00:00'),
(2771, 198, 2771, 'Wundulako', '2016-06-05 06:39:36', '0000-00-00 00:00:00'),
(2772, 199, 2772, 'Batu Putih', '2016-06-05 06:39:36', '0000-00-00 00:00:00'),
(2773, 199, 2773, 'Katoi', '2016-06-05 06:39:36', '0000-00-00 00:00:00'),
(2774, 199, 2774, 'Kodeoha', '2016-06-05 06:39:36', '0000-00-00 00:00:00'),
(2775, 199, 2775, 'Lasusua', '2016-06-05 06:39:36', '0000-00-00 00:00:00'),
(2776, 199, 2776, 'Lombai (Lambai)', '2016-06-05 06:39:36', '0000-00-00 00:00:00'),
(2777, 199, 2777, 'Ngapa', '2016-06-05 06:39:36', '0000-00-00 00:00:00'),
(2778, 199, 2778, 'Pakue', '2016-06-05 06:39:36', '0000-00-00 00:00:00'),
(2779, 199, 2779, 'Pakue Tengah', '2016-06-05 06:39:36', '0000-00-00 00:00:00'),
(2780, 199, 2780, 'Pakue Utara', '2016-06-05 06:39:36', '0000-00-00 00:00:00'),
(2781, 199, 2781, 'Porehu', '2016-06-05 06:39:36', '0000-00-00 00:00:00'),
(2782, 199, 2782, 'Ranteangin', '2016-06-05 06:39:36', '0000-00-00 00:00:00'),
(2783, 199, 2783, 'Tiwu', '2016-06-05 06:39:36', '0000-00-00 00:00:00'),
(2784, 199, 2784, 'Tolala', '2016-06-05 06:39:36', '0000-00-00 00:00:00'),
(2785, 199, 2785, 'Watunohu', '2016-06-05 06:39:36', '0000-00-00 00:00:00'),
(2786, 199, 2786, 'Wawo', '2016-06-05 06:39:36', '0000-00-00 00:00:00'),
(2787, 200, 2787, 'Abuki', '2016-06-05 06:41:01', '0000-00-00 00:00:00'),
(2788, 200, 2788, 'Amonggedo', '2016-06-05 06:41:01', '0000-00-00 00:00:00'),
(2789, 200, 2789, 'Anggaberi', '2016-06-05 06:41:01', '0000-00-00 00:00:00'),
(2790, 200, 2790, 'Asinua', '2016-06-05 06:41:01', '0000-00-00 00:00:00'),
(2791, 200, 2791, 'Besulutu', '2016-06-05 06:41:01', '0000-00-00 00:00:00'),
(2792, 200, 2792, 'Bondoala', '2016-06-05 06:41:01', '0000-00-00 00:00:00'),
(2793, 200, 2793, 'Kapoiala (Kapoyala)', '2016-06-05 06:41:01', '0000-00-00 00:00:00'),
(2794, 200, 2794, 'Konawe', '2016-06-05 06:41:01', '0000-00-00 00:00:00'),
(2795, 200, 2795, 'Lalonggasumeeto', '2016-06-05 06:41:01', '0000-00-00 00:00:00'),
(2796, 200, 2796, 'Lambuya', '2016-06-05 06:41:01', '0000-00-00 00:00:00'),
(2797, 200, 2797, 'Latoma', '2016-06-05 06:41:01', '0000-00-00 00:00:00'),
(2798, 200, 2798, 'Meluhu', '2016-06-05 06:41:01', '0000-00-00 00:00:00'),
(2799, 200, 2799, 'Onembute', '2016-06-05 06:41:01', '0000-00-00 00:00:00'),
(2800, 200, 2800, 'Pondidaha', '2016-06-05 06:41:01', '0000-00-00 00:00:00'),
(2801, 200, 2801, 'Puriala', '2016-06-05 06:41:01', '0000-00-00 00:00:00'),
(2802, 200, 2802, 'Routa', '2016-06-05 06:41:01', '0000-00-00 00:00:00'),
(2803, 200, 2803, 'Sampara', '2016-06-05 06:41:01', '0000-00-00 00:00:00'),
(2804, 200, 2804, 'Soropia', '2016-06-05 06:41:01', '0000-00-00 00:00:00'),
(2805, 200, 2805, 'Tongauna', '2016-06-05 06:41:01', '0000-00-00 00:00:00'),
(2806, 200, 2806, 'Uepai (Uwepai)', '2016-06-05 06:41:01', '0000-00-00 00:00:00'),
(2807, 200, 2807, 'Unaaha', '2016-06-05 06:41:01', '0000-00-00 00:00:00'),
(2808, 200, 2808, 'Wawonii Barat', '2016-06-05 06:41:01', '0000-00-00 00:00:00'),
(2809, 200, 2809, 'Wawonii Selatan', '2016-06-05 06:41:01', '0000-00-00 00:00:00'),
(2810, 200, 2810, 'Wawonii Tengah', '2016-06-05 06:41:01', '0000-00-00 00:00:00'),
(2811, 200, 2811, 'Wawonii Tenggara', '2016-06-05 06:41:01', '0000-00-00 00:00:00'),
(2812, 200, 2812, 'Wawonii Timur', '2016-06-05 06:41:01', '0000-00-00 00:00:00'),
(2813, 200, 2813, 'Wawonii Timur Laut', '2016-06-05 06:41:01', '0000-00-00 00:00:00'),
(2814, 200, 2814, 'Wawonii Utara', '2016-06-05 06:41:01', '0000-00-00 00:00:00'),
(2815, 200, 2815, 'Wawotobi', '2016-06-05 06:41:01', '0000-00-00 00:00:00'),
(2816, 200, 2816, 'Wonggeduku', '2016-06-05 06:41:01', '0000-00-00 00:00:00'),
(2817, 201, 2817, 'Andoolo', '2016-06-05 06:41:01', '0000-00-00 00:00:00'),
(2818, 201, 2818, 'Angata', '2016-06-05 06:41:01', '0000-00-00 00:00:00'),
(2819, 201, 2819, 'Baito', '2016-06-05 06:41:01', '0000-00-00 00:00:00'),
(2820, 201, 2820, 'Basala', '2016-06-05 06:41:01', '0000-00-00 00:00:00'),
(2821, 201, 2821, 'Benua', '2016-06-05 06:41:01', '0000-00-00 00:00:00'),
(2822, 201, 2822, 'Buke', '2016-06-05 06:41:01', '0000-00-00 00:00:00'),
(2823, 201, 2823, 'Kolono', '2016-06-05 06:41:01', '0000-00-00 00:00:00'),
(2824, 201, 2824, 'Konda', '2016-06-05 06:41:01', '0000-00-00 00:00:00'),
(2825, 201, 2825, 'Laeya', '2016-06-05 06:41:01', '0000-00-00 00:00:00'),
(2826, 201, 2826, 'Lainea', '2016-06-05 06:41:01', '0000-00-00 00:00:00'),
(2827, 201, 2827, 'Lalembuu / Lalumbuu', '2016-06-05 06:41:01', '0000-00-00 00:00:00'),
(2828, 201, 2828, 'Landono', '2016-06-05 06:41:01', '0000-00-00 00:00:00'),
(2829, 201, 2829, 'Laonti', '2016-06-05 06:41:01', '0000-00-00 00:00:00'),
(2830, 201, 2830, 'Moramo', '2016-06-05 06:41:01', '0000-00-00 00:00:00'),
(2831, 201, 2831, 'Moramo Utara', '2016-06-05 06:41:01', '0000-00-00 00:00:00'),
(2832, 201, 2832, 'Mowila', '2016-06-05 06:41:01', '0000-00-00 00:00:00'),
(2833, 201, 2833, 'Palangga', '2016-06-05 06:41:01', '0000-00-00 00:00:00'),
(2834, 201, 2834, 'Palangga Selatan', '2016-06-05 06:41:01', '0000-00-00 00:00:00'),
(2835, 201, 2835, 'Ranomeeto', '2016-06-05 06:41:01', '0000-00-00 00:00:00'),
(2836, 201, 2836, 'Ranomeeto Barat', '2016-06-05 06:41:01', '0000-00-00 00:00:00'),
(2837, 201, 2837, 'Tinanggea', '2016-06-05 06:41:01', '0000-00-00 00:00:00'),
(2838, 201, 2838, 'Wolasi', '2016-06-05 06:41:01', '0000-00-00 00:00:00'),
(2839, 202, 2839, 'Andowia', '2016-06-05 06:41:01', '0000-00-00 00:00:00'),
(2840, 202, 2840, 'Asera', '2016-06-05 06:41:01', '0000-00-00 00:00:00'),
(2841, 202, 2841, 'Langgikima', '2016-06-05 06:41:01', '0000-00-00 00:00:00'),
(2842, 202, 2842, 'Lasolo', '2016-06-05 06:41:01', '0000-00-00 00:00:00'),
(2843, 202, 2843, 'Lembo', '2016-06-05 06:41:01', '0000-00-00 00:00:00'),
(2844, 202, 2844, 'Molawe', '2016-06-05 06:41:01', '0000-00-00 00:00:00'),
(2845, 202, 2845, 'Motui', '2016-06-05 06:41:01', '0000-00-00 00:00:00'),
(2846, 202, 2846, 'Oheo', '2016-06-05 06:41:01', '0000-00-00 00:00:00'),
(2847, 202, 2847, 'Sawa', '2016-06-05 06:41:01', '0000-00-00 00:00:00'),
(2848, 202, 2848, 'Wiwirano', '2016-06-05 06:41:01', '0000-00-00 00:00:00'),
(2849, 203, 2849, 'Hampang', '2016-06-05 06:41:01', '0000-00-00 00:00:00'),
(2850, 203, 2850, 'Kelumpang Barat', '2016-06-05 06:41:01', '0000-00-00 00:00:00'),
(2851, 203, 2851, 'Kelumpang Hilir', '2016-06-05 06:41:01', '0000-00-00 00:00:00'),
(2852, 203, 2852, 'Kelumpang Hulu', '2016-06-05 06:41:01', '0000-00-00 00:00:00'),
(2853, 203, 2853, 'Kelumpang Selatan', '2016-06-05 06:41:01', '0000-00-00 00:00:00'),
(2854, 203, 2854, 'Kelumpang Tengah', '2016-06-05 06:41:01', '0000-00-00 00:00:00'),
(2855, 203, 2855, 'Kelumpang Utara', '2016-06-05 06:41:01', '0000-00-00 00:00:00'),
(2856, 203, 2856, 'Pamukan Barat', '2016-06-05 06:41:01', '0000-00-00 00:00:00'),
(2857, 203, 2857, 'Pamukan Selatan', '2016-06-05 06:41:01', '0000-00-00 00:00:00'),
(2858, 203, 2858, 'Pamukan Utara', '2016-06-05 06:41:01', '0000-00-00 00:00:00'),
(2859, 203, 2859, 'Pulau Laut Barat', '2016-06-05 06:41:01', '0000-00-00 00:00:00'),
(2860, 203, 2860, 'Pulau Laut Kepulauan', '2016-06-05 06:41:01', '0000-00-00 00:00:00'),
(2861, 203, 2861, 'Pulau Laut Selatan', '2016-06-05 06:41:01', '0000-00-00 00:00:00'),
(2862, 203, 2862, 'Pulau Laut Tanjung Selayar', '2016-06-05 06:41:01', '0000-00-00 00:00:00'),
(2863, 203, 2863, 'Pulau Laut Tengah', '2016-06-05 06:41:01', '0000-00-00 00:00:00'),
(2864, 203, 2864, 'Pulau Laut Timur', '2016-06-05 06:41:01', '0000-00-00 00:00:00'),
(2865, 203, 2865, 'Pulau Laut Utara', '2016-06-05 06:41:01', '0000-00-00 00:00:00'),
(2866, 203, 2866, 'Pulau Sebuku', '2016-06-05 06:41:01', '0000-00-00 00:00:00'),
(2867, 203, 2867, 'Pulau Sembilan', '2016-06-05 06:41:01', '0000-00-00 00:00:00'),
(2868, 203, 2868, 'Sampanahan', '2016-06-05 06:41:01', '0000-00-00 00:00:00'),
(2869, 203, 2869, 'Sungai Durian', '2016-06-05 06:41:01', '0000-00-00 00:00:00'),
(2870, 204, 2870, 'Kotamobagu Barat', '2016-06-05 06:41:01', '0000-00-00 00:00:00'),
(2871, 204, 2871, 'Kotamobagu Selatan', '2016-06-05 06:41:01', '0000-00-00 00:00:00'),
(2872, 204, 2872, 'Kotamobagu Timur', '2016-06-05 06:41:01', '0000-00-00 00:00:00'),
(2873, 204, 2873, 'Kotamobagu Utara', '2016-06-05 06:41:01', '0000-00-00 00:00:00'),
(2874, 205, 2874, 'Arut Selatan', '2016-06-05 06:41:01', '0000-00-00 00:00:00'),
(2875, 205, 2875, 'Arut Utara', '2016-06-05 06:41:01', '0000-00-00 00:00:00'),
(2876, 205, 2876, 'Kotawaringin Lama', '2016-06-05 06:41:01', '0000-00-00 00:00:00'),
(2877, 205, 2877, 'Kumai', '2016-06-05 06:41:01', '0000-00-00 00:00:00'),
(2878, 205, 2878, 'Pangkalan Banteng', '2016-06-05 06:41:01', '0000-00-00 00:00:00'),
(2879, 205, 2879, 'Pangkalan Lada', '2016-06-05 06:41:01', '0000-00-00 00:00:00'),
(2880, 206, 2880, 'Antang Kalang', '2016-06-05 06:41:01', '0000-00-00 00:00:00'),
(2881, 206, 2881, 'Baamang', '2016-06-05 06:41:01', '0000-00-00 00:00:00'),
(2882, 206, 2882, 'Bukit Santuei', '2016-06-05 06:41:01', '0000-00-00 00:00:00'),
(2883, 206, 2883, 'Cempaga', '2016-06-05 06:41:01', '0000-00-00 00:00:00'),
(2884, 206, 2884, 'Cempaga Hulu', '2016-06-05 06:41:01', '0000-00-00 00:00:00'),
(2885, 206, 2885, 'Kota Besi', '2016-06-05 06:41:01', '0000-00-00 00:00:00'),
(2886, 206, 2886, 'Mentawa Baru (Ketapang)', '2016-06-05 06:41:01', '0000-00-00 00:00:00'),
(2887, 206, 2887, 'Mentaya Hilir Selatan', '2016-06-05 06:41:01', '0000-00-00 00:00:00'),
(2888, 206, 2888, 'Mentaya Hilir Utara', '2016-06-05 06:41:01', '0000-00-00 00:00:00'),
(2889, 206, 2889, 'Mentaya Hulu', '2016-06-05 06:41:01', '0000-00-00 00:00:00'),
(2890, 206, 2890, 'Parenggean', '2016-06-05 06:41:01', '0000-00-00 00:00:00'),
(2891, 206, 2891, 'Pulau Hanaut', '2016-06-05 06:41:01', '0000-00-00 00:00:00'),
(2892, 206, 2892, 'Seranau', '2016-06-05 06:41:01', '0000-00-00 00:00:00'),
(2893, 206, 2893, 'Telaga Antang', '2016-06-05 06:41:01', '0000-00-00 00:00:00'),
(2894, 206, 2894, 'Telawang', '2016-06-05 06:41:01', '0000-00-00 00:00:00'),
(2895, 206, 2895, 'Teluk Sampit', '2016-06-05 06:41:01', '0000-00-00 00:00:00'),
(2896, 206, 2896, 'Tualan Hulu', '2016-06-05 06:41:01', '0000-00-00 00:00:00'),
(2897, 207, 2897, 'Benai', '2016-06-05 06:41:01', '0000-00-00 00:00:00'),
(2898, 207, 2898, 'Cerenti', '2016-06-05 06:41:01', '0000-00-00 00:00:00'),
(2899, 207, 2899, 'Gunung Toar', '2016-06-05 06:41:01', '0000-00-00 00:00:00'),
(2900, 207, 2900, 'Hulu Kuantan', '2016-06-05 06:41:01', '0000-00-00 00:00:00'),
(2901, 207, 2901, 'Inuman', '2016-06-05 06:41:01', '0000-00-00 00:00:00'),
(2902, 207, 2902, 'Kuantan Hilir', '2016-06-05 06:41:01', '0000-00-00 00:00:00'),
(2903, 207, 2903, 'Kuantan Hilir Seberang', '2016-06-05 06:41:01', '0000-00-00 00:00:00'),
(2904, 207, 2904, 'Kuantan Mudik', '2016-06-05 06:41:01', '0000-00-00 00:00:00'),
(2905, 207, 2905, 'Kuantan Tengah', '2016-06-05 06:41:01', '0000-00-00 00:00:00'),
(2906, 207, 2906, 'Logas Tanah Darat', '2016-06-05 06:41:01', '0000-00-00 00:00:00'),
(2907, 207, 2907, 'Pangean', '2016-06-05 06:41:01', '0000-00-00 00:00:00'),
(2908, 207, 2908, 'Pucuk Rantau', '2016-06-05 06:41:01', '0000-00-00 00:00:00'),
(2909, 207, 2909, 'Sentajo Raya', '2016-06-05 06:41:01', '0000-00-00 00:00:00'),
(2910, 207, 2910, 'Singingi', '2016-06-05 06:41:01', '0000-00-00 00:00:00'),
(2911, 207, 2911, 'Singingi Hilir', '2016-06-05 06:41:01', '0000-00-00 00:00:00'),
(2912, 208, 2912, 'Batu Ampar', '2016-06-05 06:41:01', '0000-00-00 00:00:00'),
(2913, 208, 2913, 'Kuala Mandor-B', '2016-06-05 06:41:01', '0000-00-00 00:00:00'),
(2914, 208, 2914, 'Kubu', '2016-06-05 06:41:01', '0000-00-00 00:00:00'),
(2915, 208, 2915, 'Rasau Jaya', '2016-06-05 06:41:01', '0000-00-00 00:00:00'),
(2916, 208, 2916, 'Sei/Sungai Ambawang', '2016-06-05 06:41:01', '0000-00-00 00:00:00'),
(2917, 208, 2917, 'Sei/Sungai Kakap', '2016-06-05 06:41:01', '0000-00-00 00:00:00'),
(2918, 208, 2918, 'Sei/Sungai Raya', '2016-06-05 06:41:01', '0000-00-00 00:00:00'),
(2919, 208, 2919, 'Teluk/Telok Pakedai', '2016-06-05 06:41:01', '0000-00-00 00:00:00'),
(2920, 208, 2920, 'Terentang', '2016-06-05 06:41:01', '0000-00-00 00:00:00'),
(2921, 209, 2921, 'Bae', '2016-06-05 06:41:01', '0000-00-00 00:00:00'),
(2922, 209, 2922, 'Dawe', '2016-06-05 06:41:01', '0000-00-00 00:00:00'),
(2923, 209, 2923, 'Gebog', '2016-06-05 06:41:01', '0000-00-00 00:00:00'),
(2924, 209, 2924, 'Jati', '2016-06-05 06:41:01', '0000-00-00 00:00:00'),
(2925, 209, 2925, 'Jekulo', '2016-06-05 06:41:01', '0000-00-00 00:00:00'),
(2926, 209, 2926, 'Kaliwungu', '2016-06-05 06:41:01', '0000-00-00 00:00:00'),
(2927, 209, 2927, 'Kudus Kota', '2016-06-05 06:41:01', '0000-00-00 00:00:00'),
(2928, 209, 2928, 'Mejobo', '2016-06-05 06:41:01', '0000-00-00 00:00:00'),
(2929, 209, 2929, 'Undaan', '2016-06-05 06:41:01', '0000-00-00 00:00:00'),
(2930, 210, 2930, 'Galur', '2016-06-05 06:41:02', '0000-00-00 00:00:00'),
(2931, 210, 2931, 'Girimulyo', '2016-06-05 06:41:02', '0000-00-00 00:00:00'),
(2932, 210, 2932, 'Kalibawang', '2016-06-05 06:41:02', '0000-00-00 00:00:00'),
(2933, 210, 2933, 'Kokap', '2016-06-05 06:41:02', '0000-00-00 00:00:00'),
(2934, 210, 2934, 'Lendah', '2016-06-05 06:41:02', '0000-00-00 00:00:00'),
(2935, 210, 2935, 'Nanggulan', '2016-06-05 06:41:02', '0000-00-00 00:00:00'),
(2936, 210, 2936, 'Panjatan', '2016-06-05 06:41:02', '0000-00-00 00:00:00'),
(2937, 210, 2937, 'Pengasih', '2016-06-05 06:41:02', '0000-00-00 00:00:00'),
(2938, 210, 2938, 'Samigaluh', '2016-06-05 06:41:02', '0000-00-00 00:00:00'),
(2939, 210, 2939, 'Sentolo', '2016-06-05 06:41:02', '0000-00-00 00:00:00'),
(2940, 210, 2940, 'Temon', '2016-06-05 06:41:02', '0000-00-00 00:00:00'),
(2941, 210, 2941, 'Wates', '2016-06-05 06:41:02', '0000-00-00 00:00:00'),
(2942, 211, 2942, 'Ciawigebang', '2016-06-05 06:41:02', '0000-00-00 00:00:00'),
(2943, 211, 2943, 'Cibeureum', '2016-06-05 06:41:02', '0000-00-00 00:00:00'),
(2944, 211, 2944, 'Cibingbin', '2016-06-05 06:41:02', '0000-00-00 00:00:00'),
(2945, 211, 2945, 'Cidahu', '2016-06-05 06:41:02', '0000-00-00 00:00:00'),
(2946, 211, 2946, 'Cigandamekar', '2016-06-05 06:41:02', '0000-00-00 00:00:00'),
(2947, 211, 2947, 'Cigugur', '2016-06-05 06:41:02', '0000-00-00 00:00:00'),
(2948, 211, 2948, 'Cilebak', '2016-06-05 06:41:02', '0000-00-00 00:00:00'),
(2949, 211, 2949, 'Cilimus', '2016-06-05 06:41:02', '0000-00-00 00:00:00'),
(2950, 211, 2950, 'Cimahi', '2016-06-05 06:41:02', '0000-00-00 00:00:00'),
(2951, 211, 2951, 'Ciniru', '2016-06-05 06:41:02', '0000-00-00 00:00:00'),
(2952, 211, 2952, 'Cipicung', '2016-06-05 06:41:02', '0000-00-00 00:00:00'),
(2953, 211, 2953, 'Ciwaru', '2016-06-05 06:41:02', '0000-00-00 00:00:00'),
(2954, 211, 2954, 'Darma', '2016-06-05 06:41:02', '0000-00-00 00:00:00'),
(2955, 211, 2955, 'Garawangi', '2016-06-05 06:41:02', '0000-00-00 00:00:00'),
(2956, 211, 2956, 'Hantara', '2016-06-05 06:41:02', '0000-00-00 00:00:00'),
(2957, 211, 2957, 'Jalaksana', '2016-06-05 06:41:02', '0000-00-00 00:00:00'),
(2958, 211, 2958, 'Japara', '2016-06-05 06:41:02', '0000-00-00 00:00:00'),
(2959, 211, 2959, 'Kadugede', '2016-06-05 06:41:02', '0000-00-00 00:00:00'),
(2960, 211, 2960, 'Kalimanggis', '2016-06-05 06:41:02', '0000-00-00 00:00:00'),
(2961, 211, 2961, 'Karangkancana', '2016-06-05 06:41:02', '0000-00-00 00:00:00'),
(2962, 211, 2962, 'Kramat Mulya', '2016-06-05 06:41:02', '0000-00-00 00:00:00'),
(2963, 211, 2963, 'Kuningan', '2016-06-05 06:41:02', '0000-00-00 00:00:00'),
(2964, 211, 2964, 'Lebakwangi', '2016-06-05 06:41:02', '0000-00-00 00:00:00'),
(2965, 211, 2965, 'Luragung', '2016-06-05 06:41:02', '0000-00-00 00:00:00'),
(2966, 211, 2966, 'Maleber', '2016-06-05 06:41:02', '0000-00-00 00:00:00'),
(2967, 211, 2967, 'Mandirancan', '2016-06-05 06:41:02', '0000-00-00 00:00:00'),
(2968, 211, 2968, 'Nusaherang', '2016-06-05 06:41:02', '0000-00-00 00:00:00'),
(2969, 211, 2969, 'Pancalang', '2016-06-05 06:41:02', '0000-00-00 00:00:00'),
(2970, 211, 2970, 'Pasawahan', '2016-06-05 06:41:02', '0000-00-00 00:00:00'),
(2971, 211, 2971, 'Selajambe', '2016-06-05 06:41:02', '0000-00-00 00:00:00'),
(2972, 211, 2972, 'Sindangagung', '2016-06-05 06:41:02', '0000-00-00 00:00:00'),
(2973, 211, 2973, 'Subang', '2016-06-05 06:41:02', '0000-00-00 00:00:00'),
(2974, 212, 2974, 'Amabi Oefeto', '2016-06-05 06:41:02', '0000-00-00 00:00:00'),
(2975, 212, 2975, 'Amabi Oefeto Timur', '2016-06-05 06:41:02', '0000-00-00 00:00:00'),
(2976, 212, 2976, 'Amarasi', '2016-06-05 06:41:02', '0000-00-00 00:00:00'),
(2977, 212, 2977, 'Amarasi Barat', '2016-06-05 06:41:02', '0000-00-00 00:00:00'),
(2978, 212, 2978, 'Amarasi Selatan', '2016-06-05 06:41:02', '0000-00-00 00:00:00'),
(2979, 212, 2979, 'Amarasi Timur', '2016-06-05 06:41:02', '0000-00-00 00:00:00'),
(2980, 212, 2980, 'Amfoang Barat Daya', '2016-06-05 06:41:02', '0000-00-00 00:00:00'),
(2981, 212, 2981, 'Amfoang Barat Laut', '2016-06-05 06:41:02', '0000-00-00 00:00:00'),
(2982, 212, 2982, 'Amfoang Selatan', '2016-06-05 06:41:02', '0000-00-00 00:00:00'),
(2983, 212, 2983, 'Amfoang Tengah', '2016-06-05 06:41:02', '0000-00-00 00:00:00'),
(2984, 212, 2984, 'Amfoang Timur', '2016-06-05 06:41:02', '0000-00-00 00:00:00'),
(2985, 212, 2985, 'Amfoang Utara', '2016-06-05 06:41:02', '0000-00-00 00:00:00'),
(2986, 212, 2986, 'Fatuleu', '2016-06-05 06:41:02', '0000-00-00 00:00:00'),
(2987, 212, 2987, 'Fatuleu Barat', '2016-06-05 06:41:02', '0000-00-00 00:00:00'),
(2988, 212, 2988, 'Fatuleu Tengah', '2016-06-05 06:41:02', '0000-00-00 00:00:00'),
(2989, 212, 2989, 'Kupang Barat', '2016-06-05 06:41:02', '0000-00-00 00:00:00'),
(2990, 212, 2990, 'Kupang Tengah', '2016-06-05 06:41:02', '0000-00-00 00:00:00'),
(2991, 212, 2991, 'Kupang Timur', '2016-06-05 06:41:02', '0000-00-00 00:00:00'),
(2992, 212, 2992, 'Nekamese', '2016-06-05 06:41:02', '0000-00-00 00:00:00'),
(2993, 212, 2993, 'Semau', '2016-06-05 06:41:02', '0000-00-00 00:00:00'),
(2994, 212, 2994, 'Semau Selatan', '2016-06-05 06:41:02', '0000-00-00 00:00:00'),
(2995, 212, 2995, 'Sulamu', '2016-06-05 06:41:02', '0000-00-00 00:00:00'),
(2996, 212, 2996, 'Taebenu', '2016-06-05 06:41:02', '0000-00-00 00:00:00'),
(2997, 212, 2997, 'Takari', '2016-06-05 06:41:02', '0000-00-00 00:00:00'),
(2998, 213, 2998, 'Alak', '2016-06-05 06:41:02', '0000-00-00 00:00:00'),
(2999, 213, 2999, 'Kelapa Lima', '2016-06-05 06:41:02', '0000-00-00 00:00:00'),
(3000, 213, 3000, 'Kota Lama', '2016-06-05 06:41:02', '0000-00-00 00:00:00'),
(3001, 213, 3001, 'Kota Raja', '2016-06-05 06:41:02', '0000-00-00 00:00:00'),
(3002, 213, 3002, 'Maulafa', '2016-06-05 06:41:02', '0000-00-00 00:00:00'),
(3003, 213, 3003, 'Oebobo', '2016-06-05 06:41:02', '0000-00-00 00:00:00'),
(3004, 214, 3004, 'Barong Tongkok', '2016-06-05 06:41:02', '0000-00-00 00:00:00'),
(3005, 214, 3005, 'Bentian Besar', '2016-06-05 06:41:02', '0000-00-00 00:00:00'),
(3006, 214, 3006, 'Bongan', '2016-06-05 06:41:02', '0000-00-00 00:00:00'),
(3007, 214, 3007, 'Damai', '2016-06-05 06:41:02', '0000-00-00 00:00:00'),
(3008, 214, 3008, 'Jempang', '2016-06-05 06:41:02', '0000-00-00 00:00:00'),
(3009, 214, 3009, 'Laham', '2016-06-05 06:41:02', '0000-00-00 00:00:00'),
(3010, 214, 3010, 'Linggang Bigung', '2016-06-05 06:41:02', '0000-00-00 00:00:00'),
(3011, 214, 3011, 'Long Apari', '2016-06-05 06:41:02', '0000-00-00 00:00:00'),
(3012, 214, 3012, 'Long Bagun', '2016-06-05 06:41:02', '0000-00-00 00:00:00'),
(3013, 214, 3013, 'Long Hubung', '2016-06-05 06:41:02', '0000-00-00 00:00:00'),
(3014, 214, 3014, 'Long Iram', '2016-06-05 06:41:02', '0000-00-00 00:00:00'),
(3015, 214, 3015, 'Long Pahangai', '2016-06-05 06:41:02', '0000-00-00 00:00:00'),
(3016, 214, 3016, 'Manor Bulatin (Mook Manaar Bulatn)', '2016-06-05 06:41:02', '0000-00-00 00:00:00'),
(3017, 214, 3017, 'Melak', '2016-06-05 06:41:02', '0000-00-00 00:00:00'),
(3018, 214, 3018, 'Muara Lawa', '2016-06-05 06:41:02', '0000-00-00 00:00:00'),
(3019, 214, 3019, 'Muara Pahu', '2016-06-05 06:41:02', '0000-00-00 00:00:00'),
(3020, 214, 3020, 'Nyuatan', '2016-06-05 06:41:02', '0000-00-00 00:00:00'),
(3021, 214, 3021, 'Penyinggahan', '2016-06-05 06:41:02', '0000-00-00 00:00:00'),
(3022, 214, 3022, 'Sekolaq Darat', '2016-06-05 06:41:02', '0000-00-00 00:00:00'),
(3023, 214, 3023, 'Siluq Ngurai', '2016-06-05 06:41:02', '0000-00-00 00:00:00'),
(3024, 214, 3024, 'Tering', '2016-06-05 06:41:02', '0000-00-00 00:00:00'),
(3025, 215, 3025, 'Anggana', '2016-06-05 06:41:02', '0000-00-00 00:00:00'),
(3026, 215, 3026, 'Kembang Janggut', '2016-06-05 06:41:02', '0000-00-00 00:00:00'),
(3027, 215, 3027, 'Kenohan', '2016-06-05 06:41:02', '0000-00-00 00:00:00'),
(3028, 215, 3028, 'Kota Bangun', '2016-06-05 06:41:02', '0000-00-00 00:00:00'),
(3029, 215, 3029, 'Loa Janan', '2016-06-05 06:41:02', '0000-00-00 00:00:00'),
(3030, 215, 3030, 'Loa Kulu', '2016-06-05 06:41:02', '0000-00-00 00:00:00'),
(3031, 215, 3031, 'Marang Kayu', '2016-06-05 06:41:02', '0000-00-00 00:00:00'),
(3032, 215, 3032, 'Muara Badak', '2016-06-05 06:41:02', '0000-00-00 00:00:00'),
(3033, 215, 3033, 'Muara Jawa', '2016-06-05 06:41:02', '0000-00-00 00:00:00'),
(3034, 215, 3034, 'Muara Kaman', '2016-06-05 06:41:02', '0000-00-00 00:00:00'),
(3035, 215, 3035, 'Muara Muntai', '2016-06-05 06:41:02', '0000-00-00 00:00:00'),
(3036, 215, 3036, 'Muara Wis', '2016-06-05 06:41:02', '0000-00-00 00:00:00'),
(3037, 215, 3037, 'Samboja (Semboja)', '2016-06-05 06:41:02', '0000-00-00 00:00:00'),
(3038, 215, 3038, 'Sanga-Sanga', '2016-06-05 06:41:02', '0000-00-00 00:00:00'),
(3039, 215, 3039, 'Sebulu', '2016-06-05 06:41:02', '0000-00-00 00:00:00'),
(3040, 215, 3040, 'Tabang', '2016-06-05 06:41:02', '0000-00-00 00:00:00'),
(3041, 215, 3041, 'Tenggarong', '2016-06-05 06:41:02', '0000-00-00 00:00:00'),
(3042, 215, 3042, 'Tenggarong Seberang', '2016-06-05 06:41:02', '0000-00-00 00:00:00'),
(3043, 216, 3043, 'Batu Ampar', '2016-06-05 06:41:02', '0000-00-00 00:00:00'),
(3044, 216, 3044, 'Bengalon', '2016-06-05 06:41:02', '0000-00-00 00:00:00'),
(3045, 216, 3045, 'Busang', '2016-06-05 06:41:02', '0000-00-00 00:00:00'),
(3046, 216, 3046, 'Kaliorang', '2016-06-05 06:41:02', '0000-00-00 00:00:00'),
(3047, 216, 3047, 'Karangan', '2016-06-05 06:41:02', '0000-00-00 00:00:00'),
(3048, 216, 3048, 'Kaubun', '2016-06-05 06:41:02', '0000-00-00 00:00:00'),
(3049, 216, 3049, 'Kongbeng', '2016-06-05 06:41:02', '0000-00-00 00:00:00'),
(3050, 216, 3050, 'Long Mesangat (Mesengat)', '2016-06-05 06:41:02', '0000-00-00 00:00:00'),
(3051, 216, 3051, 'Muara Ancalong', '2016-06-05 06:41:02', '0000-00-00 00:00:00'),
(3052, 216, 3052, 'Muara Bengkal', '2016-06-05 06:41:02', '0000-00-00 00:00:00'),
(3053, 216, 3053, 'Muara Wahau', '2016-06-05 06:41:02', '0000-00-00 00:00:00'),
(3054, 216, 3054, 'Rantau Pulung', '2016-06-05 06:41:02', '0000-00-00 00:00:00'),
(3055, 216, 3055, 'Sandaran', '2016-06-05 06:41:02', '0000-00-00 00:00:00'),
(3056, 216, 3056, 'Sangatta Selatan', '2016-06-05 06:41:02', '0000-00-00 00:00:00'),
(3057, 216, 3057, 'Sangatta Utara', '2016-06-05 06:41:02', '0000-00-00 00:00:00'),
(3058, 216, 3058, 'Sangkulirang', '2016-06-05 06:41:02', '0000-00-00 00:00:00'),
(3059, 216, 3059, 'Telen', '2016-06-05 06:41:02', '0000-00-00 00:00:00'),
(3060, 216, 3060, 'Teluk Pandan', '2016-06-05 06:41:02', '0000-00-00 00:00:00'),
(3061, 217, 3061, 'Bilah Barat', '2016-06-05 06:41:02', '0000-00-00 00:00:00'),
(3062, 217, 3062, 'Bilah Hilir', '2016-06-05 06:41:02', '0000-00-00 00:00:00'),
(3063, 217, 3063, 'Bilah Hulu', '2016-06-05 06:41:02', '0000-00-00 00:00:00'),
(3064, 217, 3064, 'Panai Hilir', '2016-06-05 06:41:02', '0000-00-00 00:00:00'),
(3065, 217, 3065, 'Panai Hulu', '2016-06-05 06:41:02', '0000-00-00 00:00:00'),
(3066, 217, 3066, 'Panai Tengah', '2016-06-05 06:41:02', '0000-00-00 00:00:00'),
(3067, 217, 3067, 'Pangkatan', '2016-06-05 06:41:02', '0000-00-00 00:00:00'),
(3068, 217, 3068, 'Rantau Selatan', '2016-06-05 06:41:02', '0000-00-00 00:00:00'),
(3069, 217, 3069, 'Rantau Utara', '2016-06-05 06:41:02', '0000-00-00 00:00:00'),
(3070, 218, 3070, 'Kampung Rakyat', '2016-06-05 06:41:02', '0000-00-00 00:00:00'),
(3071, 218, 3071, 'Kota Pinang', '2016-06-05 06:41:02', '0000-00-00 00:00:00'),
(3072, 218, 3072, 'Sei/Sungai Kanan', '2016-06-05 06:41:02', '0000-00-00 00:00:00'),
(3073, 218, 3073, 'Silangkitang', '2016-06-05 06:41:02', '0000-00-00 00:00:00'),
(3074, 218, 3074, 'Torgamba', '2016-06-05 06:41:02', '0000-00-00 00:00:00'),
(3075, 219, 3075, 'Aek Kuo', '2016-06-05 06:41:03', '0000-00-00 00:00:00'),
(3076, 219, 3076, 'Aek Natas', '2016-06-05 06:41:03', '0000-00-00 00:00:00'),
(3077, 219, 3077, 'Kuala Ledong (Kualuh Leidong)', '2016-06-05 06:41:03', '0000-00-00 00:00:00'),
(3078, 219, 3078, 'Kualuh Hilir', '2016-06-05 06:41:03', '0000-00-00 00:00:00'),
(3079, 219, 3079, 'Kualuh Hulu', '2016-06-05 06:41:03', '0000-00-00 00:00:00'),
(3080, 219, 3080, 'Kualuh Selatan', '2016-06-05 06:41:03', '0000-00-00 00:00:00'),
(3081, 219, 3081, 'Marbau', '2016-06-05 06:41:03', '0000-00-00 00:00:00'),
(3082, 219, 3082, 'Na IX-X', '2016-06-05 06:41:03', '0000-00-00 00:00:00'),
(3083, 220, 3083, 'Gumay Talang', '2016-06-05 06:41:03', '0000-00-00 00:00:00'),
(3084, 220, 3084, 'Gumay Ulu', '2016-06-05 06:41:03', '0000-00-00 00:00:00'),
(3085, 220, 3085, 'Jarai', '2016-06-05 06:41:03', '0000-00-00 00:00:00'),
(3086, 220, 3086, 'Kikim Barat', '2016-06-05 06:41:03', '0000-00-00 00:00:00'),
(3087, 220, 3087, 'Kikim Selatan', '2016-06-05 06:41:03', '0000-00-00 00:00:00'),
(3088, 220, 3088, 'Kikim Tengah', '2016-06-05 06:41:03', '0000-00-00 00:00:00'),
(3089, 220, 3089, 'Kikim Timur', '2016-06-05 06:41:03', '0000-00-00 00:00:00'),
(3090, 220, 3090, 'Kota Agung', '2016-06-05 06:41:03', '0000-00-00 00:00:00'),
(3091, 220, 3091, 'Lahat', '2016-06-05 06:41:03', '0000-00-00 00:00:00'),
(3092, 220, 3092, 'Merapi Barat', '2016-06-05 06:41:03', '0000-00-00 00:00:00'),
(3093, 220, 3093, 'Merapi Selatan', '2016-06-05 06:41:03', '0000-00-00 00:00:00'),
(3094, 220, 3094, 'Merapi Timur', '2016-06-05 06:41:03', '0000-00-00 00:00:00'),
(3095, 220, 3095, 'Muarapayang', '2016-06-05 06:41:03', '0000-00-00 00:00:00'),
(3096, 220, 3096, 'Mulak Ulu', '2016-06-05 06:41:03', '0000-00-00 00:00:00'),
(3097, 220, 3097, 'Pagar Gunung', '2016-06-05 06:41:03', '0000-00-00 00:00:00'),
(3098, 220, 3098, 'Pajar Bulan', '2016-06-05 06:41:03', '0000-00-00 00:00:00'),
(3099, 220, 3099, 'Pseksu', '2016-06-05 06:41:03', '0000-00-00 00:00:00'),
(3100, 220, 3100, 'Pulau Pinang', '2016-06-05 06:41:03', '0000-00-00 00:00:00'),
(3101, 220, 3101, 'Sukamerindu', '2016-06-05 06:41:03', '0000-00-00 00:00:00'),
(3102, 220, 3102, 'Tanjung Sakti Pumi', '2016-06-05 06:41:03', '0000-00-00 00:00:00'),
(3103, 220, 3103, 'Tanjung Sakti Pumu', '2016-06-05 06:41:03', '0000-00-00 00:00:00'),
(3104, 220, 3104, 'Tanjung Tebat', '2016-06-05 06:41:03', '0000-00-00 00:00:00'),
(3105, 221, 3105, 'Batangkawa', '2016-06-05 06:41:03', '0000-00-00 00:00:00'),
(3106, 221, 3106, 'Belantikan Raya', '2016-06-05 06:41:03', '0000-00-00 00:00:00'),
(3107, 221, 3107, 'Bulik', '2016-06-05 06:41:03', '0000-00-00 00:00:00'),
(3108, 221, 3108, 'Bulik Timur', '2016-06-05 06:41:03', '0000-00-00 00:00:00'),
(3109, 221, 3109, 'Delang', '2016-06-05 06:41:03', '0000-00-00 00:00:00'),
(3110, 221, 3110, 'Lamandau', '2016-06-05 06:41:03', '0000-00-00 00:00:00'),
(3111, 221, 3111, 'Menthobi Raya', '2016-06-05 06:41:03', '0000-00-00 00:00:00'),
(3112, 221, 3112, 'Sematu Jaya', '2016-06-05 06:41:03', '0000-00-00 00:00:00'),
(3113, 222, 3113, 'Babat', '2016-06-05 06:41:03', '0000-00-00 00:00:00'),
(3114, 222, 3114, 'Bluluk', '2016-06-05 06:41:03', '0000-00-00 00:00:00'),
(3115, 222, 3115, 'Brondong', '2016-06-05 06:41:03', '0000-00-00 00:00:00'),
(3116, 222, 3116, 'Deket', '2016-06-05 06:41:03', '0000-00-00 00:00:00'),
(3117, 222, 3117, 'Glagah', '2016-06-05 06:41:03', '0000-00-00 00:00:00'),
(3118, 222, 3118, 'Kalitengah', '2016-06-05 06:41:03', '0000-00-00 00:00:00'),
(3119, 222, 3119, 'Karang Geneng', '2016-06-05 06:41:03', '0000-00-00 00:00:00'),
(3120, 222, 3120, 'Karangbinangun', '2016-06-05 06:41:03', '0000-00-00 00:00:00'),
(3121, 222, 3121, 'Kedungpring', '2016-06-05 06:41:03', '0000-00-00 00:00:00'),
(3122, 222, 3122, 'Kembangbahu', '2016-06-05 06:41:03', '0000-00-00 00:00:00'),
(3123, 222, 3123, 'Lamongan', '2016-06-05 06:41:03', '0000-00-00 00:00:00'),
(3124, 222, 3124, 'Laren', '2016-06-05 06:41:03', '0000-00-00 00:00:00'),
(3125, 222, 3125, 'Maduran', '2016-06-05 06:41:03', '0000-00-00 00:00:00'),
(3126, 222, 3126, 'Mantup', '2016-06-05 06:41:03', '0000-00-00 00:00:00'),
(3127, 222, 3127, 'Modo', '2016-06-05 06:41:03', '0000-00-00 00:00:00'),
(3128, 222, 3128, 'Ngimbang', '2016-06-05 06:41:03', '0000-00-00 00:00:00'),
(3129, 222, 3129, 'Paciran', '2016-06-05 06:41:03', '0000-00-00 00:00:00'),
(3130, 222, 3130, 'Pucuk', '2016-06-05 06:41:03', '0000-00-00 00:00:00'),
(3131, 222, 3131, 'Sambeng', '2016-06-05 06:41:03', '0000-00-00 00:00:00'),
(3132, 222, 3132, 'Sarirejo', '2016-06-05 06:41:03', '0000-00-00 00:00:00'),
(3133, 222, 3133, 'Sekaran', '2016-06-05 06:41:03', '0000-00-00 00:00:00'),
(3134, 222, 3134, 'Solokuro', '2016-06-05 06:41:03', '0000-00-00 00:00:00'),
(3135, 222, 3135, 'Sugio', '2016-06-05 06:41:03', '0000-00-00 00:00:00'),
(3136, 222, 3136, 'Sukodadi', '2016-06-05 06:41:03', '0000-00-00 00:00:00'),
(3137, 222, 3137, 'Sukorame', '2016-06-05 06:41:03', '0000-00-00 00:00:00'),
(3138, 222, 3138, 'Tikung', '2016-06-05 06:41:03', '0000-00-00 00:00:00'),
(3139, 222, 3139, 'Turi', '2016-06-05 06:41:03', '0000-00-00 00:00:00'),
(3140, 223, 3140, 'Air Hitam', '2016-06-05 06:41:03', '0000-00-00 00:00:00'),
(3141, 223, 3141, 'Balik Bukit', '2016-06-05 06:41:03', '0000-00-00 00:00:00'),
(3142, 223, 3142, 'Bandar Negeri Suoh', '2016-06-05 06:41:03', '0000-00-00 00:00:00'),
(3143, 223, 3143, 'Batu Brak', '2016-06-05 06:41:03', '0000-00-00 00:00:00'),
(3144, 223, 3144, 'Batu Ketulis', '2016-06-05 06:41:03', '0000-00-00 00:00:00'),
(3145, 223, 3145, 'Belalau', '2016-06-05 06:41:03', '0000-00-00 00:00:00'),
(3146, 223, 3146, 'Gedung Surian', '2016-06-05 06:41:03', '0000-00-00 00:00:00'),
(3147, 223, 3147, 'Kebun Tebu', '2016-06-05 06:41:03', '0000-00-00 00:00:00'),
(3148, 223, 3148, 'Lumbok Seminung', '2016-06-05 06:41:03', '0000-00-00 00:00:00'),
(3149, 223, 3149, 'Pagar Dewa', '2016-06-05 06:41:03', '0000-00-00 00:00:00'),
(3150, 223, 3150, 'Sekincau', '2016-06-05 06:41:03', '0000-00-00 00:00:00'),
(3151, 223, 3151, 'Sukau', '2016-06-05 06:41:03', '0000-00-00 00:00:00'),
(3152, 223, 3152, 'Sumber Jaya', '2016-06-05 06:41:03', '0000-00-00 00:00:00'),
(3153, 223, 3153, 'Suoh', '2016-06-05 06:41:03', '0000-00-00 00:00:00'),
(3154, 223, 3154, 'Way Tenong', '2016-06-05 06:41:03', '0000-00-00 00:00:00'),
(3155, 224, 3155, 'Bakauheni', '2016-06-05 06:41:03', '0000-00-00 00:00:00'),
(3156, 224, 3156, 'Candipuro', '2016-06-05 06:41:03', '0000-00-00 00:00:00'),
(3157, 224, 3157, 'Jati Agung', '2016-06-05 06:41:03', '0000-00-00 00:00:00'),
(3158, 224, 3158, 'Kalianda', '2016-06-05 06:41:03', '0000-00-00 00:00:00'),
(3159, 224, 3159, 'Katibung', '2016-06-05 06:41:03', '0000-00-00 00:00:00'),
(3160, 224, 3160, 'Ketapang', '2016-06-05 06:41:03', '0000-00-00 00:00:00'),
(3161, 224, 3161, 'Merbau Mataram', '2016-06-05 06:41:03', '0000-00-00 00:00:00'),
(3162, 224, 3162, 'Natar', '2016-06-05 06:41:03', '0000-00-00 00:00:00'),
(3163, 224, 3163, 'Palas', '2016-06-05 06:41:03', '0000-00-00 00:00:00'),
(3164, 224, 3164, 'Penengahan', '2016-06-05 06:41:03', '0000-00-00 00:00:00'),
(3165, 224, 3165, 'Rajabasa', '2016-06-05 06:41:03', '0000-00-00 00:00:00'),
(3166, 224, 3166, 'Sidomulyo', '2016-06-05 06:41:03', '0000-00-00 00:00:00'),
(3167, 224, 3167, 'Sragi', '2016-06-05 06:41:03', '0000-00-00 00:00:00'),
(3168, 224, 3168, 'Tanjung Bintang', '2016-06-05 06:41:03', '0000-00-00 00:00:00'),
(3169, 224, 3169, 'Tanjung Sari', '2016-06-05 06:41:03', '0000-00-00 00:00:00'),
(3170, 224, 3170, 'Way Panji', '2016-06-05 06:41:03', '0000-00-00 00:00:00'),
(3171, 224, 3171, 'Way Sulan', '2016-06-05 06:41:03', '0000-00-00 00:00:00'),
(3172, 225, 3172, 'Anak Ratu Aji', '2016-06-05 06:41:04', '0000-00-00 00:00:00'),
(3173, 225, 3173, 'Anak Tuha', '2016-06-05 06:41:04', '0000-00-00 00:00:00'),
(3174, 225, 3174, 'Bandar Mataram', '2016-06-05 06:41:04', '0000-00-00 00:00:00'),
(3175, 225, 3175, 'Bandar Surabaya', '2016-06-05 06:41:04', '0000-00-00 00:00:00'),
(3176, 225, 3176, 'Bangunrejo', '2016-06-05 06:41:04', '0000-00-00 00:00:00'),
(3177, 225, 3177, 'Bekri', '2016-06-05 06:41:04', '0000-00-00 00:00:00'),
(3178, 225, 3178, 'Bumi Nabung', '2016-06-05 06:41:04', '0000-00-00 00:00:00'),
(3179, 225, 3179, 'Bumi Ratu Nuban', '2016-06-05 06:41:04', '0000-00-00 00:00:00'),
(3180, 225, 3180, 'Gunung Sugih', '2016-06-05 06:41:04', '0000-00-00 00:00:00'),
(3181, 225, 3181, 'Kalirejo', '2016-06-05 06:41:04', '0000-00-00 00:00:00'),
(3182, 225, 3182, 'Kota Gajah', '2016-06-05 06:41:04', '0000-00-00 00:00:00'),
(3183, 225, 3183, 'Padang Ratu', '2016-06-05 06:41:04', '0000-00-00 00:00:00'),
(3184, 225, 3184, 'Pubian', '2016-06-05 06:41:04', '0000-00-00 00:00:00'),
(3185, 225, 3185, 'Punggur', '2016-06-05 06:41:04', '0000-00-00 00:00:00'),
(3186, 225, 3186, 'Putra Rumbia', '2016-06-05 06:41:04', '0000-00-00 00:00:00'),
(3187, 225, 3187, 'Rumbia', '2016-06-05 06:41:04', '0000-00-00 00:00:00'),
(3188, 225, 3188, 'Selagai Lingga', '2016-06-05 06:41:04', '0000-00-00 00:00:00'),
(3189, 225, 3189, 'Sendang Agung', '2016-06-05 06:41:04', '0000-00-00 00:00:00'),
(3190, 225, 3190, 'Seputih Agung', '2016-06-05 06:41:04', '0000-00-00 00:00:00'),
(3191, 225, 3191, 'Seputih Banyak', '2016-06-05 06:41:04', '0000-00-00 00:00:00'),
(3192, 225, 3192, 'Seputih Mataram', '2016-06-05 06:41:04', '0000-00-00 00:00:00'),
(3193, 225, 3193, 'Seputih Raman', '2016-06-05 06:41:04', '0000-00-00 00:00:00'),
(3194, 225, 3194, 'Seputih Surabaya', '2016-06-05 06:41:04', '0000-00-00 00:00:00'),
(3195, 225, 3195, 'Terbanggi Besar', '2016-06-05 06:41:04', '0000-00-00 00:00:00'),
(3196, 225, 3196, 'Terusan Nunyai', '2016-06-05 06:41:04', '0000-00-00 00:00:00'),
(3197, 225, 3197, 'Trimurjo', '2016-06-05 06:41:04', '0000-00-00 00:00:00'),
(3198, 225, 3198, 'Way Pangubuan (Pengubuan)', '2016-06-05 06:41:04', '0000-00-00 00:00:00'),
(3199, 225, 3199, 'Way Seputih', '2016-06-05 06:41:04', '0000-00-00 00:00:00'),
(3200, 226, 3200, 'Bandar Sribawono', '2016-06-05 06:41:04', '0000-00-00 00:00:00'),
(3201, 226, 3201, 'Batanghari', '2016-06-05 06:41:04', '0000-00-00 00:00:00'),
(3202, 226, 3202, 'Batanghari Nuban', '2016-06-05 06:41:04', '0000-00-00 00:00:00'),
(3203, 226, 3203, 'Braja Slebah', '2016-06-05 06:41:04', '0000-00-00 00:00:00'),
(3204, 226, 3204, 'Bumi Agung', '2016-06-05 06:41:04', '0000-00-00 00:00:00'),
(3205, 226, 3205, 'Gunung Pelindung', '2016-06-05 06:41:04', '0000-00-00 00:00:00'),
(3206, 226, 3206, 'Jabung', '2016-06-05 06:41:04', '0000-00-00 00:00:00'),
(3207, 226, 3207, 'Labuhan Maringgai', '2016-06-05 06:41:04', '0000-00-00 00:00:00'),
(3208, 226, 3208, 'Labuhan Ratu', '2016-06-05 06:41:04', '0000-00-00 00:00:00'),
(3209, 226, 3209, 'Marga Sekampung', '2016-06-05 06:41:04', '0000-00-00 00:00:00'),
(3210, 226, 3210, 'Margatiga', '2016-06-05 06:41:04', '0000-00-00 00:00:00'),
(3211, 226, 3211, 'Mataram Baru', '2016-06-05 06:41:04', '0000-00-00 00:00:00'),
(3212, 226, 3212, 'Melinting', '2016-06-05 06:41:04', '0000-00-00 00:00:00'),
(3213, 226, 3213, 'Metro Kibang', '2016-06-05 06:41:04', '0000-00-00 00:00:00'),
(3214, 226, 3214, 'Pasir Sakti', '2016-06-05 06:41:04', '0000-00-00 00:00:00'),
(3215, 226, 3215, 'Pekalongan', '2016-06-05 06:41:04', '0000-00-00 00:00:00'),
(3216, 226, 3216, 'Purbolinggo', '2016-06-05 06:41:04', '0000-00-00 00:00:00'),
(3217, 226, 3217, 'Raman Utara', '2016-06-05 06:41:04', '0000-00-00 00:00:00'),
(3218, 226, 3218, 'Sekampung', '2016-06-05 06:41:04', '0000-00-00 00:00:00'),
(3219, 226, 3219, 'Sekampung Udik', '2016-06-05 06:41:04', '0000-00-00 00:00:00'),
(3220, 226, 3220, 'Sukadana', '2016-06-05 06:41:04', '0000-00-00 00:00:00'),
(3221, 226, 3221, 'Waway Karya', '2016-06-05 06:41:04', '0000-00-00 00:00:00'),
(3222, 226, 3222, 'Way Bungur (Purbolinggo Utara)', '2016-06-05 06:41:04', '0000-00-00 00:00:00'),
(3223, 226, 3223, 'Way Jepara', '2016-06-05 06:41:04', '0000-00-00 00:00:00'),
(3224, 227, 3224, 'Abung Barat', '2016-06-05 06:41:04', '0000-00-00 00:00:00'),
(3225, 227, 3225, 'Abung Kunang', '2016-06-05 06:41:04', '0000-00-00 00:00:00'),
(3226, 227, 3226, 'Abung Pekurun', '2016-06-05 06:41:04', '0000-00-00 00:00:00'),
(3227, 227, 3227, 'Abung Selatan', '2016-06-05 06:41:04', '0000-00-00 00:00:00'),
(3228, 227, 3228, 'Abung Semuli', '2016-06-05 06:41:04', '0000-00-00 00:00:00'),
(3229, 227, 3229, 'Abung Surakarta', '2016-06-05 06:41:04', '0000-00-00 00:00:00'),
(3230, 227, 3230, 'Abung Tengah', '2016-06-05 06:41:04', '0000-00-00 00:00:00'),
(3231, 227, 3231, 'Abung Timur', '2016-06-05 06:41:04', '0000-00-00 00:00:00'),
(3232, 227, 3232, 'Abung Tinggi', '2016-06-05 06:41:04', '0000-00-00 00:00:00'),
(3233, 227, 3233, 'Blambangan Pagar', '2016-06-05 06:41:04', '0000-00-00 00:00:00'),
(3234, 227, 3234, 'Bukit Kemuning', '2016-06-05 06:41:04', '0000-00-00 00:00:00'),
(3235, 227, 3235, 'Bunga Mayang', '2016-06-05 06:41:04', '0000-00-00 00:00:00'),
(3236, 227, 3236, 'Hulu Sungkai', '2016-06-05 06:41:04', '0000-00-00 00:00:00'),
(3237, 227, 3237, 'Kotabumi', '2016-06-05 06:41:04', '0000-00-00 00:00:00'),
(3238, 227, 3238, 'Kotabumi Selatan', '2016-06-05 06:41:04', '0000-00-00 00:00:00'),
(3239, 227, 3239, 'Kotabumi Utara', '2016-06-05 06:41:04', '0000-00-00 00:00:00'),
(3240, 227, 3240, 'Muara Sungkai', '2016-06-05 06:41:04', '0000-00-00 00:00:00'),
(3241, 227, 3241, 'Sungkai Barat', '2016-06-05 06:41:04', '0000-00-00 00:00:00'),
(3242, 227, 3242, 'Sungkai Jaya', '2016-06-05 06:41:04', '0000-00-00 00:00:00'),
(3243, 227, 3243, 'Sungkai Selatan', '2016-06-05 06:41:04', '0000-00-00 00:00:00'),
(3244, 227, 3244, 'Sungkai Tengah', '2016-06-05 06:41:04', '0000-00-00 00:00:00'),
(3245, 227, 3245, 'Sungkai Utara', '2016-06-05 06:41:04', '0000-00-00 00:00:00'),
(3246, 227, 3246, 'Tanjung Raja', '2016-06-05 06:41:04', '0000-00-00 00:00:00'),
(3247, 228, 3247, 'Air Besar', '2016-06-05 06:41:04', '0000-00-00 00:00:00'),
(3248, 228, 3248, 'Banyuke Hulu', '2016-06-05 06:41:04', '0000-00-00 00:00:00'),
(3249, 228, 3249, 'Jelimpo', '2016-06-05 06:41:04', '0000-00-00 00:00:00'),
(3250, 228, 3250, 'Kuala Behe', '2016-06-05 06:41:04', '0000-00-00 00:00:00'),
(3251, 228, 3251, 'Mandor', '2016-06-05 06:41:04', '0000-00-00 00:00:00'),
(3252, 228, 3252, 'Mempawah Hulu', '2016-06-05 06:41:04', '0000-00-00 00:00:00'),
(3253, 228, 3253, 'Menjalin', '2016-06-05 06:41:04', '0000-00-00 00:00:00'),
(3254, 228, 3254, 'Menyuke', '2016-06-05 06:41:04', '0000-00-00 00:00:00'),
(3255, 228, 3255, 'Meranti', '2016-06-05 06:41:04', '0000-00-00 00:00:00'),
(3256, 228, 3256, 'Ngabang', '2016-06-05 06:41:04', '0000-00-00 00:00:00'),
(3257, 228, 3257, 'Sebangki', '2016-06-05 06:41:04', '0000-00-00 00:00:00'),
(3258, 228, 3258, 'Sengah Temila', '2016-06-05 06:41:04', '0000-00-00 00:00:00'),
(3259, 228, 3259, 'Sompak', '2016-06-05 06:41:04', '0000-00-00 00:00:00'),
(3260, 229, 3260, 'Babalan', '2016-06-05 06:41:04', '0000-00-00 00:00:00'),
(3261, 229, 3261, 'Bahorok', '2016-06-05 06:41:04', '0000-00-00 00:00:00'),
(3262, 229, 3262, 'Batang Serangan', '2016-06-05 06:41:04', '0000-00-00 00:00:00'),
(3263, 229, 3263, 'Besitang', '2016-06-05 06:41:04', '0000-00-00 00:00:00'),
(3264, 229, 3264, 'Binjai', '2016-06-05 06:41:04', '0000-00-00 00:00:00'),
(3265, 229, 3265, 'Brandan Barat', '2016-06-05 06:41:04', '0000-00-00 00:00:00'),
(3266, 229, 3266, 'Gebang', '2016-06-05 06:41:04', '0000-00-00 00:00:00'),
(3267, 229, 3267, 'Hinai', '2016-06-05 06:41:04', '0000-00-00 00:00:00'),
(3268, 229, 3268, 'Kuala', '2016-06-05 06:41:04', '0000-00-00 00:00:00'),
(3269, 229, 3269, 'Kutambaru', '2016-06-05 06:41:04', '0000-00-00 00:00:00'),
(3270, 229, 3270, 'Padang Tualang', '2016-06-05 06:41:04', '0000-00-00 00:00:00'),
(3271, 229, 3271, 'Pangkalan Susu', '2016-06-05 06:41:04', '0000-00-00 00:00:00'),
(3272, 229, 3272, 'Pematang Jaya', '2016-06-05 06:41:04', '0000-00-00 00:00:00'),
(3273, 229, 3273, 'Salapian', '2016-06-05 06:41:04', '0000-00-00 00:00:00'),
(3274, 229, 3274, 'Sawit Seberang', '2016-06-05 06:41:04', '0000-00-00 00:00:00'),
(3275, 229, 3275, 'Secanggang', '2016-06-05 06:41:04', '0000-00-00 00:00:00'),
(3276, 229, 3276, 'Sei Binge (Bingai)', '2016-06-05 06:41:04', '0000-00-00 00:00:00'),
(3277, 229, 3277, 'Sei Lepan', '2016-06-05 06:41:04', '0000-00-00 00:00:00'),
(3278, 229, 3278, 'Selesai', '2016-06-05 06:41:04', '0000-00-00 00:00:00'),
(3279, 229, 3279, 'Sirapit (Serapit)', '2016-06-05 06:41:04', '0000-00-00 00:00:00'),
(3280, 229, 3280, 'Stabat', '2016-06-05 06:41:04', '0000-00-00 00:00:00'),
(3281, 229, 3281, 'Tanjungpura', '2016-06-05 06:41:04', '0000-00-00 00:00:00'),
(3282, 229, 3282, 'Wampu', '2016-06-05 06:41:04', '0000-00-00 00:00:00'),
(3283, 230, 3283, 'Langsa Barat', '2016-06-05 06:41:04', '0000-00-00 00:00:00');
INSERT INTO `bkm_sub_district` (`id`, `city_id`, `sub_district_id`, `name`, `created_at`, `updated_at`) VALUES
(3284, 230, 3284, 'Langsa Baro', '2016-06-05 06:41:04', '0000-00-00 00:00:00'),
(3285, 230, 3285, 'Langsa Kota', '2016-06-05 06:41:04', '0000-00-00 00:00:00'),
(3286, 230, 3286, 'Langsa Lama', '2016-06-05 06:41:04', '0000-00-00 00:00:00'),
(3287, 230, 3287, 'Langsa Timur', '2016-06-05 06:41:04', '0000-00-00 00:00:00'),
(3288, 231, 3288, 'Balingga', '2016-06-05 06:41:04', '0000-00-00 00:00:00'),
(3289, 231, 3289, 'Dimba', '2016-06-05 06:41:04', '0000-00-00 00:00:00'),
(3290, 231, 3290, 'Gamelia', '2016-06-05 06:41:04', '0000-00-00 00:00:00'),
(3291, 231, 3291, 'Kuyawage', '2016-06-05 06:41:04', '0000-00-00 00:00:00'),
(3292, 231, 3292, 'Makki (Maki)', '2016-06-05 06:41:04', '0000-00-00 00:00:00'),
(3293, 231, 3293, 'Malagaineri (Malagineri)', '2016-06-05 06:41:04', '0000-00-00 00:00:00'),
(3294, 231, 3294, 'Pirime', '2016-06-05 06:41:04', '0000-00-00 00:00:00'),
(3295, 231, 3295, 'Poga', '2016-06-05 06:41:04', '0000-00-00 00:00:00'),
(3296, 231, 3296, 'Tiom', '2016-06-05 06:41:04', '0000-00-00 00:00:00'),
(3297, 231, 3297, 'Tiomneri', '2016-06-05 06:41:04', '0000-00-00 00:00:00'),
(3298, 232, 3298, 'Banjarsari', '2016-06-05 06:41:05', '0000-00-00 00:00:00'),
(3299, 232, 3299, 'Bayah', '2016-06-05 06:41:05', '0000-00-00 00:00:00'),
(3300, 232, 3300, 'Bojongmanik', '2016-06-05 06:41:05', '0000-00-00 00:00:00'),
(3301, 232, 3301, 'Cibadak', '2016-06-05 06:41:05', '0000-00-00 00:00:00'),
(3302, 232, 3302, 'Cibeber', '2016-06-05 06:41:05', '0000-00-00 00:00:00'),
(3303, 232, 3303, 'Cigemblong', '2016-06-05 06:41:05', '0000-00-00 00:00:00'),
(3304, 232, 3304, 'Cihara', '2016-06-05 06:41:05', '0000-00-00 00:00:00'),
(3305, 232, 3305, 'Cijaku', '2016-06-05 06:41:05', '0000-00-00 00:00:00'),
(3306, 232, 3306, 'Cikulur', '2016-06-05 06:41:05', '0000-00-00 00:00:00'),
(3307, 232, 3307, 'Cileles', '2016-06-05 06:41:05', '0000-00-00 00:00:00'),
(3308, 232, 3308, 'Cilograng', '2016-06-05 06:41:05', '0000-00-00 00:00:00'),
(3309, 232, 3309, 'Cimarga', '2016-06-05 06:41:05', '0000-00-00 00:00:00'),
(3310, 232, 3310, 'Cipanas', '2016-06-05 06:41:05', '0000-00-00 00:00:00'),
(3311, 232, 3311, 'Cirinten', '2016-06-05 06:41:05', '0000-00-00 00:00:00'),
(3312, 232, 3312, 'Curugbitung', '2016-06-05 06:41:05', '0000-00-00 00:00:00'),
(3313, 232, 3313, 'Gunung Kencana', '2016-06-05 06:41:05', '0000-00-00 00:00:00'),
(3314, 232, 3314, 'Kalanganyar', '2016-06-05 06:41:05', '0000-00-00 00:00:00'),
(3315, 232, 3315, 'Lebakgedong', '2016-06-05 06:41:05', '0000-00-00 00:00:00'),
(3316, 232, 3316, 'Leuwidamar', '2016-06-05 06:41:05', '0000-00-00 00:00:00'),
(3317, 232, 3317, 'Maja', '2016-06-05 06:41:05', '0000-00-00 00:00:00'),
(3318, 232, 3318, 'Malingping', '2016-06-05 06:41:05', '0000-00-00 00:00:00'),
(3319, 232, 3319, 'Muncang', '2016-06-05 06:41:05', '0000-00-00 00:00:00'),
(3320, 232, 3320, 'Panggarangan', '2016-06-05 06:41:05', '0000-00-00 00:00:00'),
(3321, 232, 3321, 'Rangkasbitung', '2016-06-05 06:41:05', '0000-00-00 00:00:00'),
(3322, 232, 3322, 'Sajira', '2016-06-05 06:41:05', '0000-00-00 00:00:00'),
(3323, 232, 3323, 'Sobang', '2016-06-05 06:41:05', '0000-00-00 00:00:00'),
(3324, 232, 3324, 'Wanasalam', '2016-06-05 06:41:05', '0000-00-00 00:00:00'),
(3325, 232, 3325, 'Warunggunung', '2016-06-05 06:41:05', '0000-00-00 00:00:00'),
(3326, 233, 3326, 'Amen', '2016-06-05 06:41:05', '0000-00-00 00:00:00'),
(3327, 233, 3327, 'Bingin Kuning', '2016-06-05 06:41:05', '0000-00-00 00:00:00'),
(3328, 233, 3328, 'Lebong Atas', '2016-06-05 06:41:05', '0000-00-00 00:00:00'),
(3329, 233, 3329, 'Lebong Sakti', '2016-06-05 06:41:05', '0000-00-00 00:00:00'),
(3330, 233, 3330, 'Lebong Selatan', '2016-06-05 06:41:05', '0000-00-00 00:00:00'),
(3331, 233, 3331, 'Lebong Tengah', '2016-06-05 06:41:05', '0000-00-00 00:00:00'),
(3332, 233, 3332, 'Lebong Utara', '2016-06-05 06:41:05', '0000-00-00 00:00:00'),
(3333, 233, 3333, 'Pelabai', '2016-06-05 06:41:05', '0000-00-00 00:00:00'),
(3334, 233, 3334, 'Pinang Belapis', '2016-06-05 06:41:05', '0000-00-00 00:00:00'),
(3335, 233, 3335, 'Rimbo Pengadang', '2016-06-05 06:41:05', '0000-00-00 00:00:00'),
(3336, 233, 3336, 'Topos', '2016-06-05 06:41:05', '0000-00-00 00:00:00'),
(3337, 233, 3337, 'Uram Jaya', '2016-06-05 06:41:05', '0000-00-00 00:00:00'),
(3338, 234, 3338, 'Atadei', '2016-06-05 06:41:05', '0000-00-00 00:00:00'),
(3339, 234, 3339, 'Buyasuri (Buyasari)', '2016-06-05 06:41:05', '0000-00-00 00:00:00'),
(3340, 234, 3340, 'Ile Ape', '2016-06-05 06:41:05', '0000-00-00 00:00:00'),
(3341, 234, 3341, 'Ile Ape Timur', '2016-06-05 06:41:05', '0000-00-00 00:00:00'),
(3342, 234, 3342, 'Lebatukan', '2016-06-05 06:41:05', '0000-00-00 00:00:00'),
(3343, 234, 3343, 'Nagawutung', '2016-06-05 06:41:05', '0000-00-00 00:00:00'),
(3344, 234, 3344, 'Nubatukan', '2016-06-05 06:41:05', '0000-00-00 00:00:00'),
(3345, 234, 3345, 'Omesuri', '2016-06-05 06:41:05', '0000-00-00 00:00:00'),
(3346, 234, 3346, 'Wulandoni (Wulandioni)', '2016-06-05 06:41:05', '0000-00-00 00:00:00'),
(3347, 235, 3347, 'Banda Sakti', '2016-06-05 06:41:05', '0000-00-00 00:00:00'),
(3348, 235, 3348, 'Blang Mangat', '2016-06-05 06:41:05', '0000-00-00 00:00:00'),
(3349, 235, 3349, 'Muara Dua', '2016-06-05 06:41:05', '0000-00-00 00:00:00'),
(3350, 235, 3350, 'Muara Satu', '2016-06-05 06:41:05', '0000-00-00 00:00:00'),
(3351, 236, 3351, 'Akabiluru', '2016-06-05 06:41:05', '0000-00-00 00:00:00'),
(3352, 236, 3352, 'Bukik Barisan', '2016-06-05 06:41:05', '0000-00-00 00:00:00'),
(3353, 236, 3353, 'Guguak (Gugu)', '2016-06-05 06:41:05', '0000-00-00 00:00:00'),
(3354, 236, 3354, 'Gunuang Omeh (Gunung Mas)', '2016-06-05 06:41:05', '0000-00-00 00:00:00'),
(3355, 236, 3355, 'Harau', '2016-06-05 06:41:05', '0000-00-00 00:00:00'),
(3356, 236, 3356, 'Kapur IX/Sembilan', '2016-06-05 06:41:05', '0000-00-00 00:00:00'),
(3357, 236, 3357, 'Lareh Sago Halaban', '2016-06-05 06:41:05', '0000-00-00 00:00:00'),
(3358, 236, 3358, 'Luak (Luhak)', '2016-06-05 06:41:05', '0000-00-00 00:00:00'),
(3359, 236, 3359, 'Mungka', '2016-06-05 06:41:05', '0000-00-00 00:00:00'),
(3360, 236, 3360, 'Pangkalan Koto Baru', '2016-06-05 06:41:05', '0000-00-00 00:00:00'),
(3361, 236, 3361, 'Payakumbuh', '2016-06-05 06:41:05', '0000-00-00 00:00:00'),
(3362, 236, 3362, 'Situjuah Limo/Lima Nagari', '2016-06-05 06:41:05', '0000-00-00 00:00:00'),
(3363, 236, 3363, 'Suliki', '2016-06-05 06:41:05', '0000-00-00 00:00:00'),
(3364, 237, 3364, 'Lingga', '2016-06-05 06:41:05', '0000-00-00 00:00:00'),
(3365, 237, 3365, 'Lingga Timur', '2016-06-05 06:41:05', '0000-00-00 00:00:00'),
(3366, 237, 3366, 'Lingga Utara', '2016-06-05 06:41:05', '0000-00-00 00:00:00'),
(3367, 237, 3367, 'Selayar', '2016-06-05 06:41:05', '0000-00-00 00:00:00'),
(3368, 237, 3368, 'Senayang', '2016-06-05 06:41:05', '0000-00-00 00:00:00'),
(3369, 237, 3369, 'Singkep', '2016-06-05 06:41:05', '0000-00-00 00:00:00'),
(3370, 237, 3370, 'Singkep Barat', '2016-06-05 06:41:05', '0000-00-00 00:00:00'),
(3371, 237, 3371, 'Singkep Pesisir', '2016-06-05 06:41:05', '0000-00-00 00:00:00'),
(3372, 238, 3372, 'Batu Layar', '2016-06-05 06:41:05', '0000-00-00 00:00:00'),
(3373, 238, 3373, 'Gerung', '2016-06-05 06:41:05', '0000-00-00 00:00:00'),
(3374, 238, 3374, 'Gunungsari', '2016-06-05 06:41:05', '0000-00-00 00:00:00'),
(3375, 238, 3375, 'Kediri', '2016-06-05 06:41:05', '0000-00-00 00:00:00'),
(3376, 238, 3376, 'Kuripan', '2016-06-05 06:41:05', '0000-00-00 00:00:00'),
(3377, 238, 3377, 'Labuapi', '2016-06-05 06:41:05', '0000-00-00 00:00:00'),
(3378, 238, 3378, 'Lembar', '2016-06-05 06:41:05', '0000-00-00 00:00:00'),
(3379, 238, 3379, 'Lingsar', '2016-06-05 06:41:05', '0000-00-00 00:00:00'),
(3380, 238, 3380, 'Narmada', '2016-06-05 06:41:05', '0000-00-00 00:00:00'),
(3381, 238, 3381, 'Sekotong', '2016-06-05 06:41:05', '0000-00-00 00:00:00'),
(3382, 239, 3382, 'Batukliang', '2016-06-05 06:41:05', '0000-00-00 00:00:00'),
(3383, 239, 3383, 'Batukliang Utara', '2016-06-05 06:41:05', '0000-00-00 00:00:00'),
(3384, 239, 3384, 'Janapria', '2016-06-05 06:41:05', '0000-00-00 00:00:00'),
(3385, 239, 3385, 'Jonggat', '2016-06-05 06:41:05', '0000-00-00 00:00:00'),
(3386, 239, 3386, 'Kopang', '2016-06-05 06:41:05', '0000-00-00 00:00:00'),
(3387, 239, 3387, 'Praya', '2016-06-05 06:41:05', '0000-00-00 00:00:00'),
(3388, 239, 3388, 'Praya Barat', '2016-06-05 06:41:05', '0000-00-00 00:00:00'),
(3389, 239, 3389, 'Praya Barat Daya', '2016-06-05 06:41:05', '0000-00-00 00:00:00'),
(3390, 239, 3390, 'Praya Tengah', '2016-06-05 06:41:05', '0000-00-00 00:00:00'),
(3391, 239, 3391, 'Praya Timur', '2016-06-05 06:41:05', '0000-00-00 00:00:00'),
(3392, 239, 3392, 'Pringgarata', '2016-06-05 06:41:05', '0000-00-00 00:00:00'),
(3393, 239, 3393, 'Pujut', '2016-06-05 06:41:05', '0000-00-00 00:00:00'),
(3394, 240, 3394, 'Aikmel', '2016-06-05 06:41:05', '0000-00-00 00:00:00'),
(3395, 240, 3395, 'Jerowaru', '2016-06-05 06:41:05', '0000-00-00 00:00:00'),
(3396, 240, 3396, 'Keruak', '2016-06-05 06:41:05', '0000-00-00 00:00:00'),
(3397, 240, 3397, 'Labuhan Haji', '2016-06-05 06:41:05', '0000-00-00 00:00:00'),
(3398, 240, 3398, 'Masbagik', '2016-06-05 06:41:05', '0000-00-00 00:00:00'),
(3399, 240, 3399, 'Montong Gading', '2016-06-05 06:41:05', '0000-00-00 00:00:00'),
(3400, 240, 3400, 'Pringgabaya', '2016-06-05 06:41:05', '0000-00-00 00:00:00'),
(3401, 240, 3401, 'Pringgasela', '2016-06-05 06:41:05', '0000-00-00 00:00:00'),
(3402, 240, 3402, 'Sakra', '2016-06-05 06:41:05', '0000-00-00 00:00:00'),
(3403, 240, 3403, 'Sakra Barat', '2016-06-05 06:41:05', '0000-00-00 00:00:00'),
(3404, 240, 3404, 'Sakra Timur', '2016-06-05 06:41:05', '0000-00-00 00:00:00'),
(3405, 240, 3405, 'Sambalia (Sambelia)', '2016-06-05 06:41:05', '0000-00-00 00:00:00'),
(3406, 240, 3406, 'Selong', '2016-06-05 06:41:05', '0000-00-00 00:00:00'),
(3407, 240, 3407, 'Sembalun', '2016-06-05 06:41:05', '0000-00-00 00:00:00'),
(3408, 240, 3408, 'Sikur', '2016-06-05 06:41:05', '0000-00-00 00:00:00'),
(3409, 240, 3409, 'Suela (Suwela)', '2016-06-05 06:41:05', '0000-00-00 00:00:00'),
(3410, 240, 3410, 'Sukamulia', '2016-06-05 06:41:05', '0000-00-00 00:00:00'),
(3411, 240, 3411, 'Suralaga', '2016-06-05 06:41:05', '0000-00-00 00:00:00'),
(3412, 240, 3412, 'Terara', '2016-06-05 06:41:05', '0000-00-00 00:00:00'),
(3413, 240, 3413, 'Wanasaba', '2016-06-05 06:41:05', '0000-00-00 00:00:00'),
(3414, 241, 3414, 'Bayan', '2016-06-05 06:41:05', '0000-00-00 00:00:00'),
(3415, 241, 3415, 'Gangga', '2016-06-05 06:41:05', '0000-00-00 00:00:00'),
(3416, 241, 3416, 'Kayangan', '2016-06-05 06:41:05', '0000-00-00 00:00:00'),
(3417, 241, 3417, 'Pemenang', '2016-06-05 06:41:05', '0000-00-00 00:00:00'),
(3418, 241, 3418, 'Tanjung', '2016-06-05 06:41:05', '0000-00-00 00:00:00'),
(3419, 242, 3419, 'Lubuk Linggau Barat Dua (II)', '2016-06-05 06:41:05', '0000-00-00 00:00:00'),
(3420, 242, 3420, 'Lubuk Linggau Barat Satu (I)', '2016-06-05 06:41:05', '0000-00-00 00:00:00'),
(3421, 242, 3421, 'Lubuk Linggau Selatan Dua (II)', '2016-06-05 06:41:05', '0000-00-00 00:00:00'),
(3422, 242, 3422, 'Lubuk Linggau Selatan Satu (I)', '2016-06-05 06:41:05', '0000-00-00 00:00:00'),
(3423, 242, 3423, 'Lubuk Linggau Timur Dua (II)', '2016-06-05 06:41:05', '0000-00-00 00:00:00'),
(3424, 242, 3424, 'Lubuk Linggau Timur Satu (I)', '2016-06-05 06:41:05', '0000-00-00 00:00:00'),
(3425, 242, 3425, 'Lubuk Linggau Utara Dua (II)', '2016-06-05 06:41:05', '0000-00-00 00:00:00'),
(3426, 242, 3426, 'Lubuk Linggau Utara Satu (I)', '2016-06-05 06:41:05', '0000-00-00 00:00:00'),
(3427, 243, 3427, 'Candipuro', '2016-06-05 06:41:05', '0000-00-00 00:00:00'),
(3428, 243, 3428, 'Gucialit', '2016-06-05 06:41:05', '0000-00-00 00:00:00'),
(3429, 243, 3429, 'Jatiroto', '2016-06-05 06:41:05', '0000-00-00 00:00:00'),
(3430, 243, 3430, 'Kedungjajang', '2016-06-05 06:41:05', '0000-00-00 00:00:00'),
(3431, 243, 3431, 'Klakah', '2016-06-05 06:41:05', '0000-00-00 00:00:00'),
(3432, 243, 3432, 'Kunir', '2016-06-05 06:41:05', '0000-00-00 00:00:00'),
(3433, 243, 3433, 'Lumajang', '2016-06-05 06:41:05', '0000-00-00 00:00:00'),
(3434, 243, 3434, 'Padang', '2016-06-05 06:41:05', '0000-00-00 00:00:00'),
(3435, 243, 3435, 'Pasirian', '2016-06-05 06:41:05', '0000-00-00 00:00:00'),
(3436, 243, 3436, 'Pasrujambe/Pasujambe', '2016-06-05 06:41:05', '0000-00-00 00:00:00'),
(3437, 243, 3437, 'Pronojiwo', '2016-06-05 06:41:05', '0000-00-00 00:00:00'),
(3438, 243, 3438, 'Randuagung', '2016-06-05 06:41:05', '0000-00-00 00:00:00'),
(3439, 243, 3439, 'Ranuyoso', '2016-06-05 06:41:05', '0000-00-00 00:00:00'),
(3440, 243, 3440, 'Rowokangkung', '2016-06-05 06:41:05', '0000-00-00 00:00:00'),
(3441, 243, 3441, 'Senduro', '2016-06-05 06:41:05', '0000-00-00 00:00:00'),
(3442, 243, 3442, 'Sukodono', '2016-06-05 06:41:05', '0000-00-00 00:00:00'),
(3443, 243, 3443, 'Sumbersuko', '2016-06-05 06:41:05', '0000-00-00 00:00:00'),
(3444, 243, 3444, 'Tekung', '2016-06-05 06:41:05', '0000-00-00 00:00:00'),
(3445, 243, 3445, 'Tempeh', '2016-06-05 06:41:05', '0000-00-00 00:00:00'),
(3446, 243, 3446, 'Tempursari', '2016-06-05 06:41:05', '0000-00-00 00:00:00'),
(3447, 243, 3447, 'Yosowilangun', '2016-06-05 06:41:05', '0000-00-00 00:00:00'),
(3448, 244, 3448, 'Bajo', '2016-06-05 06:41:05', '0000-00-00 00:00:00'),
(3449, 244, 3449, 'Bajo Barat', '2016-06-05 06:41:05', '0000-00-00 00:00:00'),
(3450, 244, 3450, 'Basse Sangtempe Utara', '2016-06-05 06:41:05', '0000-00-00 00:00:00'),
(3451, 244, 3451, 'Bassesang Tempe (Bastem)', '2016-06-05 06:41:05', '0000-00-00 00:00:00'),
(3452, 244, 3452, 'Belopa', '2016-06-05 06:41:05', '0000-00-00 00:00:00'),
(3453, 244, 3453, 'Belopa Utara', '2016-06-05 06:41:05', '0000-00-00 00:00:00'),
(3454, 244, 3454, 'Bua', '2016-06-05 06:41:05', '0000-00-00 00:00:00'),
(3455, 244, 3455, 'Bua Ponrang (Bupon)', '2016-06-05 06:41:05', '0000-00-00 00:00:00'),
(3456, 244, 3456, 'Kamanre', '2016-06-05 06:41:05', '0000-00-00 00:00:00'),
(3457, 244, 3457, 'Lamasi', '2016-06-05 06:41:05', '0000-00-00 00:00:00'),
(3458, 244, 3458, 'Lamasi Timur', '2016-06-05 06:41:05', '0000-00-00 00:00:00'),
(3459, 244, 3459, 'Larompong', '2016-06-05 06:41:05', '0000-00-00 00:00:00'),
(3460, 244, 3460, 'Larompong Selatan', '2016-06-05 06:41:05', '0000-00-00 00:00:00'),
(3461, 244, 3461, 'Latimojong', '2016-06-05 06:41:05', '0000-00-00 00:00:00'),
(3462, 244, 3462, 'Ponrang', '2016-06-05 06:41:05', '0000-00-00 00:00:00'),
(3463, 244, 3463, 'Ponrang Selatan', '2016-06-05 06:41:05', '0000-00-00 00:00:00'),
(3464, 244, 3464, 'Suli', '2016-06-05 06:41:05', '0000-00-00 00:00:00'),
(3465, 244, 3465, 'Suli Barat', '2016-06-05 06:41:05', '0000-00-00 00:00:00'),
(3466, 244, 3466, 'Walenrang', '2016-06-05 06:41:05', '0000-00-00 00:00:00'),
(3467, 244, 3467, 'Walenrang Barat', '2016-06-05 06:41:05', '0000-00-00 00:00:00'),
(3468, 244, 3468, 'Walenrang Timur', '2016-06-05 06:41:05', '0000-00-00 00:00:00'),
(3469, 244, 3469, 'Walenrang Utara', '2016-06-05 06:41:05', '0000-00-00 00:00:00'),
(3470, 245, 3470, 'Angkona', '2016-06-05 06:41:06', '0000-00-00 00:00:00'),
(3471, 245, 3471, 'Burau', '2016-06-05 06:41:06', '0000-00-00 00:00:00'),
(3472, 245, 3472, 'Kalaena', '2016-06-05 06:41:06', '0000-00-00 00:00:00'),
(3473, 245, 3473, 'Malili', '2016-06-05 06:41:06', '0000-00-00 00:00:00'),
(3474, 245, 3474, 'Mangkutana', '2016-06-05 06:41:06', '0000-00-00 00:00:00'),
(3475, 245, 3475, 'Nuha', '2016-06-05 06:41:06', '0000-00-00 00:00:00'),
(3476, 245, 3476, 'Tomoni', '2016-06-05 06:41:06', '0000-00-00 00:00:00'),
(3477, 245, 3477, 'Tomoni Timur', '2016-06-05 06:41:06', '0000-00-00 00:00:00'),
(3478, 245, 3478, 'Towuti', '2016-06-05 06:41:06', '0000-00-00 00:00:00'),
(3479, 245, 3479, 'Wasuponda', '2016-06-05 06:41:06', '0000-00-00 00:00:00'),
(3480, 245, 3480, 'Wotu', '2016-06-05 06:41:06', '0000-00-00 00:00:00'),
(3481, 246, 3481, 'Baebunta', '2016-06-05 06:41:06', '0000-00-00 00:00:00'),
(3482, 246, 3482, 'Bone-Bone', '2016-06-05 06:41:06', '0000-00-00 00:00:00'),
(3483, 246, 3483, 'Limbong', '2016-06-05 06:41:06', '0000-00-00 00:00:00'),
(3484, 246, 3484, 'Malangke', '2016-06-05 06:41:06', '0000-00-00 00:00:00'),
(3485, 246, 3485, 'Malangke Barat', '2016-06-05 06:41:06', '0000-00-00 00:00:00'),
(3486, 246, 3486, 'Mappedeceng', '2016-06-05 06:41:06', '0000-00-00 00:00:00'),
(3487, 246, 3487, 'Masamba', '2016-06-05 06:41:06', '0000-00-00 00:00:00'),
(3488, 246, 3488, 'Rampi', '2016-06-05 06:41:06', '0000-00-00 00:00:00'),
(3489, 246, 3489, 'Sabbang', '2016-06-05 06:41:06', '0000-00-00 00:00:00'),
(3490, 246, 3490, 'Seko', '2016-06-05 06:41:06', '0000-00-00 00:00:00'),
(3491, 246, 3491, 'Sukamaju', '2016-06-05 06:41:06', '0000-00-00 00:00:00'),
(3492, 246, 3492, 'Tana Lili', '2016-06-05 06:41:06', '0000-00-00 00:00:00'),
(3493, 247, 3493, 'Balerejo', '2016-06-05 06:41:06', '0000-00-00 00:00:00'),
(3494, 247, 3494, 'Dagangan', '2016-06-05 06:41:06', '0000-00-00 00:00:00'),
(3495, 247, 3495, 'Dolopo', '2016-06-05 06:41:06', '0000-00-00 00:00:00'),
(3496, 247, 3496, 'Geger', '2016-06-05 06:41:06', '0000-00-00 00:00:00'),
(3497, 247, 3497, 'Gemarang', '2016-06-05 06:41:06', '0000-00-00 00:00:00'),
(3498, 247, 3498, 'Jiwan', '2016-06-05 06:41:06', '0000-00-00 00:00:00'),
(3499, 247, 3499, 'Kare', '2016-06-05 06:41:06', '0000-00-00 00:00:00'),
(3500, 247, 3500, 'Kebonsari', '2016-06-05 06:41:06', '0000-00-00 00:00:00'),
(3501, 247, 3501, 'Madiun', '2016-06-05 06:41:06', '0000-00-00 00:00:00'),
(3502, 247, 3502, 'Mejayan', '2016-06-05 06:41:06', '0000-00-00 00:00:00'),
(3503, 247, 3503, 'Pilangkenceng', '2016-06-05 06:41:06', '0000-00-00 00:00:00'),
(3504, 247, 3504, 'Saradan', '2016-06-05 06:41:06', '0000-00-00 00:00:00'),
(3505, 247, 3505, 'Sawahan', '2016-06-05 06:41:06', '0000-00-00 00:00:00'),
(3506, 247, 3506, 'Wonoasri', '2016-06-05 06:41:06', '0000-00-00 00:00:00'),
(3507, 247, 3507, 'Wungu', '2016-06-05 06:41:06', '0000-00-00 00:00:00'),
(3508, 248, 3508, 'Kartoharjo', '2016-06-05 06:41:06', '0000-00-00 00:00:00'),
(3509, 248, 3509, 'Manguharjo', '2016-06-05 06:41:06', '0000-00-00 00:00:00'),
(3510, 248, 3510, 'Taman', '2016-06-05 06:41:06', '0000-00-00 00:00:00'),
(3511, 249, 3511, 'Bandongan', '2016-06-05 06:41:06', '0000-00-00 00:00:00'),
(3512, 249, 3512, 'Borobudur', '2016-06-05 06:41:06', '0000-00-00 00:00:00'),
(3513, 249, 3513, 'Candimulyo', '2016-06-05 06:41:06', '0000-00-00 00:00:00'),
(3514, 249, 3514, 'Dukun', '2016-06-05 06:41:06', '0000-00-00 00:00:00'),
(3515, 249, 3515, 'Grabag', '2016-06-05 06:41:06', '0000-00-00 00:00:00'),
(3516, 249, 3516, 'Kajoran', '2016-06-05 06:41:06', '0000-00-00 00:00:00'),
(3517, 249, 3517, 'Kaliangkrik', '2016-06-05 06:41:06', '0000-00-00 00:00:00'),
(3518, 249, 3518, 'Mertoyudan', '2016-06-05 06:41:06', '0000-00-00 00:00:00'),
(3519, 249, 3519, 'Mungkid', '2016-06-05 06:41:06', '0000-00-00 00:00:00'),
(3520, 249, 3520, 'Muntilan', '2016-06-05 06:41:06', '0000-00-00 00:00:00'),
(3521, 249, 3521, 'Ngablak', '2016-06-05 06:41:06', '0000-00-00 00:00:00'),
(3522, 249, 3522, 'Ngluwar', '2016-06-05 06:41:06', '0000-00-00 00:00:00'),
(3523, 249, 3523, 'Pakis', '2016-06-05 06:41:06', '0000-00-00 00:00:00'),
(3524, 249, 3524, 'Salam', '2016-06-05 06:41:06', '0000-00-00 00:00:00'),
(3525, 249, 3525, 'Salaman', '2016-06-05 06:41:06', '0000-00-00 00:00:00'),
(3526, 249, 3526, 'Sawangan', '2016-06-05 06:41:06', '0000-00-00 00:00:00'),
(3527, 249, 3527, 'Secang', '2016-06-05 06:41:06', '0000-00-00 00:00:00'),
(3528, 249, 3528, 'Srumbung', '2016-06-05 06:41:06', '0000-00-00 00:00:00'),
(3529, 249, 3529, 'Tegalrejo', '2016-06-05 06:41:06', '0000-00-00 00:00:00'),
(3530, 249, 3530, 'Tempuran', '2016-06-05 06:41:06', '0000-00-00 00:00:00'),
(3531, 249, 3531, 'Windusari', '2016-06-05 06:41:06', '0000-00-00 00:00:00'),
(3532, 250, 3532, 'Magelang Selatan', '2016-06-05 06:41:06', '0000-00-00 00:00:00'),
(3533, 250, 3533, 'Magelang Tengah', '2016-06-05 06:41:06', '0000-00-00 00:00:00'),
(3534, 250, 3534, 'Magelang Utara', '2016-06-05 06:41:06', '0000-00-00 00:00:00'),
(3535, 251, 3535, 'Barat', '2016-06-05 06:41:06', '0000-00-00 00:00:00'),
(3536, 251, 3536, 'Bendo', '2016-06-05 06:41:06', '0000-00-00 00:00:00'),
(3537, 251, 3537, 'Karangrejo', '2016-06-05 06:41:06', '0000-00-00 00:00:00'),
(3538, 251, 3538, 'Karas', '2016-06-05 06:41:06', '0000-00-00 00:00:00'),
(3539, 251, 3539, 'Kartoharjo (Kertoharjo)', '2016-06-05 06:41:06', '0000-00-00 00:00:00'),
(3540, 251, 3540, 'Kawedanan', '2016-06-05 06:41:06', '0000-00-00 00:00:00'),
(3541, 251, 3541, 'Lembeyan', '2016-06-05 06:41:06', '0000-00-00 00:00:00'),
(3542, 251, 3542, 'Magetan', '2016-06-05 06:41:06', '0000-00-00 00:00:00'),
(3543, 251, 3543, 'Maospati', '2016-06-05 06:41:06', '0000-00-00 00:00:00'),
(3544, 251, 3544, 'Ngariboyo', '2016-06-05 06:41:06', '0000-00-00 00:00:00'),
(3545, 251, 3545, 'Nguntoronadi', '2016-06-05 06:41:06', '0000-00-00 00:00:00'),
(3546, 251, 3546, 'Panekan', '2016-06-05 06:41:06', '0000-00-00 00:00:00'),
(3547, 251, 3547, 'Parang', '2016-06-05 06:41:06', '0000-00-00 00:00:00'),
(3548, 251, 3548, 'Plaosan', '2016-06-05 06:41:06', '0000-00-00 00:00:00'),
(3549, 251, 3549, 'Poncol', '2016-06-05 06:41:06', '0000-00-00 00:00:00'),
(3550, 251, 3550, 'Sidorejo', '2016-06-05 06:41:06', '0000-00-00 00:00:00'),
(3551, 251, 3551, 'Sukomoro', '2016-06-05 06:41:06', '0000-00-00 00:00:00'),
(3552, 251, 3552, 'Takeran', '2016-06-05 06:41:06', '0000-00-00 00:00:00'),
(3553, 252, 3553, 'Argapura', '2016-06-05 06:41:06', '0000-00-00 00:00:00'),
(3554, 252, 3554, 'Banjaran', '2016-06-05 06:41:06', '0000-00-00 00:00:00'),
(3555, 252, 3555, 'Bantarujeg', '2016-06-05 06:41:06', '0000-00-00 00:00:00'),
(3556, 252, 3556, 'Cigasong', '2016-06-05 06:41:06', '0000-00-00 00:00:00'),
(3557, 252, 3557, 'Cikijing', '2016-06-05 06:41:06', '0000-00-00 00:00:00'),
(3558, 252, 3558, 'Cingambul', '2016-06-05 06:41:06', '0000-00-00 00:00:00'),
(3559, 252, 3559, 'Dawuan', '2016-06-05 06:41:06', '0000-00-00 00:00:00'),
(3560, 252, 3560, 'Jatitujuh', '2016-06-05 06:41:06', '0000-00-00 00:00:00'),
(3561, 252, 3561, 'Jatiwangi', '2016-06-05 06:41:06', '0000-00-00 00:00:00'),
(3562, 252, 3562, 'Kadipaten', '2016-06-05 06:41:06', '0000-00-00 00:00:00'),
(3563, 252, 3563, 'Kasokandel', '2016-06-05 06:41:06', '0000-00-00 00:00:00'),
(3564, 252, 3564, 'Kertajati', '2016-06-05 06:41:06', '0000-00-00 00:00:00'),
(3565, 252, 3565, 'Lemahsugih', '2016-06-05 06:41:06', '0000-00-00 00:00:00'),
(3566, 252, 3566, 'Leuwimunding', '2016-06-05 06:41:06', '0000-00-00 00:00:00'),
(3567, 252, 3567, 'Ligung', '2016-06-05 06:41:06', '0000-00-00 00:00:00'),
(3568, 252, 3568, 'Maja', '2016-06-05 06:41:06', '0000-00-00 00:00:00'),
(3569, 252, 3569, 'Majalengka', '2016-06-05 06:41:06', '0000-00-00 00:00:00'),
(3570, 252, 3570, 'Malausma', '2016-06-05 06:41:06', '0000-00-00 00:00:00'),
(3571, 252, 3571, 'Palasah', '2016-06-05 06:41:06', '0000-00-00 00:00:00'),
(3572, 252, 3572, 'Panyingkiran', '2016-06-05 06:41:06', '0000-00-00 00:00:00'),
(3573, 252, 3573, 'Rajagaluh', '2016-06-05 06:41:06', '0000-00-00 00:00:00'),
(3574, 252, 3574, 'Sindang', '2016-06-05 06:41:06', '0000-00-00 00:00:00'),
(3575, 252, 3575, 'Sindangwangi', '2016-06-05 06:41:06', '0000-00-00 00:00:00'),
(3576, 252, 3576, 'Sukahaji', '2016-06-05 06:41:06', '0000-00-00 00:00:00'),
(3577, 252, 3577, 'Sumberjaya', '2016-06-05 06:41:06', '0000-00-00 00:00:00'),
(3578, 252, 3578, 'Talaga', '2016-06-05 06:41:06', '0000-00-00 00:00:00'),
(3579, 253, 3579, 'Banggae', '2016-06-05 06:41:06', '0000-00-00 00:00:00'),
(3580, 253, 3580, 'Banggae Timur', '2016-06-05 06:41:06', '0000-00-00 00:00:00'),
(3581, 253, 3581, 'Malunda', '2016-06-05 06:41:06', '0000-00-00 00:00:00'),
(3582, 253, 3582, 'Pamboang', '2016-06-05 06:41:06', '0000-00-00 00:00:00'),
(3583, 253, 3583, 'Sendana', '2016-06-05 06:41:06', '0000-00-00 00:00:00'),
(3584, 253, 3584, 'Tammeredo Sendana', '2016-06-05 06:41:06', '0000-00-00 00:00:00'),
(3585, 253, 3585, 'Tubo (Tubo Sendana)', '2016-06-05 06:41:06', '0000-00-00 00:00:00'),
(3586, 253, 3586, 'Ulumunda', '2016-06-05 06:41:06', '0000-00-00 00:00:00'),
(3587, 254, 3587, 'Biring Kanaya', '2016-06-05 06:41:06', '0000-00-00 00:00:00'),
(3588, 254, 3588, 'Bontoala', '2016-06-05 06:41:06', '0000-00-00 00:00:00'),
(3589, 254, 3589, 'Makassar', '2016-06-05 06:41:06', '0000-00-00 00:00:00'),
(3590, 254, 3590, 'Mamajang', '2016-06-05 06:41:06', '0000-00-00 00:00:00'),
(3591, 254, 3591, 'Manggala', '2016-06-05 06:41:06', '0000-00-00 00:00:00'),
(3592, 254, 3592, 'Mariso', '2016-06-05 06:41:06', '0000-00-00 00:00:00'),
(3593, 254, 3593, 'Panakkukang', '2016-06-05 06:41:06', '0000-00-00 00:00:00'),
(3594, 254, 3594, 'Rappocini', '2016-06-05 06:41:06', '0000-00-00 00:00:00'),
(3595, 254, 3595, 'Tallo', '2016-06-05 06:41:06', '0000-00-00 00:00:00'),
(3596, 254, 3596, 'Tamalanrea', '2016-06-05 06:41:06', '0000-00-00 00:00:00'),
(3597, 254, 3597, 'Tamalate', '2016-06-05 06:41:06', '0000-00-00 00:00:00'),
(3598, 254, 3598, 'Ujung Pandang', '2016-06-05 06:41:06', '0000-00-00 00:00:00'),
(3599, 254, 3599, 'Ujung Tanah', '2016-06-05 06:41:06', '0000-00-00 00:00:00'),
(3600, 254, 3600, 'Wajo', '2016-06-05 06:41:06', '0000-00-00 00:00:00'),
(3601, 255, 3601, 'Ampelgading', '2016-06-05 06:41:06', '0000-00-00 00:00:00'),
(3602, 255, 3602, 'Bantur', '2016-06-05 06:41:06', '0000-00-00 00:00:00'),
(3603, 255, 3603, 'Bululawang', '2016-06-05 06:41:06', '0000-00-00 00:00:00'),
(3604, 255, 3604, 'Dampit', '2016-06-05 06:41:06', '0000-00-00 00:00:00'),
(3605, 255, 3605, 'Dau', '2016-06-05 06:41:06', '0000-00-00 00:00:00'),
(3606, 255, 3606, 'Donomulyo', '2016-06-05 06:41:06', '0000-00-00 00:00:00'),
(3607, 255, 3607, 'Gedangan', '2016-06-05 06:41:06', '0000-00-00 00:00:00'),
(3608, 255, 3608, 'Gondanglegi', '2016-06-05 06:41:06', '0000-00-00 00:00:00'),
(3609, 255, 3609, 'Jabung', '2016-06-05 06:41:06', '0000-00-00 00:00:00'),
(3610, 255, 3610, 'Kalipare', '2016-06-05 06:41:06', '0000-00-00 00:00:00'),
(3611, 255, 3611, 'Karangploso', '2016-06-05 06:41:06', '0000-00-00 00:00:00'),
(3612, 255, 3612, 'Kasembon', '2016-06-05 06:41:06', '0000-00-00 00:00:00'),
(3613, 255, 3613, 'Kepanjen', '2016-06-05 06:41:06', '0000-00-00 00:00:00'),
(3614, 255, 3614, 'Kromengan', '2016-06-05 06:41:06', '0000-00-00 00:00:00'),
(3615, 255, 3615, 'Lawang', '2016-06-05 06:41:06', '0000-00-00 00:00:00'),
(3616, 255, 3616, 'Ngajung (Ngajum)', '2016-06-05 06:41:06', '0000-00-00 00:00:00'),
(3617, 255, 3617, 'Ngantang', '2016-06-05 06:41:06', '0000-00-00 00:00:00'),
(3618, 255, 3618, 'Pagak', '2016-06-05 06:41:06', '0000-00-00 00:00:00'),
(3619, 255, 3619, 'Pagelaran', '2016-06-05 06:41:06', '0000-00-00 00:00:00'),
(3620, 255, 3620, 'Pakis', '2016-06-05 06:41:06', '0000-00-00 00:00:00'),
(3621, 255, 3621, 'Pakisaji', '2016-06-05 06:41:06', '0000-00-00 00:00:00'),
(3622, 255, 3622, 'Poncokusumo', '2016-06-05 06:41:06', '0000-00-00 00:00:00'),
(3623, 255, 3623, 'Pujon', '2016-06-05 06:41:06', '0000-00-00 00:00:00'),
(3624, 255, 3624, 'Singosari', '2016-06-05 06:41:06', '0000-00-00 00:00:00'),
(3625, 255, 3625, 'Sumbermanjing Wetan', '2016-06-05 06:41:06', '0000-00-00 00:00:00'),
(3626, 255, 3626, 'Sumberpucung', '2016-06-05 06:41:06', '0000-00-00 00:00:00'),
(3627, 255, 3627, 'Tajinan', '2016-06-05 06:41:06', '0000-00-00 00:00:00'),
(3628, 255, 3628, 'Tirtoyudo', '2016-06-05 06:41:06', '0000-00-00 00:00:00'),
(3629, 255, 3629, 'Tumpang', '2016-06-05 06:41:06', '0000-00-00 00:00:00'),
(3630, 255, 3630, 'Turen', '2016-06-05 06:41:06', '0000-00-00 00:00:00'),
(3631, 255, 3631, 'Wagir', '2016-06-05 06:41:06', '0000-00-00 00:00:00'),
(3632, 255, 3632, 'Wajak', '2016-06-05 06:41:06', '0000-00-00 00:00:00'),
(3633, 255, 3633, 'Wonosari', '2016-06-05 06:41:06', '0000-00-00 00:00:00'),
(3634, 256, 3634, 'Blimbing', '2016-06-05 06:41:07', '0000-00-00 00:00:00'),
(3635, 256, 3635, 'Kedungkandang', '2016-06-05 06:41:07', '0000-00-00 00:00:00'),
(3636, 256, 3636, 'Klojen', '2016-06-05 06:41:07', '0000-00-00 00:00:00'),
(3637, 256, 3637, 'Lowokwaru', '2016-06-05 06:41:07', '0000-00-00 00:00:00'),
(3638, 256, 3638, 'Sukun', '2016-06-05 06:41:07', '0000-00-00 00:00:00'),
(3639, 257, 3639, 'Bahau Hulu', '2016-06-05 06:41:07', '0000-00-00 00:00:00'),
(3640, 257, 3640, 'Kayan Hilir', '2016-06-05 06:41:07', '0000-00-00 00:00:00'),
(3641, 257, 3641, 'Kayan Hulu', '2016-06-05 06:41:07', '0000-00-00 00:00:00'),
(3642, 257, 3642, 'Kayan Selatan', '2016-06-05 06:41:07', '0000-00-00 00:00:00'),
(3643, 257, 3643, 'Malinau Barat', '2016-06-05 06:41:07', '0000-00-00 00:00:00'),
(3644, 257, 3644, 'Malinau Kota', '2016-06-05 06:41:07', '0000-00-00 00:00:00'),
(3645, 257, 3645, 'Malinau Selatan', '2016-06-05 06:41:07', '0000-00-00 00:00:00'),
(3646, 257, 3646, 'Malinau Selatan Hilir', '2016-06-05 06:41:07', '0000-00-00 00:00:00'),
(3647, 257, 3647, 'Malinau Selatan Hulu', '2016-06-05 06:41:07', '0000-00-00 00:00:00'),
(3648, 257, 3648, 'Malinau Utara', '2016-06-05 06:41:07', '0000-00-00 00:00:00'),
(3649, 257, 3649, 'Mentarang', '2016-06-05 06:41:07', '0000-00-00 00:00:00'),
(3650, 257, 3650, 'Mentarang Hulu', '2016-06-05 06:41:07', '0000-00-00 00:00:00'),
(3651, 257, 3651, 'Pujungan', '2016-06-05 06:41:07', '0000-00-00 00:00:00'),
(3652, 257, 3652, 'Sungai Boh', '2016-06-05 06:41:07', '0000-00-00 00:00:00'),
(3653, 257, 3653, 'Sungai Tubu', '2016-06-05 06:41:07', '0000-00-00 00:00:00'),
(3654, 258, 3654, 'Damer', '2016-06-05 06:41:07', '0000-00-00 00:00:00'),
(3655, 258, 3655, 'Dawelor Dawera', '2016-06-05 06:41:07', '0000-00-00 00:00:00'),
(3656, 258, 3656, 'Kepulauan Romang', '2016-06-05 06:41:07', '0000-00-00 00:00:00'),
(3657, 258, 3657, 'Kisar Utara', '2016-06-05 06:41:07', '0000-00-00 00:00:00'),
(3658, 258, 3658, 'Mdona Hyera/Hiera', '2016-06-05 06:41:07', '0000-00-00 00:00:00'),
(3659, 258, 3659, 'Moa Lakor', '2016-06-05 06:41:07', '0000-00-00 00:00:00'),
(3660, 258, 3660, 'Pulau Lakor', '2016-06-05 06:41:07', '0000-00-00 00:00:00'),
(3661, 258, 3661, 'Pulau Letti (Leti Moa Lakor)', '2016-06-05 06:41:07', '0000-00-00 00:00:00'),
(3662, 258, 3662, 'Pulau Masela', '2016-06-05 06:41:07', '0000-00-00 00:00:00'),
(3663, 258, 3663, 'Pulau Pulau Babar', '2016-06-05 06:41:07', '0000-00-00 00:00:00'),
(3664, 258, 3664, 'Pulau Pulau Terselatan', '2016-06-05 06:41:07', '0000-00-00 00:00:00'),
(3665, 258, 3665, 'Pulau Wetang', '2016-06-05 06:41:07', '0000-00-00 00:00:00'),
(3666, 258, 3666, 'Pulau-Pulau Babar Timur', '2016-06-05 06:41:07', '0000-00-00 00:00:00'),
(3667, 258, 3667, 'Wetar', '2016-06-05 06:41:07', '0000-00-00 00:00:00'),
(3668, 258, 3668, 'Wetar Barat', '2016-06-05 06:41:07', '0000-00-00 00:00:00'),
(3669, 258, 3669, 'Wetar Timur', '2016-06-05 06:41:07', '0000-00-00 00:00:00'),
(3670, 258, 3670, 'Wetar Utara', '2016-06-05 06:41:07', '0000-00-00 00:00:00'),
(3671, 259, 3671, 'Amahai', '2016-06-05 06:41:07', '0000-00-00 00:00:00'),
(3672, 259, 3672, 'Banda', '2016-06-05 06:41:07', '0000-00-00 00:00:00'),
(3673, 259, 3673, 'Leihitu', '2016-06-05 06:41:07', '0000-00-00 00:00:00'),
(3674, 259, 3674, 'Leihitu Barat', '2016-06-05 06:41:07', '0000-00-00 00:00:00'),
(3675, 259, 3675, 'Masohi Kota', '2016-06-05 06:41:07', '0000-00-00 00:00:00'),
(3676, 259, 3676, 'Nusalaut', '2016-06-05 06:41:07', '0000-00-00 00:00:00'),
(3677, 259, 3677, 'Pulau Haruku', '2016-06-05 06:41:07', '0000-00-00 00:00:00'),
(3678, 259, 3678, 'Salahutu', '2016-06-05 06:41:07', '0000-00-00 00:00:00'),
(3679, 259, 3679, 'Saparua', '2016-06-05 06:41:07', '0000-00-00 00:00:00'),
(3680, 259, 3680, 'Saparua Timur', '2016-06-05 06:41:07', '0000-00-00 00:00:00'),
(3681, 259, 3681, 'Seram Utara', '2016-06-05 06:41:07', '0000-00-00 00:00:00'),
(3682, 259, 3682, 'Seram Utara Barat', '2016-06-05 06:41:07', '0000-00-00 00:00:00'),
(3683, 259, 3683, 'Seram Utara Timur Kobi', '2016-06-05 06:41:07', '0000-00-00 00:00:00'),
(3684, 259, 3684, 'Seram Utara Timur Seti', '2016-06-05 06:41:07', '0000-00-00 00:00:00'),
(3685, 259, 3685, 'Tehoru', '2016-06-05 06:41:07', '0000-00-00 00:00:00'),
(3686, 259, 3686, 'Teluk Elpaputih', '2016-06-05 06:41:07', '0000-00-00 00:00:00'),
(3687, 259, 3687, 'Telutih', '2016-06-05 06:41:07', '0000-00-00 00:00:00'),
(3688, 259, 3688, 'Teon Nila Serua', '2016-06-05 06:41:07', '0000-00-00 00:00:00'),
(3689, 260, 3689, 'Hoat Sorbay', '2016-06-05 06:41:07', '0000-00-00 00:00:00'),
(3690, 260, 3690, 'Kei Besar', '2016-06-05 06:41:07', '0000-00-00 00:00:00'),
(3691, 260, 3691, 'Kei Besar Selatan', '2016-06-05 06:41:07', '0000-00-00 00:00:00'),
(3692, 260, 3692, 'Kei Besar Selatan Barat', '2016-06-05 06:41:07', '0000-00-00 00:00:00'),
(3693, 260, 3693, 'Kei Besar Utara Barat', '2016-06-05 06:41:07', '0000-00-00 00:00:00'),
(3694, 260, 3694, 'Kei Besar Utara Timur', '2016-06-05 06:41:07', '0000-00-00 00:00:00'),
(3695, 260, 3695, 'Kei Kecil', '2016-06-05 06:41:07', '0000-00-00 00:00:00'),
(3696, 260, 3696, 'Kei Kecil Barat', '2016-06-05 06:41:07', '0000-00-00 00:00:00'),
(3697, 260, 3697, 'Kei Kecil Timur', '2016-06-05 06:41:07', '0000-00-00 00:00:00'),
(3698, 260, 3698, 'Kei Kecil Timur Selatan', '2016-06-05 06:41:07', '0000-00-00 00:00:00'),
(3699, 260, 3699, 'Manyeuw', '2016-06-05 06:41:07', '0000-00-00 00:00:00'),
(3700, 261, 3700, 'Kormomolin', '2016-06-05 06:41:07', '0000-00-00 00:00:00'),
(3701, 261, 3701, 'Molu Maru', '2016-06-05 06:41:07', '0000-00-00 00:00:00'),
(3702, 261, 3702, 'Nirunmas', '2016-06-05 06:41:07', '0000-00-00 00:00:00'),
(3703, 261, 3703, 'Selaru', '2016-06-05 06:41:07', '0000-00-00 00:00:00'),
(3704, 261, 3704, 'Tanimbar Selatan', '2016-06-05 06:41:07', '0000-00-00 00:00:00'),
(3705, 261, 3705, 'Tanimbar Utara', '2016-06-05 06:41:07', '0000-00-00 00:00:00'),
(3706, 261, 3706, 'Wermakatian (Wer Maktian)', '2016-06-05 06:41:07', '0000-00-00 00:00:00'),
(3707, 261, 3707, 'Wertamrian', '2016-06-05 06:41:07', '0000-00-00 00:00:00'),
(3708, 261, 3708, 'Wuarlabobar', '2016-06-05 06:41:07', '0000-00-00 00:00:00'),
(3709, 261, 3709, 'Yaru', '2016-06-05 06:41:07', '0000-00-00 00:00:00'),
(3710, 262, 3710, 'Aralle (Arrale)', '2016-06-05 06:41:07', '0000-00-00 00:00:00'),
(3711, 262, 3711, 'Balla', '2016-06-05 06:41:07', '0000-00-00 00:00:00'),
(3712, 262, 3712, 'Bambang', '2016-06-05 06:41:07', '0000-00-00 00:00:00'),
(3713, 262, 3713, 'Buntumalangka', '2016-06-05 06:41:07', '0000-00-00 00:00:00'),
(3714, 262, 3714, 'Mamasa', '2016-06-05 06:41:07', '0000-00-00 00:00:00'),
(3715, 262, 3715, 'Mambi', '2016-06-05 06:41:07', '0000-00-00 00:00:00'),
(3716, 262, 3716, 'Mehalaan', '2016-06-05 06:41:07', '0000-00-00 00:00:00'),
(3717, 262, 3717, 'Messawa', '2016-06-05 06:41:07', '0000-00-00 00:00:00'),
(3718, 262, 3718, 'Nosu', '2016-06-05 06:41:07', '0000-00-00 00:00:00'),
(3719, 262, 3719, 'Pana', '2016-06-05 06:41:07', '0000-00-00 00:00:00'),
(3720, 262, 3720, 'Rantebulahan Timur', '2016-06-05 06:41:07', '0000-00-00 00:00:00'),
(3721, 262, 3721, 'Sesena Padang', '2016-06-05 06:41:07', '0000-00-00 00:00:00'),
(3722, 262, 3722, 'Sumarorong', '2016-06-05 06:41:07', '0000-00-00 00:00:00'),
(3723, 262, 3723, 'Tabang', '2016-06-05 06:41:07', '0000-00-00 00:00:00'),
(3724, 262, 3724, 'Tabulahan', '2016-06-05 06:41:07', '0000-00-00 00:00:00'),
(3725, 262, 3725, 'Tanduk Kalua', '2016-06-05 06:41:07', '0000-00-00 00:00:00'),
(3726, 262, 3726, 'Tawalian', '2016-06-05 06:41:07', '0000-00-00 00:00:00'),
(3727, 263, 3727, 'Benuki', '2016-06-05 06:41:07', '0000-00-00 00:00:00'),
(3728, 263, 3728, 'Mamberamo Hilir/Ilir', '2016-06-05 06:41:07', '0000-00-00 00:00:00'),
(3729, 263, 3729, 'Mamberamo Hulu/Ulu', '2016-06-05 06:41:07', '0000-00-00 00:00:00'),
(3730, 263, 3730, 'Mamberamo Tengah', '2016-06-05 06:41:07', '0000-00-00 00:00:00'),
(3731, 263, 3731, 'Mamberamo Tengah Timur', '2016-06-05 06:41:07', '0000-00-00 00:00:00'),
(3732, 263, 3732, 'Rofaer (Rufaer)', '2016-06-05 06:41:07', '0000-00-00 00:00:00'),
(3733, 263, 3733, 'Sawai', '2016-06-05 06:41:07', '0000-00-00 00:00:00'),
(3734, 263, 3734, 'Waropen Atas', '2016-06-05 06:41:07', '0000-00-00 00:00:00'),
(3735, 264, 3735, 'Eragayam', '2016-06-05 06:41:07', '0000-00-00 00:00:00'),
(3736, 264, 3736, 'Ilugwa', '2016-06-05 06:41:07', '0000-00-00 00:00:00'),
(3737, 264, 3737, 'Kelila', '2016-06-05 06:41:07', '0000-00-00 00:00:00'),
(3738, 264, 3738, 'Kobakma', '2016-06-05 06:41:07', '0000-00-00 00:00:00'),
(3739, 264, 3739, 'Megabilis (Megambilis)', '2016-06-05 06:41:07', '0000-00-00 00:00:00'),
(3740, 265, 3740, 'Bonehau', '2016-06-05 06:41:07', '0000-00-00 00:00:00'),
(3741, 265, 3741, 'Budong-Budong', '2016-06-05 06:41:07', '0000-00-00 00:00:00'),
(3742, 265, 3742, 'Kalukku', '2016-06-05 06:41:07', '0000-00-00 00:00:00'),
(3743, 265, 3743, 'Kalumpang', '2016-06-05 06:41:07', '0000-00-00 00:00:00'),
(3744, 265, 3744, 'Karossa', '2016-06-05 06:41:07', '0000-00-00 00:00:00'),
(3745, 265, 3745, 'Kep. Bala Balakang', '2016-06-05 06:41:07', '0000-00-00 00:00:00'),
(3746, 265, 3746, 'Mamuju', '2016-06-05 06:41:07', '0000-00-00 00:00:00'),
(3747, 265, 3747, 'Pangale', '2016-06-05 06:41:07', '0000-00-00 00:00:00'),
(3748, 265, 3748, 'Papalang', '2016-06-05 06:41:07', '0000-00-00 00:00:00'),
(3749, 265, 3749, 'Sampaga', '2016-06-05 06:41:07', '0000-00-00 00:00:00'),
(3750, 265, 3750, 'Simboro dan Kepulauan', '2016-06-05 06:41:07', '0000-00-00 00:00:00'),
(3751, 265, 3751, 'Tapalang', '2016-06-05 06:41:07', '0000-00-00 00:00:00'),
(3752, 265, 3752, 'Tapalang Barat', '2016-06-05 06:41:07', '0000-00-00 00:00:00'),
(3753, 265, 3753, 'Tobadak', '2016-06-05 06:41:07', '0000-00-00 00:00:00'),
(3754, 265, 3754, 'Tommo', '2016-06-05 06:41:07', '0000-00-00 00:00:00'),
(3755, 265, 3755, 'Topoyo', '2016-06-05 06:41:07', '0000-00-00 00:00:00'),
(3756, 266, 3756, 'Bambaira', '2016-06-05 06:41:07', '0000-00-00 00:00:00'),
(3757, 266, 3757, 'Bambalamotu', '2016-06-05 06:41:07', '0000-00-00 00:00:00'),
(3758, 266, 3758, 'Baras', '2016-06-05 06:41:07', '0000-00-00 00:00:00'),
(3759, 266, 3759, 'Bulu Taba', '2016-06-05 06:41:07', '0000-00-00 00:00:00'),
(3760, 266, 3760, 'Dapurang', '2016-06-05 06:41:07', '0000-00-00 00:00:00'),
(3761, 266, 3761, 'Duripoku', '2016-06-05 06:41:07', '0000-00-00 00:00:00'),
(3762, 266, 3762, 'Lariang', '2016-06-05 06:41:07', '0000-00-00 00:00:00'),
(3763, 266, 3763, 'Pasangkayu', '2016-06-05 06:41:07', '0000-00-00 00:00:00'),
(3764, 266, 3764, 'Pedongga', '2016-06-05 06:41:07', '0000-00-00 00:00:00'),
(3765, 266, 3765, 'Sarjo', '2016-06-05 06:41:07', '0000-00-00 00:00:00'),
(3766, 266, 3766, 'Sarudu', '2016-06-05 06:41:07', '0000-00-00 00:00:00'),
(3767, 266, 3767, 'Tikke Raya', '2016-06-05 06:41:07', '0000-00-00 00:00:00'),
(3768, 267, 3768, 'Bunaken', '2016-06-05 06:41:08', '0000-00-00 00:00:00'),
(3769, 267, 3769, 'Bunaken Kepulauan', '2016-06-05 06:41:08', '0000-00-00 00:00:00'),
(3770, 267, 3770, 'Malalayang', '2016-06-05 06:41:08', '0000-00-00 00:00:00'),
(3771, 267, 3771, 'Mapanget', '2016-06-05 06:41:08', '0000-00-00 00:00:00'),
(3772, 267, 3772, 'Paal Dua', '2016-06-05 06:41:08', '0000-00-00 00:00:00'),
(3773, 267, 3773, 'Sario', '2016-06-05 06:41:08', '0000-00-00 00:00:00'),
(3774, 267, 3774, 'Singkil', '2016-06-05 06:41:08', '0000-00-00 00:00:00'),
(3775, 267, 3775, 'Tikala', '2016-06-05 06:41:08', '0000-00-00 00:00:00'),
(3776, 267, 3776, 'Tuminiting', '2016-06-05 06:41:08', '0000-00-00 00:00:00'),
(3777, 267, 3777, 'Wanea', '2016-06-05 06:41:08', '0000-00-00 00:00:00'),
(3778, 267, 3778, 'Wenang', '2016-06-05 06:41:08', '0000-00-00 00:00:00'),
(3779, 268, 3779, 'Batahan', '2016-06-05 06:41:08', '0000-00-00 00:00:00'),
(3780, 268, 3780, 'Batang Natal', '2016-06-05 06:41:08', '0000-00-00 00:00:00'),
(3781, 268, 3781, 'Bukit Malintang', '2016-06-05 06:41:08', '0000-00-00 00:00:00'),
(3782, 268, 3782, 'Huta Bargot', '2016-06-05 06:41:08', '0000-00-00 00:00:00'),
(3783, 268, 3783, 'Kotanopan', '2016-06-05 06:41:08', '0000-00-00 00:00:00'),
(3784, 268, 3784, 'Langga Bayu (Lingga Bayu)', '2016-06-05 06:41:08', '0000-00-00 00:00:00'),
(3785, 268, 3785, 'Lembah Sorik Merapi', '2016-06-05 06:41:08', '0000-00-00 00:00:00'),
(3786, 268, 3786, 'Muara Batang Gadis', '2016-06-05 06:41:08', '0000-00-00 00:00:00'),
(3787, 268, 3787, 'Muara Sipongi', '2016-06-05 06:41:08', '0000-00-00 00:00:00'),
(3788, 268, 3788, 'Naga Juang', '2016-06-05 06:41:08', '0000-00-00 00:00:00'),
(3789, 268, 3789, 'Natal', '2016-06-05 06:41:08', '0000-00-00 00:00:00'),
(3790, 268, 3790, 'Pakantan', '2016-06-05 06:41:08', '0000-00-00 00:00:00'),
(3791, 268, 3791, 'Panyabungan Barat', '2016-06-05 06:41:08', '0000-00-00 00:00:00'),
(3792, 268, 3792, 'Panyabungan Kota', '2016-06-05 06:41:08', '0000-00-00 00:00:00'),
(3793, 268, 3793, 'Panyabungan Selatan', '2016-06-05 06:41:08', '0000-00-00 00:00:00'),
(3794, 268, 3794, 'Panyabungan Timur', '2016-06-05 06:41:08', '0000-00-00 00:00:00'),
(3795, 268, 3795, 'Panyabungan Utara', '2016-06-05 06:41:08', '0000-00-00 00:00:00'),
(3796, 268, 3796, 'Puncak Sorik Marapi/Merapi', '2016-06-05 06:41:08', '0000-00-00 00:00:00'),
(3797, 268, 3797, 'Ranto Baek/Baik', '2016-06-05 06:41:08', '0000-00-00 00:00:00'),
(3798, 268, 3798, 'Siabu', '2016-06-05 06:41:08', '0000-00-00 00:00:00'),
(3799, 268, 3799, 'Sinunukan', '2016-06-05 06:41:08', '0000-00-00 00:00:00'),
(3800, 268, 3800, 'Tambangan', '2016-06-05 06:41:08', '0000-00-00 00:00:00'),
(3801, 268, 3801, 'Ulu Pungkut', '2016-06-05 06:41:08', '0000-00-00 00:00:00'),
(3802, 269, 3802, 'Cibal', '2016-06-05 06:41:08', '0000-00-00 00:00:00'),
(3803, 269, 3803, 'Cibal Barat', '2016-06-05 06:41:08', '0000-00-00 00:00:00'),
(3804, 269, 3804, 'Langke Rembong', '2016-06-05 06:41:08', '0000-00-00 00:00:00'),
(3805, 269, 3805, 'Lelak', '2016-06-05 06:41:08', '0000-00-00 00:00:00'),
(3806, 269, 3806, 'Rahong Utara', '2016-06-05 06:41:08', '0000-00-00 00:00:00'),
(3807, 269, 3807, 'Reok', '2016-06-05 06:41:08', '0000-00-00 00:00:00'),
(3808, 269, 3808, 'Reok Barat', '2016-06-05 06:41:08', '0000-00-00 00:00:00'),
(3809, 269, 3809, 'Ruteng', '2016-06-05 06:41:08', '0000-00-00 00:00:00'),
(3810, 269, 3810, 'Satar Mese', '2016-06-05 06:41:08', '0000-00-00 00:00:00'),
(3811, 269, 3811, 'Satar Mese Barat', '2016-06-05 06:41:08', '0000-00-00 00:00:00'),
(3812, 269, 3812, 'Wae Rii', '2016-06-05 06:41:08', '0000-00-00 00:00:00'),
(3813, 270, 3813, 'Boleng', '2016-06-05 06:41:08', '0000-00-00 00:00:00'),
(3814, 270, 3814, 'Komodo', '2016-06-05 06:41:08', '0000-00-00 00:00:00'),
(3815, 270, 3815, 'Kuwus', '2016-06-05 06:41:08', '0000-00-00 00:00:00'),
(3816, 270, 3816, 'Lembor', '2016-06-05 06:41:08', '0000-00-00 00:00:00'),
(3817, 270, 3817, 'Lembor Selatan', '2016-06-05 06:41:08', '0000-00-00 00:00:00'),
(3818, 270, 3818, 'Macang Pacar', '2016-06-05 06:41:08', '0000-00-00 00:00:00'),
(3819, 270, 3819, 'Mbeliling', '2016-06-05 06:41:08', '0000-00-00 00:00:00'),
(3820, 270, 3820, 'Ndoso', '2016-06-05 06:41:08', '0000-00-00 00:00:00'),
(3821, 270, 3821, 'Sano Nggoang', '2016-06-05 06:41:08', '0000-00-00 00:00:00'),
(3822, 270, 3822, 'Welak', '2016-06-05 06:41:08', '0000-00-00 00:00:00'),
(3823, 271, 3823, 'Borong', '2016-06-05 06:41:08', '0000-00-00 00:00:00'),
(3824, 271, 3824, 'Elar', '2016-06-05 06:41:08', '0000-00-00 00:00:00'),
(3825, 271, 3825, 'Elar Selatan', '2016-06-05 06:41:08', '0000-00-00 00:00:00'),
(3826, 271, 3826, 'Kota Komba', '2016-06-05 06:41:08', '0000-00-00 00:00:00'),
(3827, 271, 3827, 'Lamba Leda', '2016-06-05 06:41:08', '0000-00-00 00:00:00'),
(3828, 271, 3828, 'Poco Ranaka', '2016-06-05 06:41:08', '0000-00-00 00:00:00'),
(3829, 271, 3829, 'Poco Ranaka Timur', '2016-06-05 06:41:08', '0000-00-00 00:00:00'),
(3830, 271, 3830, 'Rana Mese', '2016-06-05 06:41:08', '0000-00-00 00:00:00'),
(3831, 271, 3831, 'Sambi Rampas', '2016-06-05 06:41:08', '0000-00-00 00:00:00'),
(3832, 272, 3832, 'Manokwari Barat', '2016-06-05 06:41:08', '0000-00-00 00:00:00'),
(3833, 272, 3833, 'Manokwari Selatan', '2016-06-05 06:41:08', '0000-00-00 00:00:00'),
(3834, 272, 3834, 'Manokwari Timur', '2016-06-05 06:41:08', '0000-00-00 00:00:00'),
(3835, 272, 3835, 'Manokwari Utara', '2016-06-05 06:41:08', '0000-00-00 00:00:00'),
(3836, 272, 3836, 'Masni', '2016-06-05 06:41:08', '0000-00-00 00:00:00'),
(3837, 272, 3837, 'Prafi', '2016-06-05 06:41:08', '0000-00-00 00:00:00'),
(3838, 272, 3838, 'Sidey', '2016-06-05 06:41:08', '0000-00-00 00:00:00'),
(3839, 272, 3839, 'Tanah Rubuh', '2016-06-05 06:41:08', '0000-00-00 00:00:00'),
(3840, 272, 3840, 'Warmare', '2016-06-05 06:41:08', '0000-00-00 00:00:00'),
(3841, 273, 3841, 'Dataran Isim', '2016-06-05 06:41:08', '0000-00-00 00:00:00'),
(3842, 273, 3842, 'Momi Waren', '2016-06-05 06:41:08', '0000-00-00 00:00:00'),
(3843, 273, 3843, 'Neney (Nenei)', '2016-06-05 06:41:08', '0000-00-00 00:00:00'),
(3844, 273, 3844, 'Oransbari', '2016-06-05 06:41:08', '0000-00-00 00:00:00'),
(3845, 273, 3845, 'Ransiki', '2016-06-05 06:41:08', '0000-00-00 00:00:00'),
(3846, 273, 3846, 'Tahota (Tohota)', '2016-06-05 06:41:08', '0000-00-00 00:00:00'),
(3847, 274, 3847, 'Assue', '2016-06-05 06:41:08', '0000-00-00 00:00:00'),
(3848, 274, 3848, 'Bamgi', '2016-06-05 06:41:08', '0000-00-00 00:00:00'),
(3849, 274, 3849, 'Citakmitak', '2016-06-05 06:41:08', '0000-00-00 00:00:00'),
(3850, 274, 3850, 'Edera', '2016-06-05 06:41:08', '0000-00-00 00:00:00'),
(3851, 274, 3851, 'Haju', '2016-06-05 06:41:08', '0000-00-00 00:00:00'),
(3852, 274, 3852, 'Kaibar', '2016-06-05 06:41:08', '0000-00-00 00:00:00'),
(3853, 274, 3853, 'Minyamur', '2016-06-05 06:41:08', '0000-00-00 00:00:00'),
(3854, 274, 3854, 'Nambioman Bapai (Mambioman)', '2016-06-05 06:41:08', '0000-00-00 00:00:00'),
(3855, 274, 3855, 'Obaa', '2016-06-05 06:41:08', '0000-00-00 00:00:00'),
(3856, 274, 3856, 'Passue', '2016-06-05 06:41:08', '0000-00-00 00:00:00'),
(3857, 274, 3857, 'Passue Bawah', '2016-06-05 06:41:08', '0000-00-00 00:00:00'),
(3858, 274, 3858, 'Syahcame', '2016-06-05 06:41:08', '0000-00-00 00:00:00'),
(3859, 274, 3859, 'Ti Zain', '2016-06-05 06:41:08', '0000-00-00 00:00:00'),
(3860, 274, 3860, 'Venaha', '2016-06-05 06:41:08', '0000-00-00 00:00:00'),
(3861, 274, 3861, 'Yakomi', '2016-06-05 06:41:08', '0000-00-00 00:00:00'),
(3862, 275, 3862, 'Bantimurung', '2016-06-05 06:41:08', '0000-00-00 00:00:00'),
(3863, 275, 3863, 'Bontoa (Maros Utara)', '2016-06-05 06:41:08', '0000-00-00 00:00:00'),
(3864, 275, 3864, 'Camba', '2016-06-05 06:41:08', '0000-00-00 00:00:00'),
(3865, 275, 3865, 'Cenrana', '2016-06-05 06:41:08', '0000-00-00 00:00:00'),
(3866, 275, 3866, 'Lau', '2016-06-05 06:41:08', '0000-00-00 00:00:00'),
(3867, 275, 3867, 'Mallawa', '2016-06-05 06:41:08', '0000-00-00 00:00:00'),
(3868, 275, 3868, 'Mandai', '2016-06-05 06:41:08', '0000-00-00 00:00:00'),
(3869, 275, 3869, 'Maros Baru', '2016-06-05 06:41:08', '0000-00-00 00:00:00'),
(3870, 275, 3870, 'Marusu', '2016-06-05 06:41:08', '0000-00-00 00:00:00'),
(3871, 275, 3871, 'Moncongloe', '2016-06-05 06:41:08', '0000-00-00 00:00:00'),
(3872, 275, 3872, 'Simbang', '2016-06-05 06:41:08', '0000-00-00 00:00:00'),
(3873, 275, 3873, 'Tanralili', '2016-06-05 06:41:08', '0000-00-00 00:00:00'),
(3874, 275, 3874, 'Tompu Bulu', '2016-06-05 06:41:08', '0000-00-00 00:00:00'),
(3875, 275, 3875, 'Turikale', '2016-06-05 06:41:08', '0000-00-00 00:00:00'),
(3876, 276, 3876, 'Ampenan', '2016-06-05 06:41:08', '0000-00-00 00:00:00'),
(3877, 276, 3877, 'Cakranegara', '2016-06-05 06:41:08', '0000-00-00 00:00:00'),
(3878, 276, 3878, 'Mataram', '2016-06-05 06:41:08', '0000-00-00 00:00:00'),
(3879, 276, 3879, 'Sandubaya (Sandujaya)', '2016-06-05 06:41:08', '0000-00-00 00:00:00'),
(3880, 276, 3880, 'Sekarbela', '2016-06-05 06:41:08', '0000-00-00 00:00:00'),
(3881, 276, 3881, 'Selaparang (Selaprang)', '2016-06-05 06:41:08', '0000-00-00 00:00:00'),
(3882, 277, 3882, 'Aifat', '2016-06-05 06:41:08', '0000-00-00 00:00:00'),
(3883, 277, 3883, 'Aifat Selatan', '2016-06-05 06:41:08', '0000-00-00 00:00:00'),
(3884, 277, 3884, 'Aifat Timur', '2016-06-05 06:41:08', '0000-00-00 00:00:00'),
(3885, 277, 3885, 'Aifat Timur Jauh', '2016-06-05 06:41:08', '0000-00-00 00:00:00'),
(3886, 277, 3886, 'Aifat Timur Selatan', '2016-06-05 06:41:08', '0000-00-00 00:00:00'),
(3887, 277, 3887, 'Aifat Timur Tengah', '2016-06-05 06:41:08', '0000-00-00 00:00:00'),
(3888, 277, 3888, 'Aifat Utara', '2016-06-05 06:41:08', '0000-00-00 00:00:00'),
(3889, 277, 3889, 'Aitinyo', '2016-06-05 06:41:08', '0000-00-00 00:00:00'),
(3890, 277, 3890, 'Aitinyo Barat', '2016-06-05 06:41:08', '0000-00-00 00:00:00'),
(3891, 277, 3891, 'Aitinyo Raya', '2016-06-05 06:41:08', '0000-00-00 00:00:00'),
(3892, 277, 3892, 'Aitinyo Tengah', '2016-06-05 06:41:08', '0000-00-00 00:00:00'),
(3893, 277, 3893, 'Aitinyo Utara', '2016-06-05 06:41:08', '0000-00-00 00:00:00'),
(3894, 277, 3894, 'Ayamaru', '2016-06-05 06:41:08', '0000-00-00 00:00:00'),
(3895, 277, 3895, 'Ayamaru Barat', '2016-06-05 06:41:08', '0000-00-00 00:00:00'),
(3896, 277, 3896, 'Ayamaru Jaya', '2016-06-05 06:41:08', '0000-00-00 00:00:00'),
(3897, 277, 3897, 'Ayamaru Selatan', '2016-06-05 06:41:08', '0000-00-00 00:00:00'),
(3898, 277, 3898, 'Ayamaru Selatan Jaya', '2016-06-05 06:41:08', '0000-00-00 00:00:00'),
(3899, 277, 3899, 'Ayamaru Tengah', '2016-06-05 06:41:08', '0000-00-00 00:00:00'),
(3900, 277, 3900, 'Ayamaru Timur', '2016-06-05 06:41:08', '0000-00-00 00:00:00'),
(3901, 277, 3901, 'Ayamaru Timur Selatan', '2016-06-05 06:41:08', '0000-00-00 00:00:00'),
(3902, 277, 3902, 'Ayamaru Utara', '2016-06-05 06:41:08', '0000-00-00 00:00:00'),
(3903, 277, 3903, 'Ayamaru Utara Timur', '2016-06-05 06:41:08', '0000-00-00 00:00:00'),
(3904, 277, 3904, 'Mare', '2016-06-05 06:41:08', '0000-00-00 00:00:00'),
(3905, 277, 3905, 'Mare Selatan', '2016-06-05 06:41:08', '0000-00-00 00:00:00'),
(3906, 278, 3906, 'Medan Amplas', '2016-06-05 06:41:09', '0000-00-00 00:00:00'),
(3907, 278, 3907, 'Medan Area', '2016-06-05 06:41:09', '0000-00-00 00:00:00'),
(3908, 278, 3908, 'Medan Barat', '2016-06-05 06:41:09', '0000-00-00 00:00:00'),
(3909, 278, 3909, 'Medan Baru', '2016-06-05 06:41:09', '0000-00-00 00:00:00'),
(3910, 278, 3910, 'Medan Belawan Kota', '2016-06-05 06:41:09', '0000-00-00 00:00:00'),
(3911, 278, 3911, 'Medan Deli', '2016-06-05 06:41:09', '0000-00-00 00:00:00'),
(3912, 278, 3912, 'Medan Denai', '2016-06-05 06:41:09', '0000-00-00 00:00:00'),
(3913, 278, 3913, 'Medan Helvetia', '2016-06-05 06:41:09', '0000-00-00 00:00:00'),
(3914, 278, 3914, 'Medan Johor', '2016-06-05 06:41:09', '0000-00-00 00:00:00'),
(3915, 278, 3915, 'Medan Kota', '2016-06-05 06:41:09', '0000-00-00 00:00:00'),
(3916, 278, 3916, 'Medan Labuhan', '2016-06-05 06:41:09', '0000-00-00 00:00:00'),
(3917, 278, 3917, 'Medan Maimun', '2016-06-05 06:41:09', '0000-00-00 00:00:00'),
(3918, 278, 3918, 'Medan Marelan', '2016-06-05 06:41:09', '0000-00-00 00:00:00'),
(3919, 278, 3919, 'Medan Perjuangan', '2016-06-05 06:41:09', '0000-00-00 00:00:00'),
(3920, 278, 3920, 'Medan Petisah', '2016-06-05 06:41:09', '0000-00-00 00:00:00'),
(3921, 278, 3921, 'Medan Polonia', '2016-06-05 06:41:09', '0000-00-00 00:00:00'),
(3922, 278, 3922, 'Medan Selayang', '2016-06-05 06:41:09', '0000-00-00 00:00:00'),
(3923, 278, 3923, 'Medan Sunggal', '2016-06-05 06:41:09', '0000-00-00 00:00:00'),
(3924, 278, 3924, 'Medan Tembung', '2016-06-05 06:41:09', '0000-00-00 00:00:00'),
(3925, 278, 3925, 'Medan Timur', '2016-06-05 06:41:09', '0000-00-00 00:00:00'),
(3926, 278, 3926, 'Medan Tuntungan', '2016-06-05 06:41:09', '0000-00-00 00:00:00'),
(3927, 279, 3927, 'Belimbing', '2016-06-05 06:41:09', '0000-00-00 00:00:00'),
(3928, 279, 3928, 'Belimbing Hulu', '2016-06-05 06:41:09', '0000-00-00 00:00:00');
INSERT INTO `bkm_sub_district` (`id`, `city_id`, `sub_district_id`, `name`, `created_at`, `updated_at`) VALUES
(3929, 279, 3929, 'Ella Hilir', '2016-06-05 06:41:09', '0000-00-00 00:00:00'),
(3930, 279, 3930, 'Menukung', '2016-06-05 06:41:09', '0000-00-00 00:00:00'),
(3931, 279, 3931, 'Nanga Pinoh', '2016-06-05 06:41:09', '0000-00-00 00:00:00'),
(3932, 279, 3932, 'Pinoh Selatan', '2016-06-05 06:41:09', '0000-00-00 00:00:00'),
(3933, 279, 3933, 'Pinoh Utara', '2016-06-05 06:41:09', '0000-00-00 00:00:00'),
(3934, 279, 3934, 'Sayan', '2016-06-05 06:41:09', '0000-00-00 00:00:00'),
(3935, 279, 3935, 'Sokan', '2016-06-05 06:41:09', '0000-00-00 00:00:00'),
(3936, 279, 3936, 'Tanah Pinoh', '2016-06-05 06:41:09', '0000-00-00 00:00:00'),
(3937, 279, 3937, 'Tanah Pinoh Barat', '2016-06-05 06:41:09', '0000-00-00 00:00:00'),
(3938, 280, 3938, 'Bangko', '2016-06-05 06:41:09', '0000-00-00 00:00:00'),
(3939, 280, 3939, 'Bangko Barat', '2016-06-05 06:41:09', '0000-00-00 00:00:00'),
(3940, 280, 3940, 'Batang Masumai', '2016-06-05 06:41:09', '0000-00-00 00:00:00'),
(3941, 280, 3941, 'Jangkat', '2016-06-05 06:41:09', '0000-00-00 00:00:00'),
(3942, 280, 3942, 'Lembah Masurai', '2016-06-05 06:41:09', '0000-00-00 00:00:00'),
(3943, 280, 3943, 'Margo Tabir', '2016-06-05 06:41:09', '0000-00-00 00:00:00'),
(3944, 280, 3944, 'Muara Siau', '2016-06-05 06:41:09', '0000-00-00 00:00:00'),
(3945, 280, 3945, 'Nalo Tantan', '2016-06-05 06:41:09', '0000-00-00 00:00:00'),
(3946, 280, 3946, 'Pamenang', '2016-06-05 06:41:09', '0000-00-00 00:00:00'),
(3947, 280, 3947, 'Pamenang Barat', '2016-06-05 06:41:09', '0000-00-00 00:00:00'),
(3948, 280, 3948, 'Pamenang Selatan', '2016-06-05 06:41:09', '0000-00-00 00:00:00'),
(3949, 280, 3949, 'Pangkalan Jambu', '2016-06-05 06:41:09', '0000-00-00 00:00:00'),
(3950, 280, 3950, 'Renah Pembarap', '2016-06-05 06:41:09', '0000-00-00 00:00:00'),
(3951, 280, 3951, 'Renah Pemenang', '2016-06-05 06:41:09', '0000-00-00 00:00:00'),
(3952, 280, 3952, 'Sungai Manau', '2016-06-05 06:41:09', '0000-00-00 00:00:00'),
(3953, 280, 3953, 'Sungai Tenang', '2016-06-05 06:41:09', '0000-00-00 00:00:00'),
(3954, 280, 3954, 'Tabir', '2016-06-05 06:41:09', '0000-00-00 00:00:00'),
(3955, 280, 3955, 'Tabir Barat', '2016-06-05 06:41:09', '0000-00-00 00:00:00'),
(3956, 280, 3956, 'Tabir Ilir', '2016-06-05 06:41:09', '0000-00-00 00:00:00'),
(3957, 280, 3957, 'Tabir Lintas', '2016-06-05 06:41:09', '0000-00-00 00:00:00'),
(3958, 280, 3958, 'Tabir Selatan', '2016-06-05 06:41:09', '0000-00-00 00:00:00'),
(3959, 280, 3959, 'Tabir Timur', '2016-06-05 06:41:09', '0000-00-00 00:00:00'),
(3960, 280, 3960, 'Tabir Ulu', '2016-06-05 06:41:09', '0000-00-00 00:00:00'),
(3961, 280, 3961, 'Tiang Pumpung', '2016-06-05 06:41:09', '0000-00-00 00:00:00'),
(3962, 281, 3962, 'Animha', '2016-06-05 06:41:09', '0000-00-00 00:00:00'),
(3963, 281, 3963, 'Eligobel', '2016-06-05 06:41:09', '0000-00-00 00:00:00'),
(3964, 281, 3964, 'Ilyawab', '2016-06-05 06:41:09', '0000-00-00 00:00:00'),
(3965, 281, 3965, 'Jagebob', '2016-06-05 06:41:09', '0000-00-00 00:00:00'),
(3966, 281, 3966, 'Kaptel', '2016-06-05 06:41:09', '0000-00-00 00:00:00'),
(3967, 281, 3967, 'Kimaam', '2016-06-05 06:41:09', '0000-00-00 00:00:00'),
(3968, 281, 3968, 'Kurik', '2016-06-05 06:41:09', '0000-00-00 00:00:00'),
(3969, 281, 3969, 'Malind', '2016-06-05 06:41:09', '0000-00-00 00:00:00'),
(3970, 281, 3970, 'Merauke', '2016-06-05 06:41:09', '0000-00-00 00:00:00'),
(3971, 281, 3971, 'Muting', '2016-06-05 06:41:09', '0000-00-00 00:00:00'),
(3972, 281, 3972, 'Naukenjerai', '2016-06-05 06:41:09', '0000-00-00 00:00:00'),
(3973, 281, 3973, 'Ngguti (Nggunti)', '2016-06-05 06:41:09', '0000-00-00 00:00:00'),
(3974, 281, 3974, 'Okaba', '2016-06-05 06:41:09', '0000-00-00 00:00:00'),
(3975, 281, 3975, 'Semangga', '2016-06-05 06:41:09', '0000-00-00 00:00:00'),
(3976, 281, 3976, 'Sota', '2016-06-05 06:41:09', '0000-00-00 00:00:00'),
(3977, 281, 3977, 'Tabonji', '2016-06-05 06:41:09', '0000-00-00 00:00:00'),
(3978, 281, 3978, 'Tanah Miring', '2016-06-05 06:41:09', '0000-00-00 00:00:00'),
(3979, 281, 3979, 'Tubang', '2016-06-05 06:41:09', '0000-00-00 00:00:00'),
(3980, 281, 3980, 'Ulilin', '2016-06-05 06:41:09', '0000-00-00 00:00:00'),
(3981, 281, 3981, 'Waan', '2016-06-05 06:41:09', '0000-00-00 00:00:00'),
(3982, 282, 3982, 'Mesuji', '2016-06-05 06:41:09', '0000-00-00 00:00:00'),
(3983, 282, 3983, 'Mesuji Timur', '2016-06-05 06:41:09', '0000-00-00 00:00:00'),
(3984, 282, 3984, 'Panca Jaya', '2016-06-05 06:41:09', '0000-00-00 00:00:00'),
(3985, 282, 3985, 'Rawa Jitu Utara', '2016-06-05 06:41:09', '0000-00-00 00:00:00'),
(3986, 282, 3986, 'Simpang Pematang', '2016-06-05 06:41:09', '0000-00-00 00:00:00'),
(3987, 282, 3987, 'Tanjung Raya', '2016-06-05 06:41:09', '0000-00-00 00:00:00'),
(3988, 282, 3988, 'Way Serdang', '2016-06-05 06:41:09', '0000-00-00 00:00:00'),
(3989, 283, 3989, 'Metro Barat', '2016-06-05 06:41:09', '0000-00-00 00:00:00'),
(3990, 283, 3990, 'Metro Pusat', '2016-06-05 06:41:09', '0000-00-00 00:00:00'),
(3991, 283, 3991, 'Metro Selatan', '2016-06-05 06:41:09', '0000-00-00 00:00:00'),
(3992, 283, 3992, 'Metro Timur', '2016-06-05 06:41:09', '0000-00-00 00:00:00'),
(3993, 283, 3993, 'Metro Utara', '2016-06-05 06:41:09', '0000-00-00 00:00:00'),
(3994, 284, 3994, 'Agimuga', '2016-06-05 06:41:09', '0000-00-00 00:00:00'),
(3995, 284, 3995, 'Jila', '2016-06-05 06:41:09', '0000-00-00 00:00:00'),
(3996, 284, 3996, 'Jita', '2016-06-05 06:41:09', '0000-00-00 00:00:00'),
(3997, 284, 3997, 'Kuala Kencana', '2016-06-05 06:41:09', '0000-00-00 00:00:00'),
(3998, 284, 3998, 'Mimika Barat (Mibar)', '2016-06-05 06:41:09', '0000-00-00 00:00:00'),
(3999, 284, 3999, 'Mimika Barat Jauh', '2016-06-05 06:41:09', '0000-00-00 00:00:00'),
(4000, 284, 4000, 'Mimika Barat Tengah', '2016-06-05 06:41:09', '0000-00-00 00:00:00'),
(4001, 284, 4001, 'Mimika Baru', '2016-06-05 06:41:09', '0000-00-00 00:00:00'),
(4002, 284, 4002, 'Mimika Timur', '2016-06-05 06:41:09', '0000-00-00 00:00:00'),
(4003, 284, 4003, 'Mimika Timur Jauh', '2016-06-05 06:41:09', '0000-00-00 00:00:00'),
(4004, 284, 4004, 'Mimika Timur Tengah', '2016-06-05 06:41:09', '0000-00-00 00:00:00'),
(4005, 284, 4005, 'Tembagapura', '2016-06-05 06:41:09', '0000-00-00 00:00:00'),
(4006, 285, 4006, 'Eris', '2016-06-05 06:41:09', '0000-00-00 00:00:00'),
(4007, 285, 4007, 'Kakas', '2016-06-05 06:41:09', '0000-00-00 00:00:00'),
(4008, 285, 4008, 'Kakas Barat', '2016-06-05 06:41:09', '0000-00-00 00:00:00'),
(4009, 285, 4009, 'Kawangkoan', '2016-06-05 06:41:09', '0000-00-00 00:00:00'),
(4010, 285, 4010, 'Kawangkoan Barat', '2016-06-05 06:41:09', '0000-00-00 00:00:00'),
(4011, 285, 4011, 'Kawangkoan Utara', '2016-06-05 06:41:09', '0000-00-00 00:00:00'),
(4012, 285, 4012, 'Kombi', '2016-06-05 06:41:09', '0000-00-00 00:00:00'),
(4013, 285, 4013, 'Langowan Barat', '2016-06-05 06:41:09', '0000-00-00 00:00:00'),
(4014, 285, 4014, 'Langowan Selatan', '2016-06-05 06:41:09', '0000-00-00 00:00:00'),
(4015, 285, 4015, 'Langowan Timur', '2016-06-05 06:41:09', '0000-00-00 00:00:00'),
(4016, 285, 4016, 'Langowan Utara', '2016-06-05 06:41:09', '0000-00-00 00:00:00'),
(4017, 285, 4017, 'Lembean Timur', '2016-06-05 06:41:09', '0000-00-00 00:00:00'),
(4018, 285, 4018, 'Mandolang', '2016-06-05 06:41:09', '0000-00-00 00:00:00'),
(4019, 285, 4019, 'Pineleng', '2016-06-05 06:41:09', '0000-00-00 00:00:00'),
(4020, 285, 4020, 'Remboken', '2016-06-05 06:41:09', '0000-00-00 00:00:00'),
(4021, 285, 4021, 'Sonder', '2016-06-05 06:41:09', '0000-00-00 00:00:00'),
(4022, 285, 4022, 'Tombariri', '2016-06-05 06:41:09', '0000-00-00 00:00:00'),
(4023, 285, 4023, 'Tombariri Timur', '2016-06-05 06:41:09', '0000-00-00 00:00:00'),
(4024, 285, 4024, 'Tombulu', '2016-06-05 06:41:09', '0000-00-00 00:00:00'),
(4025, 285, 4025, 'Tompaso', '2016-06-05 06:41:09', '0000-00-00 00:00:00'),
(4026, 285, 4026, 'Tompaso Barat', '2016-06-05 06:41:09', '0000-00-00 00:00:00'),
(4027, 285, 4027, 'Tondano Barat', '2016-06-05 06:41:09', '0000-00-00 00:00:00'),
(4028, 285, 4028, 'Tondano Selatan', '2016-06-05 06:41:09', '0000-00-00 00:00:00'),
(4029, 285, 4029, 'Tondano Timur', '2016-06-05 06:41:09', '0000-00-00 00:00:00'),
(4030, 285, 4030, 'Tondano Utara', '2016-06-05 06:41:09', '0000-00-00 00:00:00'),
(4031, 286, 4031, 'Amurang', '2016-06-05 06:41:10', '0000-00-00 00:00:00'),
(4032, 286, 4032, 'Amurang Barat', '2016-06-05 06:41:10', '0000-00-00 00:00:00'),
(4033, 286, 4033, 'Amurang Timur', '2016-06-05 06:41:10', '0000-00-00 00:00:00'),
(4034, 286, 4034, 'Kumelembuai', '2016-06-05 06:41:10', '0000-00-00 00:00:00'),
(4035, 286, 4035, 'Maesaan', '2016-06-05 06:41:10', '0000-00-00 00:00:00'),
(4036, 286, 4036, 'Modoinding', '2016-06-05 06:41:10', '0000-00-00 00:00:00'),
(4037, 286, 4037, 'Motoling', '2016-06-05 06:41:10', '0000-00-00 00:00:00'),
(4038, 286, 4038, 'Motoling Barat', '2016-06-05 06:41:10', '0000-00-00 00:00:00'),
(4039, 286, 4039, 'Motoling Timur', '2016-06-05 06:41:10', '0000-00-00 00:00:00'),
(4040, 286, 4040, 'Ranoyapo', '2016-06-05 06:41:10', '0000-00-00 00:00:00'),
(4041, 286, 4041, 'Sinonsayang', '2016-06-05 06:41:10', '0000-00-00 00:00:00'),
(4042, 286, 4042, 'Suluun Tareran', '2016-06-05 06:41:10', '0000-00-00 00:00:00'),
(4043, 286, 4043, 'Tareran', '2016-06-05 06:41:10', '0000-00-00 00:00:00'),
(4044, 286, 4044, 'Tatapaan', '2016-06-05 06:41:10', '0000-00-00 00:00:00'),
(4045, 286, 4045, 'Tenga', '2016-06-05 06:41:10', '0000-00-00 00:00:00'),
(4046, 286, 4046, 'Tompaso Baru', '2016-06-05 06:41:10', '0000-00-00 00:00:00'),
(4047, 286, 4047, 'Tumpaan', '2016-06-05 06:41:10', '0000-00-00 00:00:00'),
(4048, 287, 4048, 'Belang', '2016-06-05 06:41:11', '0000-00-00 00:00:00'),
(4049, 287, 4049, 'Pasan', '2016-06-05 06:41:11', '0000-00-00 00:00:00'),
(4050, 287, 4050, 'Pusomaen', '2016-06-05 06:41:11', '0000-00-00 00:00:00'),
(4051, 287, 4051, 'Ratahan', '2016-06-05 06:41:11', '0000-00-00 00:00:00'),
(4052, 287, 4052, 'Ratahan Timur', '2016-06-05 06:41:11', '0000-00-00 00:00:00'),
(4053, 287, 4053, 'Ratatotok', '2016-06-05 06:41:11', '0000-00-00 00:00:00'),
(4054, 287, 4054, 'Silian Raya', '2016-06-05 06:41:11', '0000-00-00 00:00:00'),
(4055, 287, 4055, 'Tombatu', '2016-06-05 06:41:11', '0000-00-00 00:00:00'),
(4056, 287, 4056, 'Tombatu Timur', '2016-06-05 06:41:11', '0000-00-00 00:00:00'),
(4057, 287, 4057, 'Tombatu Utara', '2016-06-05 06:41:11', '0000-00-00 00:00:00'),
(4058, 287, 4058, 'Touluaan', '2016-06-05 06:41:11', '0000-00-00 00:00:00'),
(4059, 287, 4059, 'Touluaan Selatan', '2016-06-05 06:41:11', '0000-00-00 00:00:00'),
(4060, 288, 4060, 'Airmadidi', '2016-06-05 06:41:17', '0000-00-00 00:00:00'),
(4061, 288, 4061, 'Dimembe', '2016-06-05 06:41:17', '0000-00-00 00:00:00'),
(4062, 288, 4062, 'Kalawat', '2016-06-05 06:41:17', '0000-00-00 00:00:00'),
(4063, 288, 4063, 'Kauditan', '2016-06-05 06:41:17', '0000-00-00 00:00:00'),
(4064, 288, 4064, 'Kema', '2016-06-05 06:41:17', '0000-00-00 00:00:00'),
(4065, 288, 4065, 'Likupang Barat', '2016-06-05 06:41:17', '0000-00-00 00:00:00'),
(4066, 288, 4066, 'Likupang Selatan', '2016-06-05 06:41:17', '0000-00-00 00:00:00'),
(4067, 288, 4067, 'Likupang Timur', '2016-06-05 06:41:17', '0000-00-00 00:00:00'),
(4068, 288, 4068, 'Talawaan', '2016-06-05 06:41:17', '0000-00-00 00:00:00'),
(4069, 288, 4069, 'Wori', '2016-06-05 06:41:17', '0000-00-00 00:00:00'),
(4070, 289, 4070, 'Bangsal', '2016-06-05 06:41:19', '0000-00-00 00:00:00'),
(4071, 289, 4071, 'Dawar Blandong', '2016-06-05 06:41:19', '0000-00-00 00:00:00'),
(4072, 289, 4072, 'Dlanggu', '2016-06-05 06:41:19', '0000-00-00 00:00:00'),
(4073, 289, 4073, 'Gedeg', '2016-06-05 06:41:19', '0000-00-00 00:00:00'),
(4074, 289, 4074, 'Gondang', '2016-06-05 06:41:19', '0000-00-00 00:00:00'),
(4075, 289, 4075, 'Jatirejo', '2016-06-05 06:41:19', '0000-00-00 00:00:00'),
(4076, 289, 4076, 'Jetis', '2016-06-05 06:41:19', '0000-00-00 00:00:00'),
(4077, 289, 4077, 'Kemlagi', '2016-06-05 06:41:19', '0000-00-00 00:00:00'),
(4078, 289, 4078, 'Kutorejo', '2016-06-05 06:41:19', '0000-00-00 00:00:00'),
(4079, 289, 4079, 'Mojoanyar', '2016-06-05 06:41:19', '0000-00-00 00:00:00'),
(4080, 289, 4080, 'Mojosari', '2016-06-05 06:41:19', '0000-00-00 00:00:00'),
(4081, 289, 4081, 'Ngoro', '2016-06-05 06:41:19', '0000-00-00 00:00:00'),
(4082, 289, 4082, 'Pacet', '2016-06-05 06:41:19', '0000-00-00 00:00:00'),
(4083, 289, 4083, 'Pungging', '2016-06-05 06:41:19', '0000-00-00 00:00:00'),
(4084, 289, 4084, 'Puri', '2016-06-05 06:41:19', '0000-00-00 00:00:00'),
(4085, 289, 4085, 'Sooko', '2016-06-05 06:41:19', '0000-00-00 00:00:00'),
(4086, 289, 4086, 'Trawas', '2016-06-05 06:41:19', '0000-00-00 00:00:00'),
(4087, 289, 4087, 'Trowulan', '2016-06-05 06:41:19', '0000-00-00 00:00:00'),
(4088, 290, 4088, 'Magersari', '2016-06-05 06:41:21', '0000-00-00 00:00:00'),
(4089, 290, 4089, 'Prajurit Kulon', '2016-06-05 06:41:21', '0000-00-00 00:00:00'),
(4090, 291, 4090, 'Bahodopi', '2016-06-05 06:41:21', '0000-00-00 00:00:00'),
(4091, 291, 4091, 'Bumi Raya', '2016-06-05 06:41:21', '0000-00-00 00:00:00'),
(4092, 291, 4092, 'Bungku Barat', '2016-06-05 06:41:21', '0000-00-00 00:00:00'),
(4093, 291, 4093, 'Bungku Pesisir', '2016-06-05 06:41:21', '0000-00-00 00:00:00'),
(4094, 291, 4094, 'Bungku Selatan', '2016-06-05 06:41:21', '0000-00-00 00:00:00'),
(4095, 291, 4095, 'Bungku Tengah', '2016-06-05 06:41:21', '0000-00-00 00:00:00'),
(4096, 291, 4096, 'Bungku Timur', '2016-06-05 06:41:21', '0000-00-00 00:00:00'),
(4097, 291, 4097, 'Bungku Utara', '2016-06-05 06:41:21', '0000-00-00 00:00:00'),
(4098, 291, 4098, 'Lembo', '2016-06-05 06:41:21', '0000-00-00 00:00:00'),
(4099, 291, 4099, 'Lembo Raya', '2016-06-05 06:41:21', '0000-00-00 00:00:00'),
(4100, 291, 4100, 'Mamosalato', '2016-06-05 06:41:21', '0000-00-00 00:00:00'),
(4101, 291, 4101, 'Menui Kepulauan', '2016-06-05 06:41:21', '0000-00-00 00:00:00'),
(4102, 291, 4102, 'Mori Atas', '2016-06-05 06:41:21', '0000-00-00 00:00:00'),
(4103, 291, 4103, 'Mori Utara', '2016-06-05 06:41:21', '0000-00-00 00:00:00'),
(4104, 291, 4104, 'Petasia', '2016-06-05 06:41:21', '0000-00-00 00:00:00'),
(4105, 291, 4105, 'Petasia Barat', '2016-06-05 06:41:21', '0000-00-00 00:00:00'),
(4106, 291, 4106, 'Petasia Timur', '2016-06-05 06:41:21', '0000-00-00 00:00:00'),
(4107, 291, 4107, 'Soyo Jaya', '2016-06-05 06:41:21', '0000-00-00 00:00:00'),
(4108, 291, 4108, 'Wita Ponda', '2016-06-05 06:41:21', '0000-00-00 00:00:00'),
(4109, 292, 4109, 'Abab', '2016-06-05 06:41:22', '0000-00-00 00:00:00'),
(4110, 292, 4110, 'Benakat', '2016-06-05 06:41:22', '0000-00-00 00:00:00'),
(4111, 292, 4111, 'Gelumbang', '2016-06-05 06:41:22', '0000-00-00 00:00:00'),
(4112, 292, 4112, 'Gunung Megang', '2016-06-05 06:41:22', '0000-00-00 00:00:00'),
(4113, 292, 4113, 'Kelekar', '2016-06-05 06:41:22', '0000-00-00 00:00:00'),
(4114, 292, 4114, 'Lawang Kidul', '2016-06-05 06:41:22', '0000-00-00 00:00:00'),
(4115, 292, 4115, 'Lembak', '2016-06-05 06:41:22', '0000-00-00 00:00:00'),
(4116, 292, 4116, 'Lubai', '2016-06-05 06:41:22', '0000-00-00 00:00:00'),
(4117, 292, 4117, 'Muara Belida', '2016-06-05 06:41:22', '0000-00-00 00:00:00'),
(4118, 292, 4118, 'Muara Enim', '2016-06-05 06:41:22', '0000-00-00 00:00:00'),
(4119, 292, 4119, 'Penukal (Penukal Abab)', '2016-06-05 06:41:22', '0000-00-00 00:00:00'),
(4120, 292, 4120, 'Penukal Utara', '2016-06-05 06:41:22', '0000-00-00 00:00:00'),
(4121, 292, 4121, 'Rambang', '2016-06-05 06:41:22', '0000-00-00 00:00:00'),
(4122, 292, 4122, 'Rambang Dangku', '2016-06-05 06:41:22', '0000-00-00 00:00:00'),
(4123, 292, 4123, 'Semendo Darat Laut', '2016-06-05 06:41:22', '0000-00-00 00:00:00'),
(4124, 292, 4124, 'Semendo Darat Tengah', '2016-06-05 06:41:22', '0000-00-00 00:00:00'),
(4125, 292, 4125, 'Semendo Darat Ulu', '2016-06-05 06:41:22', '0000-00-00 00:00:00'),
(4126, 292, 4126, 'Sungai Rotan', '2016-06-05 06:41:22', '0000-00-00 00:00:00'),
(4127, 292, 4127, 'Talang Ubi', '2016-06-05 06:41:22', '0000-00-00 00:00:00'),
(4128, 292, 4128, 'Tanah Abang', '2016-06-05 06:41:22', '0000-00-00 00:00:00'),
(4129, 292, 4129, 'Tanjung Agung', '2016-06-05 06:41:22', '0000-00-00 00:00:00'),
(4130, 292, 4130, 'Ujan Mas', '2016-06-05 06:41:22', '0000-00-00 00:00:00'),
(4131, 293, 4131, 'Bahar Selatan', '2016-06-05 06:41:22', '0000-00-00 00:00:00'),
(4132, 293, 4132, 'Bahar Utara', '2016-06-05 06:41:22', '0000-00-00 00:00:00'),
(4133, 293, 4133, 'Jambi Luar Kota', '2016-06-05 06:41:22', '0000-00-00 00:00:00'),
(4134, 293, 4134, 'Kumpeh', '2016-06-05 06:41:22', '0000-00-00 00:00:00'),
(4135, 293, 4135, 'Kumpeh Ulu', '2016-06-05 06:41:22', '0000-00-00 00:00:00'),
(4136, 293, 4136, 'Maro Sebo', '2016-06-05 06:41:22', '0000-00-00 00:00:00'),
(4137, 293, 4137, 'Mestong', '2016-06-05 06:41:22', '0000-00-00 00:00:00'),
(4138, 293, 4138, 'Sekernan', '2016-06-05 06:41:22', '0000-00-00 00:00:00'),
(4139, 293, 4139, 'Sungai Bahar', '2016-06-05 06:41:22', '0000-00-00 00:00:00'),
(4140, 293, 4140, 'Sungai Gelam', '2016-06-05 06:41:22', '0000-00-00 00:00:00'),
(4141, 293, 4141, 'Taman Rajo / Rejo', '2016-06-05 06:41:22', '0000-00-00 00:00:00'),
(4142, 294, 4142, 'Air Dikit', '2016-06-05 06:41:22', '0000-00-00 00:00:00'),
(4143, 294, 4143, 'Air Majunto', '2016-06-05 06:41:22', '0000-00-00 00:00:00'),
(4144, 294, 4144, 'Air Rami', '2016-06-05 06:41:22', '0000-00-00 00:00:00'),
(4145, 294, 4145, 'Ipuh (Muko-Muko Selatan)', '2016-06-05 06:41:22', '0000-00-00 00:00:00'),
(4146, 294, 4146, 'Kota Mukomuko (Mukomuko Utara)', '2016-06-05 06:41:22', '0000-00-00 00:00:00'),
(4147, 294, 4147, 'Lubuk Pinang', '2016-06-05 06:41:22', '0000-00-00 00:00:00'),
(4148, 294, 4148, 'Malin Deman', '2016-06-05 06:41:22', '0000-00-00 00:00:00'),
(4149, 294, 4149, 'Penarik', '2016-06-05 06:41:22', '0000-00-00 00:00:00'),
(4150, 294, 4150, 'Pondok Suguh', '2016-06-05 06:41:22', '0000-00-00 00:00:00'),
(4151, 294, 4151, 'Selagan Raya', '2016-06-05 06:41:22', '0000-00-00 00:00:00'),
(4152, 294, 4152, 'Sungai Rumbai', '2016-06-05 06:41:22', '0000-00-00 00:00:00'),
(4153, 294, 4153, 'Teramang Jaya', '2016-06-05 06:41:22', '0000-00-00 00:00:00'),
(4154, 294, 4154, 'Teras Terunjam', '2016-06-05 06:41:22', '0000-00-00 00:00:00'),
(4155, 294, 4155, 'V Koto', '2016-06-05 06:41:22', '0000-00-00 00:00:00'),
(4156, 294, 4156, 'XIV Koto', '2016-06-05 06:41:22', '0000-00-00 00:00:00'),
(4157, 295, 4157, 'Barangka', '2016-06-05 06:41:22', '0000-00-00 00:00:00'),
(4158, 295, 4158, 'Batalaiwaru (Batalaiworu)', '2016-06-05 06:41:22', '0000-00-00 00:00:00'),
(4159, 295, 4159, 'Batukara', '2016-06-05 06:41:22', '0000-00-00 00:00:00'),
(4160, 295, 4160, 'Bone (Bone Tondo)', '2016-06-05 06:41:22', '0000-00-00 00:00:00'),
(4161, 295, 4161, 'Duruka', '2016-06-05 06:41:22', '0000-00-00 00:00:00'),
(4162, 295, 4162, 'Kabangka', '2016-06-05 06:41:22', '0000-00-00 00:00:00'),
(4163, 295, 4163, 'Kabawo', '2016-06-05 06:41:22', '0000-00-00 00:00:00'),
(4164, 295, 4164, 'Katobu', '2016-06-05 06:41:22', '0000-00-00 00:00:00'),
(4165, 295, 4165, 'Kontu Kowuna', '2016-06-05 06:41:22', '0000-00-00 00:00:00'),
(4166, 295, 4166, 'Kontunaga', '2016-06-05 06:41:22', '0000-00-00 00:00:00'),
(4167, 295, 4167, 'Kusambi', '2016-06-05 06:41:22', '0000-00-00 00:00:00'),
(4168, 295, 4168, 'Lasalepa', '2016-06-05 06:41:22', '0000-00-00 00:00:00'),
(4169, 295, 4169, 'Lawa', '2016-06-05 06:41:22', '0000-00-00 00:00:00'),
(4170, 295, 4170, 'Lohia', '2016-06-05 06:41:22', '0000-00-00 00:00:00'),
(4171, 295, 4171, 'Maginti', '2016-06-05 06:41:22', '0000-00-00 00:00:00'),
(4172, 295, 4172, 'Maligano', '2016-06-05 06:41:22', '0000-00-00 00:00:00'),
(4173, 295, 4173, 'Marobo', '2016-06-05 06:41:22', '0000-00-00 00:00:00'),
(4174, 295, 4174, 'Napabalano', '2016-06-05 06:41:22', '0000-00-00 00:00:00'),
(4175, 295, 4175, 'Napano Kusambi', '2016-06-05 06:41:22', '0000-00-00 00:00:00'),
(4176, 295, 4176, 'Parigi', '2016-06-05 06:41:22', '0000-00-00 00:00:00'),
(4177, 295, 4177, 'Pasi Kolaga', '2016-06-05 06:41:22', '0000-00-00 00:00:00'),
(4178, 295, 4178, 'Pasir Putih', '2016-06-05 06:41:22', '0000-00-00 00:00:00'),
(4179, 295, 4179, 'Sawerigadi (Sawerigading/Sewergadi)', '2016-06-05 06:41:22', '0000-00-00 00:00:00'),
(4180, 295, 4180, 'Tiworo Kepulauan', '2016-06-05 06:41:22', '0000-00-00 00:00:00'),
(4181, 295, 4181, 'Tiworo Selatan', '2016-06-05 06:41:22', '0000-00-00 00:00:00'),
(4182, 295, 4182, 'Tiworo Tengah', '2016-06-05 06:41:22', '0000-00-00 00:00:00'),
(4183, 295, 4183, 'Tiworo Utara', '2016-06-05 06:41:22', '0000-00-00 00:00:00'),
(4184, 295, 4184, 'Tongkuno', '2016-06-05 06:41:22', '0000-00-00 00:00:00'),
(4185, 295, 4185, 'Tongkuno Selatan', '2016-06-05 06:41:22', '0000-00-00 00:00:00'),
(4186, 295, 4186, 'Towea', '2016-06-05 06:41:22', '0000-00-00 00:00:00'),
(4187, 295, 4187, 'Wa Daga', '2016-06-05 06:41:22', '0000-00-00 00:00:00'),
(4188, 295, 4188, 'Wakorumba Selatan', '2016-06-05 06:41:22', '0000-00-00 00:00:00'),
(4189, 295, 4189, 'Watopute', '2016-06-05 06:41:22', '0000-00-00 00:00:00'),
(4190, 296, 4190, 'Barito Tuhup Raya', '2016-06-05 06:41:23', '0000-00-00 00:00:00'),
(4191, 296, 4191, 'Laung Tuhup', '2016-06-05 06:41:23', '0000-00-00 00:00:00'),
(4192, 296, 4192, 'Murung', '2016-06-05 06:41:23', '0000-00-00 00:00:00'),
(4193, 296, 4193, 'Permata Intan', '2016-06-05 06:41:23', '0000-00-00 00:00:00'),
(4194, 296, 4194, 'Seribu Riam', '2016-06-05 06:41:23', '0000-00-00 00:00:00'),
(4195, 296, 4195, 'Sumber Barito', '2016-06-05 06:41:23', '0000-00-00 00:00:00'),
(4196, 296, 4196, 'Sungai Babuat', '2016-06-05 06:41:23', '0000-00-00 00:00:00'),
(4197, 296, 4197, 'Tanah Siang', '2016-06-05 06:41:23', '0000-00-00 00:00:00'),
(4198, 296, 4198, 'Tanah Siang Selatan', '2016-06-05 06:41:23', '0000-00-00 00:00:00'),
(4199, 296, 4199, 'Uut Murung', '2016-06-05 06:41:23', '0000-00-00 00:00:00'),
(4200, 297, 4200, 'Babat Supat', '2016-06-05 06:41:23', '0000-00-00 00:00:00'),
(4201, 297, 4201, 'Babat Toman', '2016-06-05 06:41:23', '0000-00-00 00:00:00'),
(4202, 297, 4202, 'Batanghari Leko', '2016-06-05 06:41:23', '0000-00-00 00:00:00'),
(4203, 297, 4203, 'Bayung Lencir', '2016-06-05 06:41:23', '0000-00-00 00:00:00'),
(4204, 297, 4204, 'Keluang', '2016-06-05 06:41:23', '0000-00-00 00:00:00'),
(4205, 297, 4205, 'Lais', '2016-06-05 06:41:23', '0000-00-00 00:00:00'),
(4206, 297, 4206, 'Lalan (Sungai Lalan)', '2016-06-05 06:41:23', '0000-00-00 00:00:00'),
(4207, 297, 4207, 'Lawang Wetan', '2016-06-05 06:41:23', '0000-00-00 00:00:00'),
(4208, 297, 4208, 'Plakat Tinggi (Pelakat Tinggi)', '2016-06-05 06:41:23', '0000-00-00 00:00:00'),
(4209, 297, 4209, 'Sanga Desa', '2016-06-05 06:41:23', '0000-00-00 00:00:00'),
(4210, 297, 4210, 'Sekayu', '2016-06-05 06:41:23', '0000-00-00 00:00:00'),
(4211, 297, 4211, 'Sungai Keruh', '2016-06-05 06:41:23', '0000-00-00 00:00:00'),
(4212, 297, 4212, 'Sungai Lilin', '2016-06-05 06:41:23', '0000-00-00 00:00:00'),
(4213, 297, 4213, 'Tungkal Jaya', '2016-06-05 06:41:23', '0000-00-00 00:00:00'),
(4214, 298, 4214, 'Batukuning Lakitan Ulu (BTS)/Cecar', '2016-06-05 06:41:23', '0000-00-00 00:00:00'),
(4215, 298, 4215, 'Jaya Loka', '2016-06-05 06:41:23', '0000-00-00 00:00:00'),
(4216, 298, 4216, 'Karang Dapo', '2016-06-05 06:41:23', '0000-00-00 00:00:00'),
(4217, 298, 4217, 'Karang Jaya', '2016-06-05 06:41:23', '0000-00-00 00:00:00'),
(4218, 298, 4218, 'Megang Sakti', '2016-06-05 06:41:23', '0000-00-00 00:00:00'),
(4219, 298, 4219, 'Muara Beliti', '2016-06-05 06:41:23', '0000-00-00 00:00:00'),
(4220, 298, 4220, 'Muara Kelingi', '2016-06-05 06:41:23', '0000-00-00 00:00:00'),
(4221, 298, 4221, 'Muara Lakitan', '2016-06-05 06:41:23', '0000-00-00 00:00:00'),
(4222, 298, 4222, 'Nibung', '2016-06-05 06:41:23', '0000-00-00 00:00:00'),
(4223, 298, 4223, 'Purwodadi', '2016-06-05 06:41:23', '0000-00-00 00:00:00'),
(4224, 298, 4224, 'Rawas Ilir', '2016-06-05 06:41:23', '0000-00-00 00:00:00'),
(4225, 298, 4225, 'Rawas Ulu', '2016-06-05 06:41:23', '0000-00-00 00:00:00'),
(4226, 298, 4226, 'Rupit', '2016-06-05 06:41:23', '0000-00-00 00:00:00'),
(4227, 298, 4227, 'Selangit', '2016-06-05 06:41:23', '0000-00-00 00:00:00'),
(4228, 298, 4228, 'STL Ulu Terawas', '2016-06-05 06:41:23', '0000-00-00 00:00:00'),
(4229, 298, 4229, 'Sukakarya', '2016-06-05 06:41:23', '0000-00-00 00:00:00'),
(4230, 298, 4230, 'Sumber Harta', '2016-06-05 06:41:23', '0000-00-00 00:00:00'),
(4231, 298, 4231, 'Tiang Pumpung Kepungut', '2016-06-05 06:41:23', '0000-00-00 00:00:00'),
(4232, 298, 4232, 'Tuah Negeri', '2016-06-05 06:41:23', '0000-00-00 00:00:00'),
(4233, 298, 4233, 'Tugumulyo', '2016-06-05 06:41:23', '0000-00-00 00:00:00'),
(4234, 298, 4234, 'Ulu Rawas', '2016-06-05 06:41:23', '0000-00-00 00:00:00'),
(4235, 299, 4235, 'Dipa', '2016-06-05 06:41:23', '0000-00-00 00:00:00'),
(4236, 299, 4236, 'Makimi', '2016-06-05 06:41:23', '0000-00-00 00:00:00'),
(4237, 299, 4237, 'Menou', '2016-06-05 06:41:23', '0000-00-00 00:00:00'),
(4238, 299, 4238, 'Moora', '2016-06-05 06:41:23', '0000-00-00 00:00:00'),
(4239, 299, 4239, 'Nabire', '2016-06-05 06:41:23', '0000-00-00 00:00:00'),
(4240, 299, 4240, 'Nabire Barat', '2016-06-05 06:41:23', '0000-00-00 00:00:00'),
(4241, 299, 4241, 'Napan', '2016-06-05 06:41:23', '0000-00-00 00:00:00'),
(4242, 299, 4242, 'Siriwo', '2016-06-05 06:41:23', '0000-00-00 00:00:00'),
(4243, 299, 4243, 'Teluk Kimi', '2016-06-05 06:41:23', '0000-00-00 00:00:00'),
(4244, 299, 4244, 'Teluk Umar', '2016-06-05 06:41:23', '0000-00-00 00:00:00'),
(4245, 299, 4245, 'Uwapa', '2016-06-05 06:41:23', '0000-00-00 00:00:00'),
(4246, 299, 4246, 'Wanggar', '2016-06-05 06:41:23', '0000-00-00 00:00:00'),
(4247, 299, 4247, 'Wapoga', '2016-06-05 06:41:23', '0000-00-00 00:00:00'),
(4248, 299, 4248, 'Yaro (Yaro Kabisay)', '2016-06-05 06:41:23', '0000-00-00 00:00:00'),
(4249, 299, 4249, 'Yaur', '2016-06-05 06:41:23', '0000-00-00 00:00:00'),
(4250, 300, 4250, 'Beutong', '2016-06-05 06:41:56', '0000-00-00 00:00:00'),
(4251, 300, 4251, 'Beutong Ateuh Banggalang', '2016-06-05 06:41:56', '0000-00-00 00:00:00'),
(4252, 300, 4252, 'Darul Makmur', '2016-06-05 06:41:56', '0000-00-00 00:00:00'),
(4253, 300, 4253, 'Kuala', '2016-06-05 06:41:56', '0000-00-00 00:00:00'),
(4254, 300, 4254, 'Kuala Pesisir', '2016-06-05 06:41:56', '0000-00-00 00:00:00'),
(4255, 300, 4255, 'Seunagan', '2016-06-05 06:41:56', '0000-00-00 00:00:00'),
(4256, 300, 4256, 'Seunagan Timur', '2016-06-05 06:41:56', '0000-00-00 00:00:00'),
(4257, 300, 4257, 'Suka Makmue', '2016-06-05 06:41:56', '0000-00-00 00:00:00'),
(4258, 300, 4258, 'Tadu Raya', '2016-06-05 06:41:56', '0000-00-00 00:00:00'),
(4259, 300, 4259, 'Tripa Makmur', '2016-06-05 06:41:56', '0000-00-00 00:00:00'),
(4260, 301, 4260, 'Aesesa', '2016-06-05 06:41:57', '0000-00-00 00:00:00'),
(4261, 301, 4261, 'Aesesa Selatan', '2016-06-05 06:41:57', '0000-00-00 00:00:00'),
(4262, 301, 4262, 'Boawae', '2016-06-05 06:41:57', '0000-00-00 00:00:00'),
(4263, 301, 4263, 'Keo Tengah', '2016-06-05 06:41:57', '0000-00-00 00:00:00'),
(4264, 301, 4264, 'Mauponggo', '2016-06-05 06:41:57', '0000-00-00 00:00:00'),
(4265, 301, 4265, 'Nangaroro', '2016-06-05 06:41:57', '0000-00-00 00:00:00'),
(4266, 301, 4266, 'Wolowae', '2016-06-05 06:41:57', '0000-00-00 00:00:00'),
(4267, 302, 4267, 'Bunguran Barat', '2016-06-05 06:41:59', '0000-00-00 00:00:00'),
(4268, 302, 4268, 'Bunguran Selatan', '2016-06-05 06:41:59', '0000-00-00 00:00:00'),
(4269, 302, 4269, 'Bunguran Tengah', '2016-06-05 06:41:59', '0000-00-00 00:00:00'),
(4270, 302, 4270, 'Bunguran Timur', '2016-06-05 06:41:59', '0000-00-00 00:00:00'),
(4271, 302, 4271, 'Bunguran Timur Laut', '2016-06-05 06:41:59', '0000-00-00 00:00:00'),
(4272, 302, 4272, 'Bunguran Utara', '2016-06-05 06:41:59', '0000-00-00 00:00:00'),
(4273, 302, 4273, 'Midai', '2016-06-05 06:41:59', '0000-00-00 00:00:00'),
(4274, 302, 4274, 'Pulau Laut', '2016-06-05 06:41:59', '0000-00-00 00:00:00'),
(4275, 302, 4275, 'Pulau Tiga', '2016-06-05 06:41:59', '0000-00-00 00:00:00'),
(4276, 302, 4276, 'Serasan', '2016-06-05 06:41:59', '0000-00-00 00:00:00'),
(4277, 302, 4277, 'Serasan Timur', '2016-06-05 06:41:59', '0000-00-00 00:00:00'),
(4278, 302, 4278, 'Subi', '2016-06-05 06:41:59', '0000-00-00 00:00:00'),
(4279, 303, 4279, 'Alama', '2016-06-05 06:41:59', '0000-00-00 00:00:00'),
(4280, 303, 4280, 'Dal', '2016-06-05 06:41:59', '0000-00-00 00:00:00'),
(4281, 303, 4281, 'Embetpen', '2016-06-05 06:41:59', '0000-00-00 00:00:00'),
(4282, 303, 4282, 'Gearek', '2016-06-05 06:41:59', '0000-00-00 00:00:00'),
(4283, 303, 4283, 'Geselma (Geselema)', '2016-06-05 06:41:59', '0000-00-00 00:00:00'),
(4284, 303, 4284, 'Inikgal', '2016-06-05 06:41:59', '0000-00-00 00:00:00'),
(4285, 303, 4285, 'Iniye', '2016-06-05 06:41:59', '0000-00-00 00:00:00'),
(4286, 303, 4286, 'Kegayem', '2016-06-05 06:41:59', '0000-00-00 00:00:00'),
(4287, 303, 4287, 'Kenyam', '2016-06-05 06:41:59', '0000-00-00 00:00:00'),
(4288, 303, 4288, 'Kilmid', '2016-06-05 06:41:59', '0000-00-00 00:00:00'),
(4289, 303, 4289, 'Kora', '2016-06-05 06:41:59', '0000-00-00 00:00:00'),
(4290, 303, 4290, 'Koroptak', '2016-06-05 06:41:59', '0000-00-00 00:00:00'),
(4291, 303, 4291, 'Krepkuri', '2016-06-05 06:41:59', '0000-00-00 00:00:00'),
(4292, 303, 4292, 'Mam', '2016-06-05 06:41:59', '0000-00-00 00:00:00'),
(4293, 303, 4293, 'Mapenduma', '2016-06-05 06:41:59', '0000-00-00 00:00:00'),
(4294, 303, 4294, 'Mbua (Mbuga)', '2016-06-05 06:41:59', '0000-00-00 00:00:00'),
(4295, 303, 4295, 'Mbua Tengah', '2016-06-05 06:41:59', '0000-00-00 00:00:00'),
(4296, 303, 4296, 'Mbulmu Yalma', '2016-06-05 06:41:59', '0000-00-00 00:00:00'),
(4297, 303, 4297, 'Mebarok', '2016-06-05 06:41:59', '0000-00-00 00:00:00'),
(4298, 303, 4298, 'Moba', '2016-06-05 06:41:59', '0000-00-00 00:00:00'),
(4299, 303, 4299, 'Mugi', '2016-06-05 06:41:59', '0000-00-00 00:00:00'),
(4300, 303, 4300, 'Nenggeagin', '2016-06-05 06:41:59', '0000-00-00 00:00:00'),
(4301, 303, 4301, 'Nirkuri', '2016-06-05 06:41:59', '0000-00-00 00:00:00'),
(4302, 303, 4302, 'Paro', '2016-06-05 06:41:59', '0000-00-00 00:00:00'),
(4303, 303, 4303, 'Pasir Putih', '2016-06-05 06:41:59', '0000-00-00 00:00:00'),
(4304, 303, 4304, 'Pija', '2016-06-05 06:41:59', '0000-00-00 00:00:00'),
(4305, 303, 4305, 'Wosak', '2016-06-05 06:41:59', '0000-00-00 00:00:00'),
(4306, 303, 4306, 'Wusi', '2016-06-05 06:41:59', '0000-00-00 00:00:00'),
(4307, 303, 4307, 'Wutpaga', '2016-06-05 06:41:59', '0000-00-00 00:00:00'),
(4308, 303, 4308, 'Yal', '2016-06-05 06:41:59', '0000-00-00 00:00:00'),
(4309, 303, 4309, 'Yenggelo', '2016-06-05 06:41:59', '0000-00-00 00:00:00'),
(4310, 303, 4310, 'Yigi', '2016-06-05 06:41:59', '0000-00-00 00:00:00'),
(4311, 304, 4311, 'Aimere', '2016-06-05 06:42:00', '0000-00-00 00:00:00'),
(4312, 304, 4312, 'Bajawa', '2016-06-05 06:42:00', '0000-00-00 00:00:00'),
(4313, 304, 4313, 'Bajawa Utara', '2016-06-05 06:42:00', '0000-00-00 00:00:00'),
(4314, 304, 4314, 'Golewa', '2016-06-05 06:42:00', '0000-00-00 00:00:00'),
(4315, 304, 4315, 'Golewa Barat', '2016-06-05 06:42:00', '0000-00-00 00:00:00'),
(4316, 304, 4316, 'Golewa Selatan', '2016-06-05 06:42:00', '0000-00-00 00:00:00'),
(4317, 304, 4317, 'Inerie', '2016-06-05 06:42:00', '0000-00-00 00:00:00'),
(4318, 304, 4318, 'Jerebuu', '2016-06-05 06:42:00', '0000-00-00 00:00:00'),
(4319, 304, 4319, 'Riung', '2016-06-05 06:42:00', '0000-00-00 00:00:00'),
(4320, 304, 4320, 'Riung Barat', '2016-06-05 06:42:00', '0000-00-00 00:00:00'),
(4321, 304, 4321, 'Soa', '2016-06-05 06:42:00', '0000-00-00 00:00:00'),
(4322, 304, 4322, 'Wolomeze (Riung Selatan)', '2016-06-05 06:42:00', '0000-00-00 00:00:00'),
(4323, 305, 4323, 'Bagor', '2016-06-05 06:42:02', '0000-00-00 00:00:00'),
(4324, 305, 4324, 'Baron', '2016-06-05 06:42:02', '0000-00-00 00:00:00'),
(4325, 305, 4325, 'Berbek', '2016-06-05 06:42:02', '0000-00-00 00:00:00'),
(4326, 305, 4326, 'Gondang', '2016-06-05 06:42:02', '0000-00-00 00:00:00'),
(4327, 305, 4327, 'Jatikalen', '2016-06-05 06:42:02', '0000-00-00 00:00:00'),
(4328, 305, 4328, 'Kertosono', '2016-06-05 06:42:02', '0000-00-00 00:00:00'),
(4329, 305, 4329, 'Lengkong', '2016-06-05 06:42:02', '0000-00-00 00:00:00'),
(4330, 305, 4330, 'Loceret', '2016-06-05 06:42:02', '0000-00-00 00:00:00'),
(4331, 305, 4331, 'Nganjuk', '2016-06-05 06:42:02', '0000-00-00 00:00:00'),
(4332, 305, 4332, 'Ngetos', '2016-06-05 06:42:02', '0000-00-00 00:00:00'),
(4333, 305, 4333, 'Ngluyu', '2016-06-05 06:42:02', '0000-00-00 00:00:00'),
(4334, 305, 4334, 'Ngronggot', '2016-06-05 06:42:02', '0000-00-00 00:00:00'),
(4335, 305, 4335, 'Pace', '2016-06-05 06:42:02', '0000-00-00 00:00:00'),
(4336, 305, 4336, 'Patianrowo', '2016-06-05 06:42:02', '0000-00-00 00:00:00'),
(4337, 305, 4337, 'Prambon', '2016-06-05 06:42:02', '0000-00-00 00:00:00'),
(4338, 305, 4338, 'Rejoso', '2016-06-05 06:42:02', '0000-00-00 00:00:00'),
(4339, 305, 4339, 'Sawahan', '2016-06-05 06:42:02', '0000-00-00 00:00:00'),
(4340, 305, 4340, 'Sukomoro', '2016-06-05 06:42:02', '0000-00-00 00:00:00'),
(4341, 305, 4341, 'Tanjunganom', '2016-06-05 06:42:02', '0000-00-00 00:00:00'),
(4342, 305, 4342, 'Wilangan', '2016-06-05 06:42:02', '0000-00-00 00:00:00'),
(4343, 306, 4343, 'Bringin', '2016-06-05 06:42:03', '0000-00-00 00:00:00'),
(4344, 306, 4344, 'Geneng', '2016-06-05 06:42:03', '0000-00-00 00:00:00'),
(4345, 306, 4345, 'Gerih', '2016-06-05 06:42:03', '0000-00-00 00:00:00'),
(4346, 306, 4346, 'Jogorogo', '2016-06-05 06:42:03', '0000-00-00 00:00:00'),
(4347, 306, 4347, 'Karanganyar', '2016-06-05 06:42:03', '0000-00-00 00:00:00'),
(4348, 306, 4348, 'Karangjati', '2016-06-05 06:42:03', '0000-00-00 00:00:00'),
(4349, 306, 4349, 'Kasreman', '2016-06-05 06:42:03', '0000-00-00 00:00:00'),
(4350, 306, 4350, 'Kedunggalar', '2016-06-05 06:42:03', '0000-00-00 00:00:00'),
(4351, 306, 4351, 'Kendal', '2016-06-05 06:42:03', '0000-00-00 00:00:00'),
(4352, 306, 4352, 'Kwadungan', '2016-06-05 06:42:03', '0000-00-00 00:00:00'),
(4353, 306, 4353, 'Mantingan', '2016-06-05 06:42:03', '0000-00-00 00:00:00'),
(4354, 306, 4354, 'Ngawi', '2016-06-05 06:42:03', '0000-00-00 00:00:00'),
(4355, 306, 4355, 'Ngrambe', '2016-06-05 06:42:03', '0000-00-00 00:00:00'),
(4356, 306, 4356, 'Padas', '2016-06-05 06:42:03', '0000-00-00 00:00:00'),
(4357, 306, 4357, 'Pangkur', '2016-06-05 06:42:03', '0000-00-00 00:00:00'),
(4358, 306, 4358, 'Paron', '2016-06-05 06:42:03', '0000-00-00 00:00:00'),
(4359, 306, 4359, 'Pitu', '2016-06-05 06:42:03', '0000-00-00 00:00:00'),
(4360, 306, 4360, 'Sine', '2016-06-05 06:42:03', '0000-00-00 00:00:00'),
(4361, 306, 4361, 'Widodaren', '2016-06-05 06:42:03', '0000-00-00 00:00:00'),
(4362, 307, 4362, 'Bawolato', '2016-06-05 06:42:03', '0000-00-00 00:00:00'),
(4363, 307, 4363, 'Botomuzoi', '2016-06-05 06:42:03', '0000-00-00 00:00:00'),
(4364, 307, 4364, 'Gido', '2016-06-05 06:42:03', '0000-00-00 00:00:00'),
(4365, 307, 4365, 'Hili Serangkai (Hilisaranggu)', '2016-06-05 06:42:03', '0000-00-00 00:00:00'),
(4366, 307, 4366, 'Hiliduho', '2016-06-05 06:42:03', '0000-00-00 00:00:00'),
(4367, 307, 4367, 'Idano Gawo', '2016-06-05 06:42:03', '0000-00-00 00:00:00'),
(4368, 307, 4368, 'Ma''u', '2016-06-05 06:42:03', '0000-00-00 00:00:00'),
(4369, 307, 4369, 'Sogae Adu (Sogaeadu)', '2016-06-05 06:42:03', '0000-00-00 00:00:00'),
(4370, 307, 4370, 'Somolo-Molo (Samolo)', '2016-06-05 06:42:03', '0000-00-00 00:00:00'),
(4371, 307, 4371, 'Ulugawo', '2016-06-05 06:42:03', '0000-00-00 00:00:00'),
(4372, 308, 4372, 'Lahomi (Gahori)', '2016-06-05 06:42:04', '0000-00-00 00:00:00'),
(4373, 308, 4373, 'Lolofitu Moi', '2016-06-05 06:42:04', '0000-00-00 00:00:00'),
(4374, 308, 4374, 'Mandrehe', '2016-06-05 06:42:04', '0000-00-00 00:00:00'),
(4375, 308, 4375, 'Mandrehe Barat', '2016-06-05 06:42:04', '0000-00-00 00:00:00'),
(4376, 308, 4376, 'Mandrehe Utara', '2016-06-05 06:42:04', '0000-00-00 00:00:00'),
(4377, 308, 4377, 'Moro''o', '2016-06-05 06:42:04', '0000-00-00 00:00:00'),
(4378, 308, 4378, 'Sirombu', '2016-06-05 06:42:04', '0000-00-00 00:00:00'),
(4379, 308, 4379, 'Ulu Moro''o (Ulu Narwo)', '2016-06-05 06:42:04', '0000-00-00 00:00:00'),
(4380, 309, 4380, 'Amandraya', '2016-06-05 06:42:04', '0000-00-00 00:00:00'),
(4381, 309, 4381, 'Aramo', '2016-06-05 06:42:04', '0000-00-00 00:00:00'),
(4382, 309, 4382, 'Boronadu', '2016-06-05 06:42:04', '0000-00-00 00:00:00'),
(4383, 309, 4383, 'Fanayama', '2016-06-05 06:42:04', '0000-00-00 00:00:00'),
(4384, 309, 4384, 'Gomo', '2016-06-05 06:42:04', '0000-00-00 00:00:00'),
(4385, 309, 4385, 'Hibala', '2016-06-05 06:42:04', '0000-00-00 00:00:00'),
(4386, 309, 4386, 'Hilimegai', '2016-06-05 06:42:04', '0000-00-00 00:00:00'),
(4387, 309, 4387, 'Hilisalawa''ahe (Hilisalawaahe)', '2016-06-05 06:42:04', '0000-00-00 00:00:00'),
(4388, 309, 4388, 'Huruna', '2016-06-05 06:42:04', '0000-00-00 00:00:00'),
(4389, 309, 4389, 'Lahusa', '2016-06-05 06:42:04', '0000-00-00 00:00:00'),
(4390, 309, 4390, 'Lolomatua', '2016-06-05 06:42:04', '0000-00-00 00:00:00'),
(4391, 309, 4391, 'Lolowau', '2016-06-05 06:42:04', '0000-00-00 00:00:00'),
(4392, 309, 4392, 'Maniamolo', '2016-06-05 06:42:04', '0000-00-00 00:00:00'),
(4393, 309, 4393, 'Mazino', '2016-06-05 06:42:04', '0000-00-00 00:00:00'),
(4394, 309, 4394, 'Mazo', '2016-06-05 06:42:04', '0000-00-00 00:00:00'),
(4395, 309, 4395, 'O''o''u (Oou)', '2016-06-05 06:42:04', '0000-00-00 00:00:00'),
(4396, 309, 4396, 'Onohazumba', '2016-06-05 06:42:04', '0000-00-00 00:00:00'),
(4397, 309, 4397, 'Pulau-Pulau Batu', '2016-06-05 06:42:04', '0000-00-00 00:00:00'),
(4398, 309, 4398, 'Pulau-Pulau Batu Barat', '2016-06-05 06:42:04', '0000-00-00 00:00:00'),
(4399, 309, 4399, 'Pulau-Pulau Batu Timur', '2016-06-05 06:42:04', '0000-00-00 00:00:00'),
(4400, 309, 4400, 'Pulau-Pulau Batu Utara', '2016-06-05 06:42:04', '0000-00-00 00:00:00'),
(4401, 309, 4401, 'Sidua''ori', '2016-06-05 06:42:04', '0000-00-00 00:00:00'),
(4402, 309, 4402, 'Simuk', '2016-06-05 06:42:04', '0000-00-00 00:00:00'),
(4403, 309, 4403, 'Somambawa', '2016-06-05 06:42:04', '0000-00-00 00:00:00'),
(4404, 309, 4404, 'Susua', '2016-06-05 06:42:04', '0000-00-00 00:00:00'),
(4405, 309, 4405, 'Tanah Masa', '2016-06-05 06:42:04', '0000-00-00 00:00:00'),
(4406, 309, 4406, 'Teluk Dalam', '2016-06-05 06:42:04', '0000-00-00 00:00:00'),
(4407, 309, 4407, 'Toma', '2016-06-05 06:42:04', '0000-00-00 00:00:00'),
(4408, 309, 4408, 'Ulunoyo', '2016-06-05 06:42:04', '0000-00-00 00:00:00'),
(4409, 309, 4409, 'Ulususua', '2016-06-05 06:42:04', '0000-00-00 00:00:00'),
(4410, 309, 4410, 'Umbunasi', '2016-06-05 06:42:04', '0000-00-00 00:00:00'),
(4411, 310, 4411, 'Afulu', '2016-06-05 06:42:05', '0000-00-00 00:00:00'),
(4412, 310, 4412, 'Alasa', '2016-06-05 06:42:05', '0000-00-00 00:00:00'),
(4413, 310, 4413, 'Alasa Talumuzoi', '2016-06-05 06:42:05', '0000-00-00 00:00:00'),
(4414, 310, 4414, 'Lahewa', '2016-06-05 06:42:05', '0000-00-00 00:00:00'),
(4415, 310, 4415, 'Lahewa Timur', '2016-06-05 06:42:05', '0000-00-00 00:00:00'),
(4416, 310, 4416, 'Lotu', '2016-06-05 06:42:05', '0000-00-00 00:00:00'),
(4417, 310, 4417, 'Namohalu Esiwa', '2016-06-05 06:42:05', '0000-00-00 00:00:00'),
(4418, 310, 4418, 'Sawo', '2016-06-05 06:42:05', '0000-00-00 00:00:00'),
(4419, 310, 4419, 'Sitolu Ori', '2016-06-05 06:42:05', '0000-00-00 00:00:00'),
(4420, 310, 4420, 'Tugala Oyo', '2016-06-05 06:42:05', '0000-00-00 00:00:00'),
(4421, 310, 4421, 'Tuhemberua', '2016-06-05 06:42:05', '0000-00-00 00:00:00'),
(4422, 311, 4422, 'Krayan', '2016-06-05 06:42:06', '0000-00-00 00:00:00'),
(4423, 311, 4423, 'Krayan Selatan', '2016-06-05 06:42:06', '0000-00-00 00:00:00'),
(4424, 311, 4424, 'Lumbis', '2016-06-05 06:42:06', '0000-00-00 00:00:00'),
(4425, 311, 4425, 'Lumbis Ogong', '2016-06-05 06:42:06', '0000-00-00 00:00:00'),
(4426, 311, 4426, 'Nunukan', '2016-06-05 06:42:06', '0000-00-00 00:00:00'),
(4427, 311, 4427, 'Nunukan Selatan', '2016-06-05 06:42:06', '0000-00-00 00:00:00'),
(4428, 311, 4428, 'Sebatik', '2016-06-05 06:42:06', '0000-00-00 00:00:00'),
(4429, 311, 4429, 'Sebatik Barat', '2016-06-05 06:42:06', '0000-00-00 00:00:00'),
(4430, 311, 4430, 'Sebatik Tengah', '2016-06-05 06:42:06', '0000-00-00 00:00:00'),
(4431, 311, 4431, 'Sebatik Timur', '2016-06-05 06:42:06', '0000-00-00 00:00:00'),
(4432, 311, 4432, 'Sebatik Utara', '2016-06-05 06:42:06', '0000-00-00 00:00:00'),
(4433, 311, 4433, 'Sebuku', '2016-06-05 06:42:06', '0000-00-00 00:00:00'),
(4434, 311, 4434, 'Sei Menggaris', '2016-06-05 06:42:06', '0000-00-00 00:00:00'),
(4435, 311, 4435, 'Sembakung', '2016-06-05 06:42:06', '0000-00-00 00:00:00'),
(4436, 311, 4436, 'Tulin Onsoi', '2016-06-05 06:42:06', '0000-00-00 00:00:00'),
(4437, 312, 4437, 'Indralaya', '2016-06-05 06:42:06', '0000-00-00 00:00:00'),
(4438, 312, 4438, 'Indralaya Selatan', '2016-06-05 06:42:06', '0000-00-00 00:00:00'),
(4439, 312, 4439, 'Indralaya Utara', '2016-06-05 06:42:06', '0000-00-00 00:00:00'),
(4440, 312, 4440, 'Kandis', '2016-06-05 06:42:06', '0000-00-00 00:00:00'),
(4441, 312, 4441, 'Lubuk Keliat', '2016-06-05 06:42:06', '0000-00-00 00:00:00'),
(4442, 312, 4442, 'Muara Kuang', '2016-06-05 06:42:06', '0000-00-00 00:00:00'),
(4443, 312, 4443, 'Payaraman', '2016-06-05 06:42:06', '0000-00-00 00:00:00'),
(4444, 312, 4444, 'Pemulutan', '2016-06-05 06:42:06', '0000-00-00 00:00:00'),
(4445, 312, 4445, 'Pemulutan Barat', '2016-06-05 06:42:06', '0000-00-00 00:00:00'),
(4446, 312, 4446, 'Pemulutan Selatan', '2016-06-05 06:42:06', '0000-00-00 00:00:00'),
(4447, 312, 4447, 'Rambang Kuang', '2016-06-05 06:42:06', '0000-00-00 00:00:00'),
(4448, 312, 4448, 'Rantau Alai', '2016-06-05 06:42:06', '0000-00-00 00:00:00'),
(4449, 312, 4449, 'Rantau Panjang', '2016-06-05 06:42:06', '0000-00-00 00:00:00'),
(4450, 312, 4450, 'Sungai Pinang', '2016-06-05 06:42:06', '0000-00-00 00:00:00'),
(4451, 312, 4451, 'Tanjung Batu', '2016-06-05 06:42:06', '0000-00-00 00:00:00'),
(4452, 312, 4452, 'Tanjung Raja', '2016-06-05 06:42:06', '0000-00-00 00:00:00'),
(4453, 313, 4453, 'Air Sugihan', '2016-06-05 06:42:07', '0000-00-00 00:00:00'),
(4454, 313, 4454, 'Cengal', '2016-06-05 06:42:07', '0000-00-00 00:00:00'),
(4455, 313, 4455, 'Jejawi', '2016-06-05 06:42:07', '0000-00-00 00:00:00'),
(4456, 313, 4456, 'Kayu Agung', '2016-06-05 06:42:07', '0000-00-00 00:00:00'),
(4457, 313, 4457, 'Lempuing', '2016-06-05 06:42:07', '0000-00-00 00:00:00'),
(4458, 313, 4458, 'Lempuing Jaya', '2016-06-05 06:42:07', '0000-00-00 00:00:00'),
(4459, 313, 4459, 'Mesuji', '2016-06-05 06:42:07', '0000-00-00 00:00:00'),
(4460, 313, 4460, 'Mesuji Makmur', '2016-06-05 06:42:07', '0000-00-00 00:00:00'),
(4461, 313, 4461, 'Mesuji Raya', '2016-06-05 06:42:07', '0000-00-00 00:00:00'),
(4462, 313, 4462, 'Pampangan', '2016-06-05 06:42:07', '0000-00-00 00:00:00'),
(4463, 313, 4463, 'Pangkalan Lampam', '2016-06-05 06:42:07', '0000-00-00 00:00:00'),
(4464, 313, 4464, 'Pedamaran', '2016-06-05 06:42:07', '0000-00-00 00:00:00'),
(4465, 313, 4465, 'Pedamaran Timur', '2016-06-05 06:42:07', '0000-00-00 00:00:00'),
(4466, 313, 4466, 'Sirah Pulau Padang', '2016-06-05 06:42:07', '0000-00-00 00:00:00'),
(4467, 313, 4467, 'Sungai Menang', '2016-06-05 06:42:07', '0000-00-00 00:00:00'),
(4468, 313, 4468, 'Tanjung Lubuk', '2016-06-05 06:42:07', '0000-00-00 00:00:00'),
(4469, 313, 4469, 'Teluk Gelam', '2016-06-05 06:42:07', '0000-00-00 00:00:00'),
(4470, 313, 4470, 'Tulung Selapan', '2016-06-05 06:42:07', '0000-00-00 00:00:00'),
(4471, 314, 4471, 'Baturaja Barat', '2016-06-05 06:42:08', '0000-00-00 00:00:00'),
(4472, 314, 4472, 'Baturaja Timur', '2016-06-05 06:42:08', '0000-00-00 00:00:00'),
(4473, 314, 4473, 'Lengkiti', '2016-06-05 06:42:08', '0000-00-00 00:00:00'),
(4474, 314, 4474, 'Lubuk Batang', '2016-06-05 06:42:08', '0000-00-00 00:00:00'),
(4475, 314, 4475, 'Lubuk Raja', '2016-06-05 06:42:08', '0000-00-00 00:00:00'),
(4476, 314, 4476, 'Muara Jaya', '2016-06-05 06:42:08', '0000-00-00 00:00:00'),
(4477, 314, 4477, 'Pengandonan', '2016-06-05 06:42:08', '0000-00-00 00:00:00'),
(4478, 314, 4478, 'Peninjauan', '2016-06-05 06:42:08', '0000-00-00 00:00:00'),
(4479, 314, 4479, 'Semidang Aji', '2016-06-05 06:42:08', '0000-00-00 00:00:00'),
(4480, 314, 4480, 'Sinar Peninjauan', '2016-06-05 06:42:08', '0000-00-00 00:00:00'),
(4481, 314, 4481, 'Sosoh Buay Rayap', '2016-06-05 06:42:08', '0000-00-00 00:00:00'),
(4482, 314, 4482, 'Ulu Ogan', '2016-06-05 06:42:08', '0000-00-00 00:00:00'),
(4483, 315, 4483, 'Banding Agung', '2016-06-05 06:42:08', '0000-00-00 00:00:00'),
(4484, 315, 4484, 'Buana Pemaca', '2016-06-05 06:42:08', '0000-00-00 00:00:00'),
(4485, 315, 4485, 'Buay Pemaca', '2016-06-05 06:42:08', '0000-00-00 00:00:00'),
(4486, 315, 4486, 'Buay Pematang Ribu Ranau Tengah', '2016-06-05 06:42:08', '0000-00-00 00:00:00'),
(4487, 315, 4487, 'Buay Rawan', '2016-06-05 06:42:08', '0000-00-00 00:00:00'),
(4488, 315, 4488, 'Buay Runjung', '2016-06-05 06:42:08', '0000-00-00 00:00:00'),
(4489, 315, 4489, 'Buay Sandang Aji', '2016-06-05 06:42:08', '0000-00-00 00:00:00'),
(4490, 315, 4490, 'Kisam Ilir', '2016-06-05 06:42:08', '0000-00-00 00:00:00'),
(4491, 315, 4491, 'Kisam Tinggi', '2016-06-05 06:42:08', '0000-00-00 00:00:00'),
(4492, 315, 4492, 'Mekakau Ilir', '2016-06-05 06:42:08', '0000-00-00 00:00:00'),
(4493, 315, 4493, 'Muaradua', '2016-06-05 06:42:08', '0000-00-00 00:00:00'),
(4494, 315, 4494, 'Muaradua Kisam', '2016-06-05 06:42:08', '0000-00-00 00:00:00'),
(4495, 315, 4495, 'Pulau Beringin', '2016-06-05 06:42:08', '0000-00-00 00:00:00'),
(4496, 315, 4496, 'Runjung Agung', '2016-06-05 06:42:08', '0000-00-00 00:00:00'),
(4497, 315, 4497, 'Simpang', '2016-06-05 06:42:08', '0000-00-00 00:00:00'),
(4498, 315, 4498, 'Sindang Danau', '2016-06-05 06:42:08', '0000-00-00 00:00:00'),
(4499, 315, 4499, 'Sungai Are', '2016-06-05 06:42:08', '0000-00-00 00:00:00'),
(4500, 315, 4500, 'Tiga Dihaji', '2016-06-05 06:42:08', '0000-00-00 00:00:00'),
(4501, 315, 4501, 'Warkuk Ranau Selatan', '2016-06-05 06:42:08', '0000-00-00 00:00:00'),
(4502, 316, 4502, 'Belitang', '2016-06-05 06:42:09', '0000-00-00 00:00:00'),
(4503, 316, 4503, 'Belitang II', '2016-06-05 06:42:09', '0000-00-00 00:00:00'),
(4504, 316, 4504, 'Belitang III', '2016-06-05 06:42:09', '0000-00-00 00:00:00'),
(4505, 316, 4505, 'Belitang Jaya', '2016-06-05 06:42:09', '0000-00-00 00:00:00'),
(4506, 316, 4506, 'Belitang Madang Raya', '2016-06-05 06:42:09', '0000-00-00 00:00:00'),
(4507, 316, 4507, 'Belitang Mulya', '2016-06-05 06:42:09', '0000-00-00 00:00:00'),
(4508, 316, 4508, 'Buay Madang', '2016-06-05 06:42:09', '0000-00-00 00:00:00'),
(4509, 316, 4509, 'Buay Madang Timur', '2016-06-05 06:42:09', '0000-00-00 00:00:00'),
(4510, 316, 4510, 'Buay Pemuka Bangsa Raja', '2016-06-05 06:42:09', '0000-00-00 00:00:00'),
(4511, 316, 4511, 'Buay Pemuka Beliung / Peliung', '2016-06-05 06:42:09', '0000-00-00 00:00:00'),
(4512, 316, 4512, 'Bunga Mayang', '2016-06-05 06:42:09', '0000-00-00 00:00:00'),
(4513, 316, 4513, 'Cempaka', '2016-06-05 06:42:09', '0000-00-00 00:00:00'),
(4514, 316, 4514, 'Jayapura', '2016-06-05 06:42:09', '0000-00-00 00:00:00'),
(4515, 316, 4515, 'Madang Suku I', '2016-06-05 06:42:09', '0000-00-00 00:00:00'),
(4516, 316, 4516, 'Madang Suku II', '2016-06-05 06:42:09', '0000-00-00 00:00:00'),
(4517, 316, 4517, 'Madang Suku III', '2016-06-05 06:42:09', '0000-00-00 00:00:00'),
(4518, 316, 4518, 'Martapura', '2016-06-05 06:42:09', '0000-00-00 00:00:00'),
(4519, 316, 4519, 'Semendawai Barat', '2016-06-05 06:42:09', '0000-00-00 00:00:00'),
(4520, 316, 4520, 'Semendawai Suku III', '2016-06-05 06:42:09', '0000-00-00 00:00:00'),
(4521, 316, 4521, 'Semendawai Timur', '2016-06-05 06:42:09', '0000-00-00 00:00:00'),
(4522, 317, 4522, 'Arjosari', '2016-06-05 06:42:09', '0000-00-00 00:00:00'),
(4523, 317, 4523, 'Bandar', '2016-06-05 06:42:09', '0000-00-00 00:00:00'),
(4524, 317, 4524, 'Donorojo', '2016-06-05 06:42:09', '0000-00-00 00:00:00'),
(4525, 317, 4525, 'Kebon Agung', '2016-06-05 06:42:09', '0000-00-00 00:00:00'),
(4526, 317, 4526, 'Nawangan', '2016-06-05 06:42:09', '0000-00-00 00:00:00'),
(4527, 317, 4527, 'Ngadirojo', '2016-06-05 06:42:09', '0000-00-00 00:00:00'),
(4528, 317, 4528, 'Pacitan', '2016-06-05 06:42:09', '0000-00-00 00:00:00'),
(4529, 317, 4529, 'Pringkuku', '2016-06-05 06:42:09', '0000-00-00 00:00:00'),
(4530, 317, 4530, 'Punung', '2016-06-05 06:42:09', '0000-00-00 00:00:00'),
(4531, 317, 4531, 'Sudimoro', '2016-06-05 06:42:09', '0000-00-00 00:00:00'),
(4532, 317, 4532, 'Tegalombo', '2016-06-05 06:42:09', '0000-00-00 00:00:00'),
(4533, 317, 4533, 'Tulakan', '2016-06-05 06:42:09', '0000-00-00 00:00:00'),
(4534, 318, 4534, 'Bungus Teluk Kabung', '2016-06-05 06:42:10', '0000-00-00 00:00:00'),
(4535, 318, 4535, 'Koto Tangah', '2016-06-05 06:42:10', '0000-00-00 00:00:00'),
(4536, 318, 4536, 'Kuranji', '2016-06-05 06:42:10', '0000-00-00 00:00:00'),
(4537, 318, 4537, 'Lubuk Begalung', '2016-06-05 06:42:10', '0000-00-00 00:00:00'),
(4538, 318, 4538, 'Lubuk Kilangan', '2016-06-05 06:42:10', '0000-00-00 00:00:00'),
(4539, 318, 4539, 'Nanggalo', '2016-06-05 06:42:10', '0000-00-00 00:00:00'),
(4540, 318, 4540, 'Padang Barat', '2016-06-05 06:42:10', '0000-00-00 00:00:00'),
(4541, 318, 4541, 'Padang Selatan', '2016-06-05 06:42:10', '0000-00-00 00:00:00'),
(4542, 318, 4542, 'Padang Timur', '2016-06-05 06:42:10', '0000-00-00 00:00:00'),
(4543, 318, 4543, 'Padang Utara', '2016-06-05 06:42:10', '0000-00-00 00:00:00'),
(4544, 318, 4544, 'Pauh', '2016-06-05 06:42:10', '0000-00-00 00:00:00'),
(4545, 319, 4545, 'Aek Nabara Barumun', '2016-06-05 06:42:10', '0000-00-00 00:00:00'),
(4546, 319, 4546, 'Barumun', '2016-06-05 06:42:10', '0000-00-00 00:00:00'),
(4547, 319, 4547, 'Barumun Selatan', '2016-06-05 06:42:10', '0000-00-00 00:00:00'),
(4548, 319, 4548, 'Barumun Tengah', '2016-06-05 06:42:10', '0000-00-00 00:00:00'),
(4549, 319, 4549, 'Batang Lubu Sutam', '2016-06-05 06:42:10', '0000-00-00 00:00:00'),
(4550, 319, 4550, 'Huristak', '2016-06-05 06:42:10', '0000-00-00 00:00:00'),
(4551, 319, 4551, 'Huta Raja Tinggi', '2016-06-05 06:42:10', '0000-00-00 00:00:00'),
(4552, 319, 4552, 'Lubuk Barumun', '2016-06-05 06:42:10', '0000-00-00 00:00:00'),
(4553, 319, 4553, 'Sihapas Barumun', '2016-06-05 06:42:10', '0000-00-00 00:00:00'),
(4554, 319, 4554, 'Sosa', '2016-06-05 06:42:10', '0000-00-00 00:00:00'),
(4555, 319, 4555, 'Sosopan', '2016-06-05 06:42:10', '0000-00-00 00:00:00'),
(4556, 319, 4556, 'Ulu Barumun', '2016-06-05 06:42:10', '0000-00-00 00:00:00'),
(4557, 320, 4557, 'Batang Onang', '2016-06-05 06:42:11', '0000-00-00 00:00:00'),
(4558, 320, 4558, 'Dolok', '2016-06-05 06:42:11', '0000-00-00 00:00:00'),
(4559, 320, 4559, 'Dolok Sigompulon', '2016-06-05 06:42:11', '0000-00-00 00:00:00'),
(4560, 320, 4560, 'Halongonan', '2016-06-05 06:42:11', '0000-00-00 00:00:00'),
(4561, 320, 4561, 'Hulu Sihapas', '2016-06-05 06:42:11', '0000-00-00 00:00:00'),
(4562, 320, 4562, 'Padang Bolak', '2016-06-05 06:42:11', '0000-00-00 00:00:00'),
(4563, 320, 4563, 'Padang Bolak Julu', '2016-06-05 06:42:11', '0000-00-00 00:00:00'),
(4564, 320, 4564, 'Portibi', '2016-06-05 06:42:11', '0000-00-00 00:00:00'),
(4565, 320, 4565, 'Simangambat', '2016-06-05 06:42:11', '0000-00-00 00:00:00'),
(4566, 321, 4566, 'Padang Panjang Barat', '2016-06-05 06:42:12', '0000-00-00 00:00:00'),
(4567, 321, 4567, 'Padang Panjang Timur', '2016-06-05 06:42:12', '0000-00-00 00:00:00'),
(4568, 322, 4568, '2 X 11 Enam Lingkung', '2016-06-05 06:42:12', '0000-00-00 00:00:00'),
(4569, 322, 4569, '2 X 11 Kayu Tanam', '2016-06-05 06:42:12', '0000-00-00 00:00:00'),
(4570, 322, 4570, 'Batang Anai', '2016-06-05 06:42:12', '0000-00-00 00:00:00'),
(4571, 322, 4571, 'Batang Gasan', '2016-06-05 06:42:12', '0000-00-00 00:00:00');
INSERT INTO `bkm_sub_district` (`id`, `city_id`, `sub_district_id`, `name`, `created_at`, `updated_at`) VALUES
(4572, 322, 4572, 'Enam Lingkung', '2016-06-05 06:42:12', '0000-00-00 00:00:00'),
(4573, 322, 4573, 'IV Koto Aur Malintang', '2016-06-05 06:42:12', '0000-00-00 00:00:00'),
(4574, 322, 4574, 'Lubuk Alung', '2016-06-05 06:42:12', '0000-00-00 00:00:00'),
(4575, 322, 4575, 'Nan Sabaris', '2016-06-05 06:42:12', '0000-00-00 00:00:00'),
(4576, 322, 4576, 'Padang Sago', '2016-06-05 06:42:12', '0000-00-00 00:00:00'),
(4577, 322, 4577, 'Patamuan', '2016-06-05 06:42:12', '0000-00-00 00:00:00'),
(4578, 322, 4578, 'Sintuk/Sintuak Toboh Gadang', '2016-06-05 06:42:12', '0000-00-00 00:00:00'),
(4579, 322, 4579, 'Sungai Geringging/Garingging', '2016-06-05 06:42:12', '0000-00-00 00:00:00'),
(4580, 322, 4580, 'Sungai Limau', '2016-06-05 06:42:12', '0000-00-00 00:00:00'),
(4581, 322, 4581, 'Ulakan Tapakih/Tapakis', '2016-06-05 06:42:12', '0000-00-00 00:00:00'),
(4582, 322, 4582, 'V Koto Kampung Dalam', '2016-06-05 06:42:12', '0000-00-00 00:00:00'),
(4583, 322, 4583, 'V Koto Timur', '2016-06-05 06:42:12', '0000-00-00 00:00:00'),
(4584, 322, 4584, 'VII Koto Sungai Sarik', '2016-06-05 06:42:12', '0000-00-00 00:00:00'),
(4585, 323, 4585, 'Padang Sidempuan Angkola Julu', '2016-06-05 06:42:13', '0000-00-00 00:00:00'),
(4586, 323, 4586, 'Padang Sidempuan Batunadua', '2016-06-05 06:42:13', '0000-00-00 00:00:00'),
(4587, 323, 4587, 'Padang Sidempuan Hutaimbaru', '2016-06-05 06:42:13', '0000-00-00 00:00:00'),
(4588, 323, 4588, 'Padang Sidempuan Selatan', '2016-06-05 06:42:13', '0000-00-00 00:00:00'),
(4589, 323, 4589, 'Padang Sidempuan Tenggara', '2016-06-05 06:42:13', '0000-00-00 00:00:00'),
(4590, 323, 4590, 'Padang Sidempuan Utara (Padangsidimpuan)', '2016-06-05 06:42:13', '0000-00-00 00:00:00'),
(4591, 324, 4591, 'Dempo Selatan', '2016-06-05 06:42:14', '0000-00-00 00:00:00'),
(4592, 324, 4592, 'Dempo Tengah', '2016-06-05 06:42:14', '0000-00-00 00:00:00'),
(4593, 324, 4593, 'Dempo Utara', '2016-06-05 06:42:14', '0000-00-00 00:00:00'),
(4594, 324, 4594, 'Pagar Alam Selatan', '2016-06-05 06:42:14', '0000-00-00 00:00:00'),
(4595, 324, 4595, 'Pagar Alam Utara', '2016-06-05 06:42:14', '0000-00-00 00:00:00'),
(4596, 325, 4596, 'Kerajaan', '2016-06-05 06:42:15', '0000-00-00 00:00:00'),
(4597, 325, 4597, 'Pagindar', '2016-06-05 06:42:15', '0000-00-00 00:00:00'),
(4598, 325, 4598, 'Pergetteng Getteng Sengkut', '2016-06-05 06:42:15', '0000-00-00 00:00:00'),
(4599, 325, 4599, 'Salak', '2016-06-05 06:42:15', '0000-00-00 00:00:00'),
(4600, 325, 4600, 'Siempat Rube', '2016-06-05 06:42:15', '0000-00-00 00:00:00'),
(4601, 325, 4601, 'Sitellu Tali Urang Jehe', '2016-06-05 06:42:15', '0000-00-00 00:00:00'),
(4602, 325, 4602, 'Sitellu Tali Urang Julu', '2016-06-05 06:42:15', '0000-00-00 00:00:00'),
(4603, 325, 4603, 'Tinada', '2016-06-05 06:42:15', '0000-00-00 00:00:00'),
(4604, 326, 4604, 'Bukit Batu', '2016-06-05 06:42:15', '0000-00-00 00:00:00'),
(4605, 326, 4605, 'Jekan Raya', '2016-06-05 06:42:15', '0000-00-00 00:00:00'),
(4606, 326, 4606, 'Pahandut', '2016-06-05 06:42:15', '0000-00-00 00:00:00'),
(4607, 326, 4607, 'Rakumpit', '2016-06-05 06:42:15', '0000-00-00 00:00:00'),
(4608, 326, 4608, 'Sebangau', '2016-06-05 06:42:15', '0000-00-00 00:00:00'),
(4609, 327, 4609, 'Alang-Alang Lebar', '2016-06-05 06:42:15', '0000-00-00 00:00:00'),
(4610, 327, 4610, 'Bukit Kecil', '2016-06-05 06:42:15', '0000-00-00 00:00:00'),
(4611, 327, 4611, 'Gandus', '2016-06-05 06:42:15', '0000-00-00 00:00:00'),
(4612, 327, 4612, 'Ilir Barat I', '2016-06-05 06:42:15', '0000-00-00 00:00:00'),
(4613, 327, 4613, 'Ilir Barat II', '2016-06-05 06:42:15', '0000-00-00 00:00:00'),
(4614, 327, 4614, 'Ilir Timur I', '2016-06-05 06:42:15', '0000-00-00 00:00:00'),
(4615, 327, 4615, 'Ilir Timur II', '2016-06-05 06:42:15', '0000-00-00 00:00:00'),
(4616, 327, 4616, 'Kalidoni', '2016-06-05 06:42:15', '0000-00-00 00:00:00'),
(4617, 327, 4617, 'Kemuning', '2016-06-05 06:42:15', '0000-00-00 00:00:00'),
(4618, 327, 4618, 'Kertapati', '2016-06-05 06:42:15', '0000-00-00 00:00:00'),
(4619, 327, 4619, 'Plaju', '2016-06-05 06:42:15', '0000-00-00 00:00:00'),
(4620, 327, 4620, 'Sako', '2016-06-05 06:42:15', '0000-00-00 00:00:00'),
(4621, 327, 4621, 'Seberang Ulu I', '2016-06-05 06:42:15', '0000-00-00 00:00:00'),
(4622, 327, 4622, 'Seberang Ulu II', '2016-06-05 06:42:15', '0000-00-00 00:00:00'),
(4623, 327, 4623, 'Sematang Borang', '2016-06-05 06:42:15', '0000-00-00 00:00:00'),
(4624, 327, 4624, 'Sukarami', '2016-06-05 06:42:15', '0000-00-00 00:00:00'),
(4625, 328, 4625, 'Bara', '2016-06-05 06:42:16', '0000-00-00 00:00:00'),
(4626, 328, 4626, 'Mungkajang', '2016-06-05 06:42:16', '0000-00-00 00:00:00'),
(4627, 328, 4627, 'Sendana', '2016-06-05 06:42:16', '0000-00-00 00:00:00'),
(4628, 328, 4628, 'Telluwanua', '2016-06-05 06:42:16', '0000-00-00 00:00:00'),
(4629, 328, 4629, 'Wara', '2016-06-05 06:42:16', '0000-00-00 00:00:00'),
(4630, 328, 4630, 'Wara Barat', '2016-06-05 06:42:16', '0000-00-00 00:00:00'),
(4631, 328, 4631, 'Wara Selatan', '2016-06-05 06:42:16', '0000-00-00 00:00:00'),
(4632, 328, 4632, 'Wara Timur', '2016-06-05 06:42:16', '0000-00-00 00:00:00'),
(4633, 328, 4633, 'Wara Utara', '2016-06-05 06:42:16', '0000-00-00 00:00:00'),
(4634, 329, 4634, 'Mantikulore', '2016-06-05 06:42:16', '0000-00-00 00:00:00'),
(4635, 329, 4635, 'Palu Barat', '2016-06-05 06:42:16', '0000-00-00 00:00:00'),
(4636, 329, 4636, 'Palu Selatan', '2016-06-05 06:42:16', '0000-00-00 00:00:00'),
(4637, 329, 4637, 'Palu Timur', '2016-06-05 06:42:16', '0000-00-00 00:00:00'),
(4638, 329, 4638, 'Palu Utara', '2016-06-05 06:42:16', '0000-00-00 00:00:00'),
(4639, 329, 4639, 'Tatanga', '2016-06-05 06:42:16', '0000-00-00 00:00:00'),
(4640, 329, 4640, 'Tawaeli', '2016-06-05 06:42:16', '0000-00-00 00:00:00'),
(4641, 329, 4641, 'Ulujadi', '2016-06-05 06:42:16', '0000-00-00 00:00:00'),
(4642, 330, 4642, 'Batumarmar', '2016-06-05 06:42:16', '0000-00-00 00:00:00'),
(4643, 330, 4643, 'Galis', '2016-06-05 06:42:16', '0000-00-00 00:00:00'),
(4644, 330, 4644, 'Kadur', '2016-06-05 06:42:16', '0000-00-00 00:00:00'),
(4645, 330, 4645, 'Larangan', '2016-06-05 06:42:16', '0000-00-00 00:00:00'),
(4646, 330, 4646, 'Pademawu', '2016-06-05 06:42:16', '0000-00-00 00:00:00'),
(4647, 330, 4647, 'Pakong', '2016-06-05 06:42:16', '0000-00-00 00:00:00'),
(4648, 330, 4648, 'Palenga''an', '2016-06-05 06:42:16', '0000-00-00 00:00:00'),
(4649, 330, 4649, 'Pamekasan', '2016-06-05 06:42:16', '0000-00-00 00:00:00'),
(4650, 330, 4650, 'Pasean', '2016-06-05 06:42:16', '0000-00-00 00:00:00'),
(4651, 330, 4651, 'Pegantenan', '2016-06-05 06:42:16', '0000-00-00 00:00:00'),
(4652, 330, 4652, 'Proppo', '2016-06-05 06:42:16', '0000-00-00 00:00:00'),
(4653, 330, 4653, 'Tlanakan', '2016-06-05 06:42:16', '0000-00-00 00:00:00'),
(4654, 330, 4654, 'Waru', '2016-06-05 06:42:16', '0000-00-00 00:00:00'),
(4655, 331, 4655, 'Angsana', '2016-06-05 06:42:16', '0000-00-00 00:00:00'),
(4656, 331, 4656, 'Banjar', '2016-06-05 06:42:16', '0000-00-00 00:00:00'),
(4657, 331, 4657, 'Bojong', '2016-06-05 06:42:16', '0000-00-00 00:00:00'),
(4658, 331, 4658, 'Cadasari', '2016-06-05 06:42:16', '0000-00-00 00:00:00'),
(4659, 331, 4659, 'Carita', '2016-06-05 06:42:16', '0000-00-00 00:00:00'),
(4660, 331, 4660, 'Cibaliung', '2016-06-05 06:42:16', '0000-00-00 00:00:00'),
(4661, 331, 4661, 'Cibitung', '2016-06-05 06:42:16', '0000-00-00 00:00:00'),
(4662, 331, 4662, 'Cigeulis', '2016-06-05 06:42:16', '0000-00-00 00:00:00'),
(4663, 331, 4663, 'Cikeudal (Cikedal)', '2016-06-05 06:42:16', '0000-00-00 00:00:00'),
(4664, 331, 4664, 'Cikeusik', '2016-06-05 06:42:16', '0000-00-00 00:00:00'),
(4665, 331, 4665, 'Cimanggu', '2016-06-05 06:42:16', '0000-00-00 00:00:00'),
(4666, 331, 4666, 'Cimanuk', '2016-06-05 06:42:16', '0000-00-00 00:00:00'),
(4667, 331, 4667, 'Cipeucang', '2016-06-05 06:42:16', '0000-00-00 00:00:00'),
(4668, 331, 4668, 'Cisata', '2016-06-05 06:42:16', '0000-00-00 00:00:00'),
(4669, 331, 4669, 'Jiput', '2016-06-05 06:42:16', '0000-00-00 00:00:00'),
(4670, 331, 4670, 'Kaduhejo', '2016-06-05 06:42:16', '0000-00-00 00:00:00'),
(4671, 331, 4671, 'Karang Tanjung', '2016-06-05 06:42:16', '0000-00-00 00:00:00'),
(4672, 331, 4672, 'Koroncong', '2016-06-05 06:42:16', '0000-00-00 00:00:00'),
(4673, 331, 4673, 'Labuan', '2016-06-05 06:42:16', '0000-00-00 00:00:00'),
(4674, 331, 4674, 'Majasari', '2016-06-05 06:42:16', '0000-00-00 00:00:00'),
(4675, 331, 4675, 'Mandalawangi', '2016-06-05 06:42:16', '0000-00-00 00:00:00'),
(4676, 331, 4676, 'Mekarjaya', '2016-06-05 06:42:16', '0000-00-00 00:00:00'),
(4677, 331, 4677, 'Menes', '2016-06-05 06:42:16', '0000-00-00 00:00:00'),
(4678, 331, 4678, 'Munjul', '2016-06-05 06:42:16', '0000-00-00 00:00:00'),
(4679, 331, 4679, 'Pagelaran', '2016-06-05 06:42:16', '0000-00-00 00:00:00'),
(4680, 331, 4680, 'Pandeglang', '2016-06-05 06:42:16', '0000-00-00 00:00:00'),
(4681, 331, 4681, 'Panimbang', '2016-06-05 06:42:16', '0000-00-00 00:00:00'),
(4682, 331, 4682, 'Patia', '2016-06-05 06:42:16', '0000-00-00 00:00:00'),
(4683, 331, 4683, 'Picung', '2016-06-05 06:42:16', '0000-00-00 00:00:00'),
(4684, 331, 4684, 'Pulosari', '2016-06-05 06:42:16', '0000-00-00 00:00:00'),
(4685, 331, 4685, 'Saketi', '2016-06-05 06:42:16', '0000-00-00 00:00:00'),
(4686, 331, 4686, 'Sindangresmi', '2016-06-05 06:42:16', '0000-00-00 00:00:00'),
(4687, 331, 4687, 'Sobang', '2016-06-05 06:42:16', '0000-00-00 00:00:00'),
(4688, 331, 4688, 'Sukaresmi', '2016-06-05 06:42:16', '0000-00-00 00:00:00'),
(4689, 331, 4689, 'Sumur', '2016-06-05 06:42:16', '0000-00-00 00:00:00'),
(4690, 332, 4690, 'Cigugur', '2016-06-05 06:42:17', '0000-00-00 00:00:00'),
(4691, 332, 4691, 'Cijulang', '2016-06-05 06:42:17', '0000-00-00 00:00:00'),
(4692, 332, 4692, 'Cimerak', '2016-06-05 06:42:17', '0000-00-00 00:00:00'),
(4693, 332, 4693, 'Kalipucang', '2016-06-05 06:42:17', '0000-00-00 00:00:00'),
(4694, 332, 4694, 'Langkaplancar', '2016-06-05 06:42:17', '0000-00-00 00:00:00'),
(4695, 332, 4695, 'Mangunjaya', '2016-06-05 06:42:17', '0000-00-00 00:00:00'),
(4696, 332, 4696, 'Padaherang', '2016-06-05 06:42:17', '0000-00-00 00:00:00'),
(4697, 332, 4697, 'Pangandaran', '2016-06-05 06:42:17', '0000-00-00 00:00:00'),
(4698, 332, 4698, 'Parigi', '2016-06-05 06:42:17', '0000-00-00 00:00:00'),
(4699, 332, 4699, 'Sidamulih', '2016-06-05 06:42:17', '0000-00-00 00:00:00'),
(4700, 333, 4700, 'Balocci', '2016-06-05 06:42:17', '0000-00-00 00:00:00'),
(4701, 333, 4701, 'Bungoro', '2016-06-05 06:42:17', '0000-00-00 00:00:00'),
(4702, 333, 4702, 'Labakkang', '2016-06-05 06:42:17', '0000-00-00 00:00:00'),
(4703, 333, 4703, 'Liukang Kalmas (Kalukuang Masalima)', '2016-06-05 06:42:17', '0000-00-00 00:00:00'),
(4704, 333, 4704, 'Liukang Tangaya', '2016-06-05 06:42:17', '0000-00-00 00:00:00'),
(4705, 333, 4705, 'Liukang Tupabbiring', '2016-06-05 06:42:17', '0000-00-00 00:00:00'),
(4706, 333, 4706, 'Liukang Tupabbiring Utara', '2016-06-05 06:42:17', '0000-00-00 00:00:00'),
(4707, 333, 4707, 'Mandalle', '2016-06-05 06:42:17', '0000-00-00 00:00:00'),
(4708, 333, 4708, 'Marang (Ma Rang)', '2016-06-05 06:42:17', '0000-00-00 00:00:00'),
(4709, 333, 4709, 'Minasa Tene', '2016-06-05 06:42:17', '0000-00-00 00:00:00'),
(4710, 333, 4710, 'Pangkajene', '2016-06-05 06:42:17', '0000-00-00 00:00:00'),
(4711, 333, 4711, 'Segeri', '2016-06-05 06:42:17', '0000-00-00 00:00:00'),
(4712, 333, 4712, 'Tondong Tallasa', '2016-06-05 06:42:17', '0000-00-00 00:00:00'),
(4713, 334, 4713, 'Bukit Intan', '2016-06-05 06:42:18', '0000-00-00 00:00:00'),
(4714, 334, 4714, 'Gabek', '2016-06-05 06:42:18', '0000-00-00 00:00:00'),
(4715, 334, 4715, 'Gerunggang', '2016-06-05 06:42:18', '0000-00-00 00:00:00'),
(4716, 334, 4716, 'Girimaya', '2016-06-05 06:42:18', '0000-00-00 00:00:00'),
(4717, 334, 4717, 'Pangkal Balam', '2016-06-05 06:42:18', '0000-00-00 00:00:00'),
(4718, 334, 4718, 'Rangkui', '2016-06-05 06:42:18', '0000-00-00 00:00:00'),
(4719, 334, 4719, 'Taman Sari', '2016-06-05 06:42:18', '0000-00-00 00:00:00'),
(4720, 335, 4720, 'Aradide', '2016-06-05 06:42:18', '0000-00-00 00:00:00'),
(4721, 335, 4721, 'Bibida', '2016-06-05 06:42:18', '0000-00-00 00:00:00'),
(4722, 335, 4722, 'Bogobaida', '2016-06-05 06:42:18', '0000-00-00 00:00:00'),
(4723, 335, 4723, 'Dumadama', '2016-06-05 06:42:18', '0000-00-00 00:00:00'),
(4724, 335, 4724, 'Ekadide', '2016-06-05 06:42:18', '0000-00-00 00:00:00'),
(4725, 335, 4725, 'Kebo', '2016-06-05 06:42:18', '0000-00-00 00:00:00'),
(4726, 335, 4726, 'Paniai Barat', '2016-06-05 06:42:18', '0000-00-00 00:00:00'),
(4727, 335, 4727, 'Paniai Timur', '2016-06-05 06:42:18', '0000-00-00 00:00:00'),
(4728, 335, 4728, 'Siriwo', '2016-06-05 06:42:18', '0000-00-00 00:00:00'),
(4729, 335, 4729, 'Yatamo', '2016-06-05 06:42:18', '0000-00-00 00:00:00'),
(4730, 336, 4730, 'Bacukiki', '2016-06-05 06:42:19', '0000-00-00 00:00:00'),
(4731, 336, 4731, 'Bacukiki Barat', '2016-06-05 06:42:19', '0000-00-00 00:00:00'),
(4732, 336, 4732, 'Soreang', '2016-06-05 06:42:19', '0000-00-00 00:00:00'),
(4733, 336, 4733, 'Ujung', '2016-06-05 06:42:19', '0000-00-00 00:00:00'),
(4734, 337, 4734, 'Pariaman Selatan', '2016-06-05 06:42:20', '0000-00-00 00:00:00'),
(4735, 337, 4735, 'Pariaman Tengah', '2016-06-05 06:42:20', '0000-00-00 00:00:00'),
(4736, 337, 4736, 'Pariaman Timur', '2016-06-05 06:42:20', '0000-00-00 00:00:00'),
(4737, 337, 4737, 'Pariaman Utara', '2016-06-05 06:42:20', '0000-00-00 00:00:00'),
(4738, 338, 4738, 'Ampibabo', '2016-06-05 06:42:21', '0000-00-00 00:00:00'),
(4739, 338, 4739, 'Balinggi', '2016-06-05 06:42:21', '0000-00-00 00:00:00'),
(4740, 338, 4740, 'Bolano', '2016-06-05 06:42:21', '0000-00-00 00:00:00'),
(4741, 338, 4741, 'Bolano Lambunu/Lambulu', '2016-06-05 06:42:21', '0000-00-00 00:00:00'),
(4742, 338, 4742, 'Kasimbar', '2016-06-05 06:42:21', '0000-00-00 00:00:00'),
(4743, 338, 4743, 'Mepanga', '2016-06-05 06:42:21', '0000-00-00 00:00:00'),
(4744, 338, 4744, 'Moutong', '2016-06-05 06:42:21', '0000-00-00 00:00:00'),
(4745, 338, 4745, 'Ongka Malino', '2016-06-05 06:42:21', '0000-00-00 00:00:00'),
(4746, 338, 4746, 'Palasa', '2016-06-05 06:42:21', '0000-00-00 00:00:00'),
(4747, 338, 4747, 'Parigi', '2016-06-05 06:42:21', '0000-00-00 00:00:00'),
(4748, 338, 4748, 'Parigi Barat', '2016-06-05 06:42:21', '0000-00-00 00:00:00'),
(4749, 338, 4749, 'Parigi Selatan', '2016-06-05 06:42:21', '0000-00-00 00:00:00'),
(4750, 338, 4750, 'Parigi Tengah', '2016-06-05 06:42:21', '0000-00-00 00:00:00'),
(4751, 338, 4751, 'Parigi Utara', '2016-06-05 06:42:21', '0000-00-00 00:00:00'),
(4752, 338, 4752, 'Sausu', '2016-06-05 06:42:21', '0000-00-00 00:00:00'),
(4753, 338, 4753, 'Siniu', '2016-06-05 06:42:21', '0000-00-00 00:00:00'),
(4754, 338, 4754, 'Taopa', '2016-06-05 06:42:21', '0000-00-00 00:00:00'),
(4755, 338, 4755, 'Tinombo', '2016-06-05 06:42:21', '0000-00-00 00:00:00'),
(4756, 338, 4756, 'Tinombo Selatan', '2016-06-05 06:42:21', '0000-00-00 00:00:00'),
(4757, 338, 4757, 'Tomini', '2016-06-05 06:42:21', '0000-00-00 00:00:00'),
(4758, 338, 4758, 'Toribulu', '2016-06-05 06:42:21', '0000-00-00 00:00:00'),
(4759, 338, 4759, 'Torue', '2016-06-05 06:42:21', '0000-00-00 00:00:00'),
(4760, 339, 4760, 'Bonjol', '2016-06-05 06:42:21', '0000-00-00 00:00:00'),
(4761, 339, 4761, 'Duo Koto (II Koto)', '2016-06-05 06:42:21', '0000-00-00 00:00:00'),
(4762, 339, 4762, 'Lubuk Sikaping', '2016-06-05 06:42:21', '0000-00-00 00:00:00'),
(4763, 339, 4763, 'Mapat Tunggul', '2016-06-05 06:42:21', '0000-00-00 00:00:00'),
(4764, 339, 4764, 'Mapat Tunggul Selatan', '2016-06-05 06:42:21', '0000-00-00 00:00:00'),
(4765, 339, 4765, 'Padang Gelugur', '2016-06-05 06:42:21', '0000-00-00 00:00:00'),
(4766, 339, 4766, 'Panti', '2016-06-05 06:42:21', '0000-00-00 00:00:00'),
(4767, 339, 4767, 'Rao', '2016-06-05 06:42:21', '0000-00-00 00:00:00'),
(4768, 339, 4768, 'Rao Selatan', '2016-06-05 06:42:21', '0000-00-00 00:00:00'),
(4769, 339, 4769, 'Rao Utara', '2016-06-05 06:42:21', '0000-00-00 00:00:00'),
(4770, 339, 4770, 'Simpang Alahan Mati', '2016-06-05 06:42:21', '0000-00-00 00:00:00'),
(4771, 339, 4771, 'Tigo Nagari (III Nagari)', '2016-06-05 06:42:21', '0000-00-00 00:00:00'),
(4772, 340, 4772, 'Gunung Tuleh', '2016-06-05 06:42:22', '0000-00-00 00:00:00'),
(4773, 340, 4773, 'Kinali', '2016-06-05 06:42:22', '0000-00-00 00:00:00'),
(4774, 340, 4774, 'Koto Balingka', '2016-06-05 06:42:22', '0000-00-00 00:00:00'),
(4775, 340, 4775, 'Lembah Melintang', '2016-06-05 06:42:22', '0000-00-00 00:00:00'),
(4776, 340, 4776, 'Luhak Nan Duo', '2016-06-05 06:42:22', '0000-00-00 00:00:00'),
(4777, 340, 4777, 'Pasaman', '2016-06-05 06:42:22', '0000-00-00 00:00:00'),
(4778, 340, 4778, 'Ranah Batahan', '2016-06-05 06:42:22', '0000-00-00 00:00:00'),
(4779, 340, 4779, 'Sasak Ranah Pasisir/Pesisie', '2016-06-05 06:42:22', '0000-00-00 00:00:00'),
(4780, 340, 4780, 'Sei Beremas', '2016-06-05 06:42:22', '0000-00-00 00:00:00'),
(4781, 340, 4781, 'Sungai Aur', '2016-06-05 06:42:22', '0000-00-00 00:00:00'),
(4782, 340, 4782, 'Talamau', '2016-06-05 06:42:22', '0000-00-00 00:00:00'),
(4783, 341, 4783, 'Batu Engau', '2016-06-05 06:42:23', '0000-00-00 00:00:00'),
(4784, 341, 4784, 'Batu Sopang', '2016-06-05 06:42:23', '0000-00-00 00:00:00'),
(4785, 341, 4785, 'Kuaro', '2016-06-05 06:42:23', '0000-00-00 00:00:00'),
(4786, 341, 4786, 'Long Ikis', '2016-06-05 06:42:23', '0000-00-00 00:00:00'),
(4787, 341, 4787, 'Long Kali', '2016-06-05 06:42:23', '0000-00-00 00:00:00'),
(4788, 341, 4788, 'Muara Komam', '2016-06-05 06:42:23', '0000-00-00 00:00:00'),
(4789, 341, 4789, 'Muara Samu', '2016-06-05 06:42:23', '0000-00-00 00:00:00'),
(4790, 341, 4790, 'Pasir Belengkong', '2016-06-05 06:42:23', '0000-00-00 00:00:00'),
(4791, 341, 4791, 'Tanah Grogot', '2016-06-05 06:42:23', '0000-00-00 00:00:00'),
(4792, 341, 4792, 'Tanjung Harapan', '2016-06-05 06:42:23', '0000-00-00 00:00:00'),
(4793, 342, 4793, 'Bangil', '2016-06-05 06:42:24', '0000-00-00 00:00:00'),
(4794, 342, 4794, 'Beji', '2016-06-05 06:42:24', '0000-00-00 00:00:00'),
(4795, 342, 4795, 'Gempol', '2016-06-05 06:42:24', '0000-00-00 00:00:00'),
(4796, 342, 4796, 'Gondang Wetan', '2016-06-05 06:42:24', '0000-00-00 00:00:00'),
(4797, 342, 4797, 'Grati', '2016-06-05 06:42:24', '0000-00-00 00:00:00'),
(4798, 342, 4798, 'Kejayan', '2016-06-05 06:42:24', '0000-00-00 00:00:00'),
(4799, 342, 4799, 'Kraton', '2016-06-05 06:42:24', '0000-00-00 00:00:00'),
(4800, 342, 4800, 'Lekok', '2016-06-05 06:42:24', '0000-00-00 00:00:00'),
(4801, 342, 4801, 'Lumbang', '2016-06-05 06:42:24', '0000-00-00 00:00:00'),
(4802, 342, 4802, 'Nguling', '2016-06-05 06:42:24', '0000-00-00 00:00:00'),
(4803, 342, 4803, 'Pandaan', '2016-06-05 06:42:24', '0000-00-00 00:00:00'),
(4804, 342, 4804, 'Pasrepan', '2016-06-05 06:42:24', '0000-00-00 00:00:00'),
(4805, 342, 4805, 'Pohjentrek', '2016-06-05 06:42:24', '0000-00-00 00:00:00'),
(4806, 342, 4806, 'Prigen', '2016-06-05 06:42:24', '0000-00-00 00:00:00'),
(4807, 342, 4807, 'Purwodadi', '2016-06-05 06:42:24', '0000-00-00 00:00:00'),
(4808, 342, 4808, 'Purwosari', '2016-06-05 06:42:24', '0000-00-00 00:00:00'),
(4809, 342, 4809, 'Puspo', '2016-06-05 06:42:24', '0000-00-00 00:00:00'),
(4810, 342, 4810, 'Rejoso', '2016-06-05 06:42:24', '0000-00-00 00:00:00'),
(4811, 342, 4811, 'Rembang', '2016-06-05 06:42:24', '0000-00-00 00:00:00'),
(4812, 342, 4812, 'Sukorejo', '2016-06-05 06:42:24', '0000-00-00 00:00:00'),
(4813, 342, 4813, 'Tosari', '2016-06-05 06:42:24', '0000-00-00 00:00:00'),
(4814, 342, 4814, 'Tutur', '2016-06-05 06:42:24', '0000-00-00 00:00:00'),
(4815, 342, 4815, 'Winongan', '2016-06-05 06:42:24', '0000-00-00 00:00:00'),
(4816, 342, 4816, 'Wonorejo', '2016-06-05 06:42:24', '0000-00-00 00:00:00'),
(4817, 343, 4817, 'Bugul Kidul', '2016-06-05 06:42:25', '0000-00-00 00:00:00'),
(4818, 343, 4818, 'Gadingrejo', '2016-06-05 06:42:25', '0000-00-00 00:00:00'),
(4819, 343, 4819, 'Panggungrejo', '2016-06-05 06:42:25', '0000-00-00 00:00:00'),
(4820, 343, 4820, 'Purworejo', '2016-06-05 06:42:25', '0000-00-00 00:00:00'),
(4821, 344, 4821, 'Batangan', '2016-06-05 06:42:26', '0000-00-00 00:00:00'),
(4822, 344, 4822, 'Cluwak', '2016-06-05 06:42:26', '0000-00-00 00:00:00'),
(4823, 344, 4823, 'Dukuhseti', '2016-06-05 06:42:26', '0000-00-00 00:00:00'),
(4824, 344, 4824, 'Gabus', '2016-06-05 06:42:26', '0000-00-00 00:00:00'),
(4825, 344, 4825, 'Gembong', '2016-06-05 06:42:26', '0000-00-00 00:00:00'),
(4826, 344, 4826, 'Gunungwungkal', '2016-06-05 06:42:26', '0000-00-00 00:00:00'),
(4827, 344, 4827, 'Jaken', '2016-06-05 06:42:26', '0000-00-00 00:00:00'),
(4828, 344, 4828, 'Jakenan', '2016-06-05 06:42:26', '0000-00-00 00:00:00'),
(4829, 344, 4829, 'Juwana', '2016-06-05 06:42:26', '0000-00-00 00:00:00'),
(4830, 344, 4830, 'Kayen', '2016-06-05 06:42:26', '0000-00-00 00:00:00'),
(4831, 344, 4831, 'Margorejo', '2016-06-05 06:42:26', '0000-00-00 00:00:00'),
(4832, 344, 4832, 'Margoyoso', '2016-06-05 06:42:26', '0000-00-00 00:00:00'),
(4833, 344, 4833, 'Pati', '2016-06-05 06:42:26', '0000-00-00 00:00:00'),
(4834, 344, 4834, 'Pucakwangi', '2016-06-05 06:42:26', '0000-00-00 00:00:00'),
(4835, 344, 4835, 'Sukolilo', '2016-06-05 06:42:26', '0000-00-00 00:00:00'),
(4836, 344, 4836, 'Tambakromo', '2016-06-05 06:42:26', '0000-00-00 00:00:00'),
(4837, 344, 4837, 'Tayu', '2016-06-05 06:42:26', '0000-00-00 00:00:00'),
(4838, 344, 4838, 'Tlogowungu', '2016-06-05 06:42:26', '0000-00-00 00:00:00'),
(4839, 344, 4839, 'Trangkil', '2016-06-05 06:42:26', '0000-00-00 00:00:00'),
(4840, 344, 4840, 'Wedarijaksa', '2016-06-05 06:42:26', '0000-00-00 00:00:00'),
(4841, 344, 4841, 'Winong', '2016-06-05 06:42:26', '0000-00-00 00:00:00'),
(4842, 345, 4842, 'Lamposi Tigo Nagari', '2016-06-05 06:42:29', '0000-00-00 00:00:00'),
(4843, 345, 4843, 'Payakumbuh Barat', '2016-06-05 06:42:29', '0000-00-00 00:00:00'),
(4844, 345, 4844, 'Payakumbuh Selatan', '2016-06-05 06:42:29', '0000-00-00 00:00:00'),
(4845, 345, 4845, 'Payakumbuh Timur', '2016-06-05 06:42:29', '0000-00-00 00:00:00'),
(4846, 345, 4846, 'Payakumbuh Utara', '2016-06-05 06:42:29', '0000-00-00 00:00:00'),
(4847, 346, 4847, 'Anggi', '2016-06-05 06:42:34', '0000-00-00 00:00:00'),
(4848, 346, 4848, 'Anggi Gida', '2016-06-05 06:42:34', '0000-00-00 00:00:00'),
(4849, 346, 4849, 'Catubouw', '2016-06-05 06:42:34', '0000-00-00 00:00:00'),
(4850, 346, 4850, 'Didohu', '2016-06-05 06:42:34', '0000-00-00 00:00:00'),
(4851, 346, 4851, 'Hingk', '2016-06-05 06:42:34', '0000-00-00 00:00:00'),
(4852, 346, 4852, 'Membey', '2016-06-05 06:42:34', '0000-00-00 00:00:00'),
(4853, 346, 4853, 'Menyambouw (Minyambouw)', '2016-06-05 06:42:34', '0000-00-00 00:00:00'),
(4854, 346, 4854, 'Sururey', '2016-06-05 06:42:34', '0000-00-00 00:00:00'),
(4855, 346, 4855, 'Taige', '2016-06-05 06:42:34', '0000-00-00 00:00:00'),
(4856, 346, 4856, 'Testega', '2016-06-05 06:42:34', '0000-00-00 00:00:00'),
(4857, 347, 4857, 'Aboy', '2016-06-05 06:42:44', '0000-00-00 00:00:00'),
(4858, 347, 4858, 'Alemsom', '2016-06-05 06:42:44', '0000-00-00 00:00:00'),
(4859, 347, 4859, 'Awinbon', '2016-06-05 06:42:44', '0000-00-00 00:00:00'),
(4860, 347, 4860, 'Batani', '2016-06-05 06:42:44', '0000-00-00 00:00:00'),
(4861, 347, 4861, 'Batom', '2016-06-05 06:42:44', '0000-00-00 00:00:00'),
(4862, 347, 4862, 'Bime', '2016-06-05 06:42:44', '0000-00-00 00:00:00'),
(4863, 347, 4863, 'Borme', '2016-06-05 06:42:44', '0000-00-00 00:00:00'),
(4864, 347, 4864, 'Eipumek', '2016-06-05 06:42:44', '0000-00-00 00:00:00'),
(4865, 347, 4865, 'Iwur (Okiwur)', '2016-06-05 06:42:44', '0000-00-00 00:00:00'),
(4866, 347, 4866, 'Jetfa', '2016-06-05 06:42:44', '0000-00-00 00:00:00'),
(4867, 347, 4867, 'Kalomdol', '2016-06-05 06:42:44', '0000-00-00 00:00:00'),
(4868, 347, 4868, 'Kawor', '2016-06-05 06:42:44', '0000-00-00 00:00:00'),
(4869, 347, 4869, 'Kiwirok', '2016-06-05 06:42:44', '0000-00-00 00:00:00'),
(4870, 347, 4870, 'Kiwirok Timur', '2016-06-05 06:42:44', '0000-00-00 00:00:00'),
(4871, 347, 4871, 'Mofinop', '2016-06-05 06:42:44', '0000-00-00 00:00:00'),
(4872, 347, 4872, 'Murkim', '2016-06-05 06:42:44', '0000-00-00 00:00:00'),
(4873, 347, 4873, 'Nongme', '2016-06-05 06:42:44', '0000-00-00 00:00:00'),
(4874, 347, 4874, 'Ok Aom', '2016-06-05 06:42:44', '0000-00-00 00:00:00'),
(4875, 347, 4875, 'Okbab', '2016-06-05 06:42:44', '0000-00-00 00:00:00'),
(4876, 347, 4876, 'Okbape', '2016-06-05 06:42:44', '0000-00-00 00:00:00'),
(4877, 347, 4877, 'Okbemtau', '2016-06-05 06:42:44', '0000-00-00 00:00:00'),
(4878, 347, 4878, 'Okbibab', '2016-06-05 06:42:44', '0000-00-00 00:00:00'),
(4879, 347, 4879, 'Okhika', '2016-06-05 06:42:44', '0000-00-00 00:00:00'),
(4880, 347, 4880, 'Oklip', '2016-06-05 06:42:44', '0000-00-00 00:00:00'),
(4881, 347, 4881, 'Oksamol', '2016-06-05 06:42:44', '0000-00-00 00:00:00'),
(4882, 347, 4882, 'Oksebang', '2016-06-05 06:42:44', '0000-00-00 00:00:00'),
(4883, 347, 4883, 'Oksibil', '2016-06-05 06:42:44', '0000-00-00 00:00:00'),
(4884, 347, 4884, 'Oksop', '2016-06-05 06:42:44', '0000-00-00 00:00:00'),
(4885, 347, 4885, 'Pamek', '2016-06-05 06:42:44', '0000-00-00 00:00:00'),
(4886, 347, 4886, 'Pepera', '2016-06-05 06:42:44', '0000-00-00 00:00:00'),
(4887, 347, 4887, 'Serambakon', '2016-06-05 06:42:44', '0000-00-00 00:00:00'),
(4888, 347, 4888, 'Tarup', '2016-06-05 06:42:44', '0000-00-00 00:00:00'),
(4889, 347, 4889, 'Teiraplu', '2016-06-05 06:42:44', '0000-00-00 00:00:00'),
(4890, 347, 4890, 'Weime', '2016-06-05 06:42:44', '0000-00-00 00:00:00'),
(4891, 348, 4891, 'Bojong', '2016-06-05 06:42:50', '0000-00-00 00:00:00'),
(4892, 348, 4892, 'Buaran', '2016-06-05 06:42:50', '0000-00-00 00:00:00'),
(4893, 348, 4893, 'Doro', '2016-06-05 06:42:50', '0000-00-00 00:00:00'),
(4894, 348, 4894, 'Kajen', '2016-06-05 06:42:50', '0000-00-00 00:00:00'),
(4895, 348, 4895, 'Kandangserang', '2016-06-05 06:42:50', '0000-00-00 00:00:00'),
(4896, 348, 4896, 'Karanganyar', '2016-06-05 06:42:50', '0000-00-00 00:00:00'),
(4897, 348, 4897, 'Karangdadap', '2016-06-05 06:42:50', '0000-00-00 00:00:00'),
(4898, 348, 4898, 'Kedungwuni', '2016-06-05 06:42:50', '0000-00-00 00:00:00'),
(4899, 348, 4899, 'Kesesi', '2016-06-05 06:42:50', '0000-00-00 00:00:00'),
(4900, 348, 4900, 'Lebakbarang', '2016-06-05 06:42:50', '0000-00-00 00:00:00'),
(4901, 348, 4901, 'Paninggaran', '2016-06-05 06:42:50', '0000-00-00 00:00:00'),
(4902, 348, 4902, 'Petungkriono/Petungkriyono', '2016-06-05 06:42:50', '0000-00-00 00:00:00'),
(4903, 348, 4903, 'Siwalan', '2016-06-05 06:42:50', '0000-00-00 00:00:00'),
(4904, 348, 4904, 'Sragi', '2016-06-05 06:42:50', '0000-00-00 00:00:00'),
(4905, 348, 4905, 'Talun', '2016-06-05 06:42:50', '0000-00-00 00:00:00'),
(4906, 348, 4906, 'Tirto', '2016-06-05 06:42:50', '0000-00-00 00:00:00'),
(4907, 348, 4907, 'Wiradesa', '2016-06-05 06:42:50', '0000-00-00 00:00:00'),
(4908, 348, 4908, 'Wonokerto', '2016-06-05 06:42:50', '0000-00-00 00:00:00'),
(4909, 348, 4909, 'Wonopringgo', '2016-06-05 06:42:50', '0000-00-00 00:00:00'),
(4910, 349, 4910, 'Pekalongan Barat', '2016-06-05 06:42:52', '0000-00-00 00:00:00'),
(4911, 349, 4911, 'Pekalongan Selatan', '2016-06-05 06:42:52', '0000-00-00 00:00:00'),
(4912, 349, 4912, 'Pekalongan Timur', '2016-06-05 06:42:52', '0000-00-00 00:00:00'),
(4913, 349, 4913, 'Pekalongan Utara', '2016-06-05 06:42:52', '0000-00-00 00:00:00'),
(4914, 350, 4914, 'Bukit Raya', '2016-06-05 06:42:56', '0000-00-00 00:00:00'),
(4915, 350, 4915, 'Lima Puluh', '2016-06-05 06:42:56', '0000-00-00 00:00:00'),
(4916, 350, 4916, 'Marpoyan Damai', '2016-06-05 06:42:56', '0000-00-00 00:00:00'),
(4917, 350, 4917, 'Payung Sekaki', '2016-06-05 06:42:56', '0000-00-00 00:00:00'),
(4918, 350, 4918, 'Pekanbaru Kota', '2016-06-05 06:42:56', '0000-00-00 00:00:00'),
(4919, 350, 4919, 'Rumbai', '2016-06-05 06:42:56', '0000-00-00 00:00:00'),
(4920, 350, 4920, 'Rumbai Pesisir', '2016-06-05 06:42:56', '0000-00-00 00:00:00'),
(4921, 350, 4921, 'Sail', '2016-06-05 06:42:56', '0000-00-00 00:00:00'),
(4922, 350, 4922, 'Senapelan', '2016-06-05 06:42:56', '0000-00-00 00:00:00'),
(4923, 350, 4923, 'Sukajadi', '2016-06-05 06:42:56', '0000-00-00 00:00:00'),
(4924, 350, 4924, 'Tampan', '2016-06-05 06:42:56', '0000-00-00 00:00:00'),
(4925, 350, 4925, 'Tenayan Raya', '2016-06-05 06:42:56', '0000-00-00 00:00:00'),
(4926, 351, 4926, 'Bandar Petalangan', '2016-06-05 06:43:03', '0000-00-00 00:00:00'),
(4927, 351, 4927, 'Bandar Sei Kijang', '2016-06-05 06:43:03', '0000-00-00 00:00:00'),
(4928, 351, 4928, 'Bunut', '2016-06-05 06:43:03', '0000-00-00 00:00:00'),
(4929, 351, 4929, 'Kerumutan', '2016-06-05 06:43:03', '0000-00-00 00:00:00'),
(4930, 351, 4930, 'Kuala Kampar', '2016-06-05 06:43:03', '0000-00-00 00:00:00'),
(4931, 351, 4931, 'Langgam', '2016-06-05 06:43:03', '0000-00-00 00:00:00'),
(4932, 351, 4932, 'Pangkalan Kerinci', '2016-06-05 06:43:03', '0000-00-00 00:00:00'),
(4933, 351, 4933, 'Pangkalan Kuras', '2016-06-05 06:43:03', '0000-00-00 00:00:00'),
(4934, 351, 4934, 'Pangkalan Lesung', '2016-06-05 06:43:03', '0000-00-00 00:00:00'),
(4935, 351, 4935, 'Pelalawan', '2016-06-05 06:43:03', '0000-00-00 00:00:00'),
(4936, 351, 4936, 'Teluk Meranti', '2016-06-05 06:43:03', '0000-00-00 00:00:00'),
(4937, 351, 4937, 'Ukui', '2016-06-05 06:43:03', '0000-00-00 00:00:00'),
(4938, 352, 4938, 'Ampelgading', '2016-06-05 06:43:13', '0000-00-00 00:00:00'),
(4939, 352, 4939, 'Bantarbolang', '2016-06-05 06:43:13', '0000-00-00 00:00:00'),
(4940, 352, 4940, 'Belik', '2016-06-05 06:43:13', '0000-00-00 00:00:00'),
(4941, 352, 4941, 'Bodeh', '2016-06-05 06:43:13', '0000-00-00 00:00:00'),
(4942, 352, 4942, 'Comal', '2016-06-05 06:43:13', '0000-00-00 00:00:00'),
(4943, 352, 4943, 'Moga', '2016-06-05 06:43:13', '0000-00-00 00:00:00'),
(4944, 352, 4944, 'Pemalang', '2016-06-05 06:43:13', '0000-00-00 00:00:00'),
(4945, 352, 4945, 'Petarukan', '2016-06-05 06:43:13', '0000-00-00 00:00:00'),
(4946, 352, 4946, 'Pulosari', '2016-06-05 06:43:13', '0000-00-00 00:00:00'),
(4947, 352, 4947, 'Randudongkal', '2016-06-05 06:43:13', '0000-00-00 00:00:00'),
(4948, 352, 4948, 'Taman', '2016-06-05 06:43:13', '0000-00-00 00:00:00'),
(4949, 352, 4949, 'Ulujami', '2016-06-05 06:43:13', '0000-00-00 00:00:00'),
(4950, 352, 4950, 'Warungpring', '2016-06-05 06:43:13', '0000-00-00 00:00:00'),
(4951, 352, 4951, 'Watukumpul', '2016-06-05 06:43:13', '0000-00-00 00:00:00'),
(4952, 353, 4952, 'Siantar Barat', '2016-06-05 06:43:24', '0000-00-00 00:00:00'),
(4953, 353, 4953, 'Siantar Marihat', '2016-06-05 06:43:24', '0000-00-00 00:00:00'),
(4954, 353, 4954, 'Siantar Marimbun', '2016-06-05 06:43:24', '0000-00-00 00:00:00'),
(4955, 353, 4955, 'Siantar Martoba', '2016-06-05 06:43:24', '0000-00-00 00:00:00'),
(4956, 353, 4956, 'Siantar Selatan', '2016-06-05 06:43:24', '0000-00-00 00:00:00'),
(4957, 353, 4957, 'Siantar Sitalasari', '2016-06-05 06:43:24', '0000-00-00 00:00:00'),
(4958, 353, 4958, 'Siantar Timur', '2016-06-05 06:43:24', '0000-00-00 00:00:00'),
(4959, 353, 4959, 'Siantar Utara', '2016-06-05 06:43:24', '0000-00-00 00:00:00'),
(4960, 354, 4960, 'Babulu', '2016-06-05 06:43:35', '0000-00-00 00:00:00'),
(4961, 354, 4961, 'Penajam', '2016-06-05 06:43:35', '0000-00-00 00:00:00'),
(4962, 354, 4962, 'Sepaku', '2016-06-05 06:43:35', '0000-00-00 00:00:00'),
(4963, 354, 4963, 'Waru', '2016-06-05 06:43:35', '0000-00-00 00:00:00'),
(4964, 355, 4964, 'Gedong Tataan (Gedung Tataan)', '2016-06-05 06:43:57', '0000-00-00 00:00:00'),
(4965, 355, 4965, 'Kedondong', '2016-06-05 06:43:57', '0000-00-00 00:00:00'),
(4966, 355, 4966, 'Marga Punduh', '2016-06-05 06:43:57', '0000-00-00 00:00:00'),
(4967, 355, 4967, 'Negeri Katon', '2016-06-05 06:43:57', '0000-00-00 00:00:00'),
(4968, 355, 4968, 'Padang Cermin', '2016-06-05 06:43:57', '0000-00-00 00:00:00'),
(4969, 355, 4969, 'Punduh Pidada (Pedada)', '2016-06-05 06:43:57', '0000-00-00 00:00:00'),
(4970, 355, 4970, 'Tegineneng', '2016-06-05 06:43:57', '0000-00-00 00:00:00'),
(4971, 355, 4971, 'Way Khilau', '2016-06-05 06:43:57', '0000-00-00 00:00:00'),
(4972, 355, 4972, 'Way Lima', '2016-06-05 06:43:57', '0000-00-00 00:00:00'),
(4973, 356, 4973, 'Bengkunat', '2016-06-05 06:44:22', '0000-00-00 00:00:00'),
(4974, 356, 4974, 'Bengkunat Belimbing', '2016-06-05 06:44:22', '0000-00-00 00:00:00'),
(4975, 356, 4975, 'Karya Penggawa', '2016-06-05 06:44:22', '0000-00-00 00:00:00'),
(4976, 356, 4976, 'Krui Selatan', '2016-06-05 06:44:22', '0000-00-00 00:00:00'),
(4977, 356, 4977, 'Lemong', '2016-06-05 06:44:22', '0000-00-00 00:00:00'),
(4978, 356, 4978, 'Ngambur', '2016-06-05 06:44:22', '0000-00-00 00:00:00'),
(4979, 356, 4979, 'Pesisir Selatan', '2016-06-05 06:44:22', '0000-00-00 00:00:00'),
(4980, 356, 4980, 'Pesisir Tengah', '2016-06-05 06:44:22', '0000-00-00 00:00:00'),
(4981, 356, 4981, 'Pesisir Utara', '2016-06-05 06:44:22', '0000-00-00 00:00:00'),
(4982, 356, 4982, 'Pulau Pisang', '2016-06-05 06:44:22', '0000-00-00 00:00:00'),
(4983, 356, 4983, 'Way Krui', '2016-06-05 06:44:22', '0000-00-00 00:00:00'),
(4984, 357, 4984, 'Airpura', '2016-06-05 06:44:22', '0000-00-00 00:00:00'),
(4985, 357, 4985, 'Basa Ampek Balai Tapan', '2016-06-05 06:44:22', '0000-00-00 00:00:00'),
(4986, 357, 4986, 'Batang Kapas', '2016-06-05 06:44:22', '0000-00-00 00:00:00'),
(4987, 357, 4987, 'Bayang', '2016-06-05 06:44:22', '0000-00-00 00:00:00'),
(4988, 357, 4988, 'IV Jurai', '2016-06-05 06:44:22', '0000-00-00 00:00:00'),
(4989, 357, 4989, 'IV Nagari Bayang Utara', '2016-06-05 06:44:22', '0000-00-00 00:00:00'),
(4990, 357, 4990, 'Koto XI Tarusan', '2016-06-05 06:44:22', '0000-00-00 00:00:00'),
(4991, 357, 4991, 'Lengayang', '2016-06-05 06:44:22', '0000-00-00 00:00:00'),
(4992, 357, 4992, 'Linggo Sari Baganti', '2016-06-05 06:44:22', '0000-00-00 00:00:00'),
(4993, 357, 4993, 'Lunang', '2016-06-05 06:44:22', '0000-00-00 00:00:00'),
(4994, 357, 4994, 'Pancung Soal', '2016-06-05 06:44:22', '0000-00-00 00:00:00'),
(4995, 357, 4995, 'Ranah Ampek Hulu Tapan', '2016-06-05 06:44:22', '0000-00-00 00:00:00'),
(4996, 357, 4996, 'Ranah Pesisir', '2016-06-05 06:44:22', '0000-00-00 00:00:00'),
(4997, 357, 4997, 'Silaut', '2016-06-05 06:44:22', '0000-00-00 00:00:00'),
(4998, 357, 4998, 'Sutera', '2016-06-05 06:44:22', '0000-00-00 00:00:00'),
(4999, 358, 4999, 'Batee', '2016-06-05 06:44:22', '0000-00-00 00:00:00'),
(5000, 358, 5000, 'Delima', '2016-06-05 06:44:22', '0000-00-00 00:00:00'),
(5001, 358, 5001, 'Geumpang', '2016-06-05 06:44:22', '0000-00-00 00:00:00'),
(5002, 358, 5002, 'Glumpang Baro', '2016-06-05 06:44:22', '0000-00-00 00:00:00'),
(5003, 358, 5003, 'Glumpang Tiga (Geulumpang Tiga)', '2016-06-05 06:44:22', '0000-00-00 00:00:00'),
(5004, 358, 5004, 'Grong Grong', '2016-06-05 06:44:22', '0000-00-00 00:00:00'),
(5005, 358, 5005, 'Indrajaya', '2016-06-05 06:44:22', '0000-00-00 00:00:00'),
(5006, 358, 5006, 'Kembang Tanjong (Tanjung)', '2016-06-05 06:44:22', '0000-00-00 00:00:00'),
(5007, 358, 5007, 'Keumala', '2016-06-05 06:44:22', '0000-00-00 00:00:00'),
(5008, 358, 5008, 'Kota Sigli', '2016-06-05 06:44:22', '0000-00-00 00:00:00'),
(5009, 358, 5009, 'Mane', '2016-06-05 06:44:22', '0000-00-00 00:00:00'),
(5010, 358, 5010, 'Mila', '2016-06-05 06:44:22', '0000-00-00 00:00:00'),
(5011, 358, 5011, 'Muara Tiga', '2016-06-05 06:44:22', '0000-00-00 00:00:00'),
(5012, 358, 5012, 'Mutiara', '2016-06-05 06:44:22', '0000-00-00 00:00:00'),
(5013, 358, 5013, 'Mutiara Timur', '2016-06-05 06:44:22', '0000-00-00 00:00:00'),
(5014, 358, 5014, 'Padang Tiji', '2016-06-05 06:44:22', '0000-00-00 00:00:00'),
(5015, 358, 5015, 'Peukan Baro', '2016-06-05 06:44:22', '0000-00-00 00:00:00'),
(5016, 358, 5016, 'Pidie', '2016-06-05 06:44:22', '0000-00-00 00:00:00'),
(5017, 358, 5017, 'Sakti', '2016-06-05 06:44:22', '0000-00-00 00:00:00'),
(5018, 358, 5018, 'Simpang Tiga', '2016-06-05 06:44:22', '0000-00-00 00:00:00'),
(5019, 358, 5019, 'Tangse', '2016-06-05 06:44:22', '0000-00-00 00:00:00'),
(5020, 358, 5020, 'Tiro/Truseb', '2016-06-05 06:44:22', '0000-00-00 00:00:00'),
(5021, 358, 5021, 'Titeue', '2016-06-05 06:44:22', '0000-00-00 00:00:00'),
(5022, 359, 5022, 'Bandar Baru', '2016-06-05 06:44:22', '0000-00-00 00:00:00'),
(5023, 359, 5023, 'Bandar Dua', '2016-06-05 06:44:22', '0000-00-00 00:00:00'),
(5024, 359, 5024, 'Jangka Buya', '2016-06-05 06:44:22', '0000-00-00 00:00:00'),
(5025, 359, 5025, 'Meurah Dua', '2016-06-05 06:44:22', '0000-00-00 00:00:00'),
(5026, 359, 5026, 'Meureudu', '2016-06-05 06:44:22', '0000-00-00 00:00:00'),
(5027, 359, 5027, 'Panteraja', '2016-06-05 06:44:22', '0000-00-00 00:00:00'),
(5028, 359, 5028, 'Trienggadeng', '2016-06-05 06:44:22', '0000-00-00 00:00:00'),
(5029, 359, 5029, 'Ulim', '2016-06-05 06:44:22', '0000-00-00 00:00:00'),
(5030, 360, 5030, 'Batulappa', '2016-06-05 06:44:23', '0000-00-00 00:00:00'),
(5031, 360, 5031, 'Cempa', '2016-06-05 06:44:23', '0000-00-00 00:00:00'),
(5032, 360, 5032, 'Duampanua', '2016-06-05 06:44:23', '0000-00-00 00:00:00'),
(5033, 360, 5033, 'Lanrisang', '2016-06-05 06:44:23', '0000-00-00 00:00:00'),
(5034, 360, 5034, 'Lembang', '2016-06-05 06:44:23', '0000-00-00 00:00:00'),
(5035, 360, 5035, 'Mattiro Bulu', '2016-06-05 06:44:23', '0000-00-00 00:00:00'),
(5036, 360, 5036, 'Mattiro Sompe', '2016-06-05 06:44:23', '0000-00-00 00:00:00'),
(5037, 360, 5037, 'Paleteang', '2016-06-05 06:44:23', '0000-00-00 00:00:00'),
(5038, 360, 5038, 'Patampanua', '2016-06-05 06:44:23', '0000-00-00 00:00:00'),
(5039, 360, 5039, 'Suppa', '2016-06-05 06:44:23', '0000-00-00 00:00:00'),
(5040, 360, 5040, 'Tiroang', '2016-06-05 06:44:23', '0000-00-00 00:00:00'),
(5041, 360, 5041, 'Watang Sawitto', '2016-06-05 06:44:23', '0000-00-00 00:00:00'),
(5042, 361, 5042, 'Buntulia', '2016-06-05 06:44:23', '0000-00-00 00:00:00'),
(5043, 361, 5043, 'Dengilo', '2016-06-05 06:44:23', '0000-00-00 00:00:00'),
(5044, 361, 5044, 'Duhiadaa', '2016-06-05 06:44:23', '0000-00-00 00:00:00'),
(5045, 361, 5045, 'Lemito', '2016-06-05 06:44:23', '0000-00-00 00:00:00'),
(5046, 361, 5046, 'Marisa', '2016-06-05 06:44:23', '0000-00-00 00:00:00'),
(5047, 361, 5047, 'Paguat', '2016-06-05 06:44:23', '0000-00-00 00:00:00'),
(5048, 361, 5048, 'Patilanggio', '2016-06-05 06:44:23', '0000-00-00 00:00:00'),
(5049, 361, 5049, 'Popayato', '2016-06-05 06:44:23', '0000-00-00 00:00:00'),
(5050, 361, 5050, 'Popayato Barat', '2016-06-05 06:44:23', '0000-00-00 00:00:00'),
(5051, 361, 5051, 'Popayato Timur', '2016-06-05 06:44:23', '0000-00-00 00:00:00'),
(5052, 361, 5052, 'Randangan', '2016-06-05 06:44:23', '0000-00-00 00:00:00'),
(5053, 361, 5053, 'Taluditi (Taluduti)', '2016-06-05 06:44:23', '0000-00-00 00:00:00'),
(5054, 361, 5054, 'Wanggarasi', '2016-06-05 06:44:23', '0000-00-00 00:00:00'),
(5055, 362, 5055, 'Alu (Allu)', '2016-06-05 06:44:23', '0000-00-00 00:00:00'),
(5056, 362, 5056, 'Anreapi', '2016-06-05 06:44:23', '0000-00-00 00:00:00'),
(5057, 362, 5057, 'Balanipa', '2016-06-05 06:44:23', '0000-00-00 00:00:00'),
(5058, 362, 5058, 'Binuang', '2016-06-05 06:44:23', '0000-00-00 00:00:00'),
(5059, 362, 5059, 'Bulo', '2016-06-05 06:44:23', '0000-00-00 00:00:00'),
(5060, 362, 5060, 'Campalagian', '2016-06-05 06:44:23', '0000-00-00 00:00:00'),
(5061, 362, 5061, 'Limboro', '2016-06-05 06:44:23', '0000-00-00 00:00:00'),
(5062, 362, 5062, 'Luyo', '2016-06-05 06:44:23', '0000-00-00 00:00:00'),
(5063, 362, 5063, 'Mapilli', '2016-06-05 06:44:23', '0000-00-00 00:00:00'),
(5064, 362, 5064, 'Matakali', '2016-06-05 06:44:23', '0000-00-00 00:00:00'),
(5065, 362, 5065, 'Matangnga', '2016-06-05 06:44:23', '0000-00-00 00:00:00'),
(5066, 362, 5066, 'Polewali', '2016-06-05 06:44:23', '0000-00-00 00:00:00'),
(5067, 362, 5067, 'Tapango', '2016-06-05 06:44:23', '0000-00-00 00:00:00'),
(5068, 362, 5068, 'Tinambung', '2016-06-05 06:44:23', '0000-00-00 00:00:00'),
(5069, 362, 5069, 'Tubbi Taramanu (Tutar/Tutallu)', '2016-06-05 06:44:23', '0000-00-00 00:00:00'),
(5070, 362, 5070, 'Wonomulyo', '2016-06-05 06:44:23', '0000-00-00 00:00:00'),
(5071, 363, 5071, 'Babadan', '2016-06-05 06:44:23', '0000-00-00 00:00:00'),
(5072, 363, 5072, 'Badegan', '2016-06-05 06:44:23', '0000-00-00 00:00:00'),
(5073, 363, 5073, 'Balong', '2016-06-05 06:44:23', '0000-00-00 00:00:00'),
(5074, 363, 5074, 'Bungkal', '2016-06-05 06:44:23', '0000-00-00 00:00:00'),
(5075, 363, 5075, 'Jambon', '2016-06-05 06:44:23', '0000-00-00 00:00:00'),
(5076, 363, 5076, 'Jenangan', '2016-06-05 06:44:23', '0000-00-00 00:00:00'),
(5077, 363, 5077, 'Jetis', '2016-06-05 06:44:23', '0000-00-00 00:00:00'),
(5078, 363, 5078, 'Kauman', '2016-06-05 06:44:23', '0000-00-00 00:00:00'),
(5079, 363, 5079, 'Mlarak', '2016-06-05 06:44:23', '0000-00-00 00:00:00'),
(5080, 363, 5080, 'Ngebel', '2016-06-05 06:44:23', '0000-00-00 00:00:00'),
(5081, 363, 5081, 'Ngrayun', '2016-06-05 06:44:23', '0000-00-00 00:00:00'),
(5082, 363, 5082, 'Ponorogo', '2016-06-05 06:44:23', '0000-00-00 00:00:00'),
(5083, 363, 5083, 'Pudak', '2016-06-05 06:44:23', '0000-00-00 00:00:00'),
(5084, 363, 5084, 'Pulung', '2016-06-05 06:44:23', '0000-00-00 00:00:00'),
(5085, 363, 5085, 'Sambit', '2016-06-05 06:44:23', '0000-00-00 00:00:00'),
(5086, 363, 5086, 'Sampung', '2016-06-05 06:44:23', '0000-00-00 00:00:00'),
(5087, 363, 5087, 'Sawoo', '2016-06-05 06:44:23', '0000-00-00 00:00:00'),
(5088, 363, 5088, 'Siman', '2016-06-05 06:44:23', '0000-00-00 00:00:00'),
(5089, 363, 5089, 'Slahung', '2016-06-05 06:44:23', '0000-00-00 00:00:00'),
(5090, 363, 5090, 'Sooko', '2016-06-05 06:44:23', '0000-00-00 00:00:00'),
(5091, 363, 5091, 'Sukorejo', '2016-06-05 06:44:23', '0000-00-00 00:00:00'),
(5092, 364, 5092, 'Anjongan', '2016-06-05 06:44:23', '0000-00-00 00:00:00'),
(5093, 364, 5093, 'Mempawah Hilir', '2016-06-05 06:44:23', '0000-00-00 00:00:00'),
(5094, 364, 5094, 'Mempawah Timur', '2016-06-05 06:44:23', '0000-00-00 00:00:00'),
(5095, 364, 5095, 'Sadaniang', '2016-06-05 06:44:23', '0000-00-00 00:00:00'),
(5096, 364, 5096, 'Segedong', '2016-06-05 06:44:23', '0000-00-00 00:00:00'),
(5097, 364, 5097, 'Sei/Sungai Kunyit', '2016-06-05 06:44:23', '0000-00-00 00:00:00'),
(5098, 364, 5098, 'Sei/Sungai Pinyuh', '2016-06-05 06:44:23', '0000-00-00 00:00:00'),
(5099, 364, 5099, 'Siantan', '2016-06-05 06:44:23', '0000-00-00 00:00:00'),
(5100, 364, 5100, 'Toho', '2016-06-05 06:44:23', '0000-00-00 00:00:00'),
(5101, 365, 5101, 'Pontianak Barat', '2016-06-05 06:44:23', '0000-00-00 00:00:00'),
(5102, 365, 5102, 'Pontianak Kota', '2016-06-05 06:44:23', '0000-00-00 00:00:00'),
(5103, 365, 5103, 'Pontianak Selatan', '2016-06-05 06:44:23', '0000-00-00 00:00:00'),
(5104, 365, 5104, 'Pontianak Tenggara', '2016-06-05 06:44:23', '0000-00-00 00:00:00'),
(5105, 365, 5105, 'Pontianak Timur', '2016-06-05 06:44:23', '0000-00-00 00:00:00'),
(5106, 365, 5106, 'Pontianak Utara', '2016-06-05 06:44:23', '0000-00-00 00:00:00'),
(5107, 366, 5107, 'Lage', '2016-06-05 06:44:23', '0000-00-00 00:00:00'),
(5108, 366, 5108, 'Lore Barat', '2016-06-05 06:44:23', '0000-00-00 00:00:00'),
(5109, 366, 5109, 'Lore Piore', '2016-06-05 06:44:23', '0000-00-00 00:00:00'),
(5110, 366, 5110, 'Lore Selatan', '2016-06-05 06:44:23', '0000-00-00 00:00:00'),
(5111, 366, 5111, 'Lore Tengah', '2016-06-05 06:44:23', '0000-00-00 00:00:00'),
(5112, 366, 5112, 'Lore Timur', '2016-06-05 06:44:23', '0000-00-00 00:00:00'),
(5113, 366, 5113, 'Lore Utara', '2016-06-05 06:44:23', '0000-00-00 00:00:00'),
(5114, 366, 5114, 'Pamona Barat', '2016-06-05 06:44:23', '0000-00-00 00:00:00'),
(5115, 366, 5115, 'Pamona Puselemba', '2016-06-05 06:44:23', '0000-00-00 00:00:00'),
(5116, 366, 5116, 'Pamona Selatan', '2016-06-05 06:44:23', '0000-00-00 00:00:00'),
(5117, 366, 5117, 'Pamona Tenggara', '2016-06-05 06:44:23', '0000-00-00 00:00:00'),
(5118, 366, 5118, 'Pamona Timur', '2016-06-05 06:44:23', '0000-00-00 00:00:00'),
(5119, 366, 5119, 'Pamona Utara', '2016-06-05 06:44:23', '0000-00-00 00:00:00'),
(5120, 366, 5120, 'Poso Kota', '2016-06-05 06:44:23', '0000-00-00 00:00:00'),
(5121, 366, 5121, 'Poso Kota Selatan', '2016-06-05 06:44:23', '0000-00-00 00:00:00'),
(5122, 366, 5122, 'Poso Kota Utara', '2016-06-05 06:44:23', '0000-00-00 00:00:00'),
(5123, 366, 5123, 'Poso Pesisir', '2016-06-05 06:44:23', '0000-00-00 00:00:00'),
(5124, 366, 5124, 'Poso Pesisir Selatan', '2016-06-05 06:44:23', '0000-00-00 00:00:00'),
(5125, 366, 5125, 'Poso Pesisir Utara', '2016-06-05 06:44:23', '0000-00-00 00:00:00'),
(5126, 367, 5126, 'Cambai', '2016-06-05 06:44:23', '0000-00-00 00:00:00'),
(5127, 367, 5127, 'Prabumulih Barat', '2016-06-05 06:44:23', '0000-00-00 00:00:00'),
(5128, 367, 5128, 'Prabumulih Selatan', '2016-06-05 06:44:23', '0000-00-00 00:00:00'),
(5129, 367, 5129, 'Prabumulih Timur', '2016-06-05 06:44:23', '0000-00-00 00:00:00'),
(5130, 367, 5130, 'Prabumulih Utara', '2016-06-05 06:44:23', '0000-00-00 00:00:00'),
(5131, 367, 5131, 'Rambang Kapak Tengah', '2016-06-05 06:44:23', '0000-00-00 00:00:00'),
(5132, 368, 5132, 'Adi Luwih', '2016-06-05 06:44:23', '0000-00-00 00:00:00'),
(5133, 368, 5133, 'Ambarawa', '2016-06-05 06:44:23', '0000-00-00 00:00:00'),
(5134, 368, 5134, 'Banyumas', '2016-06-05 06:44:23', '0000-00-00 00:00:00'),
(5135, 368, 5135, 'Gading Rejo', '2016-06-05 06:44:23', '0000-00-00 00:00:00'),
(5136, 368, 5136, 'Pagelaran', '2016-06-05 06:44:23', '0000-00-00 00:00:00'),
(5137, 368, 5137, 'Pagelaran Utara', '2016-06-05 06:44:23', '0000-00-00 00:00:00'),
(5138, 368, 5138, 'Pardasuka', '2016-06-05 06:44:23', '0000-00-00 00:00:00'),
(5139, 368, 5139, 'Pringsewu', '2016-06-05 06:44:23', '0000-00-00 00:00:00'),
(5140, 368, 5140, 'Sukoharjo', '2016-06-05 06:44:23', '0000-00-00 00:00:00'),
(5141, 369, 5141, 'Bantaran', '2016-06-05 06:44:23', '0000-00-00 00:00:00'),
(5142, 369, 5142, 'Banyu Anyar', '2016-06-05 06:44:23', '0000-00-00 00:00:00'),
(5143, 369, 5143, 'Besuk', '2016-06-05 06:44:23', '0000-00-00 00:00:00'),
(5144, 369, 5144, 'Dringu', '2016-06-05 06:44:23', '0000-00-00 00:00:00'),
(5145, 369, 5145, 'Gading', '2016-06-05 06:44:23', '0000-00-00 00:00:00'),
(5146, 369, 5146, 'Gending', '2016-06-05 06:44:23', '0000-00-00 00:00:00'),
(5147, 369, 5147, 'Kota Anyar', '2016-06-05 06:44:23', '0000-00-00 00:00:00'),
(5148, 369, 5148, 'Kraksaan', '2016-06-05 06:44:23', '0000-00-00 00:00:00'),
(5149, 369, 5149, 'Krejengan', '2016-06-05 06:44:23', '0000-00-00 00:00:00'),
(5150, 369, 5150, 'Krucil', '2016-06-05 06:44:23', '0000-00-00 00:00:00'),
(5151, 369, 5151, 'Kuripan', '2016-06-05 06:44:23', '0000-00-00 00:00:00'),
(5152, 369, 5152, 'Leces', '2016-06-05 06:44:23', '0000-00-00 00:00:00'),
(5153, 369, 5153, 'Lumbang', '2016-06-05 06:44:23', '0000-00-00 00:00:00'),
(5154, 369, 5154, 'Maron', '2016-06-05 06:44:23', '0000-00-00 00:00:00'),
(5155, 369, 5155, 'Paiton', '2016-06-05 06:44:23', '0000-00-00 00:00:00'),
(5156, 369, 5156, 'Pajarakan', '2016-06-05 06:44:23', '0000-00-00 00:00:00'),
(5157, 369, 5157, 'Pakuniran', '2016-06-05 06:44:23', '0000-00-00 00:00:00'),
(5158, 369, 5158, 'Sukapura', '2016-06-05 06:44:23', '0000-00-00 00:00:00'),
(5159, 369, 5159, 'Sumber', '2016-06-05 06:44:23', '0000-00-00 00:00:00'),
(5160, 369, 5160, 'Sumberasih', '2016-06-05 06:44:23', '0000-00-00 00:00:00'),
(5161, 369, 5161, 'Tegal Siwalan', '2016-06-05 06:44:23', '0000-00-00 00:00:00'),
(5162, 369, 5162, 'Tiris', '2016-06-05 06:44:23', '0000-00-00 00:00:00'),
(5163, 369, 5163, 'Tongas', '2016-06-05 06:44:23', '0000-00-00 00:00:00'),
(5164, 369, 5164, 'Wonomerto', '2016-06-05 06:44:23', '0000-00-00 00:00:00'),
(5165, 370, 5165, 'Kademangan', '2016-06-05 06:44:23', '0000-00-00 00:00:00'),
(5166, 370, 5166, 'Kanigaran', '2016-06-05 06:44:23', '0000-00-00 00:00:00'),
(5167, 370, 5167, 'Kedopok (Kedopak)', '2016-06-05 06:44:23', '0000-00-00 00:00:00'),
(5168, 370, 5168, 'Mayangan', '2016-06-05 06:44:23', '0000-00-00 00:00:00'),
(5169, 370, 5169, 'Wonoasih', '2016-06-05 06:44:23', '0000-00-00 00:00:00'),
(5170, 371, 5170, 'Banama Tingang', '2016-06-05 06:44:23', '0000-00-00 00:00:00'),
(5171, 371, 5171, 'Jabiren Raya', '2016-06-05 06:44:23', '0000-00-00 00:00:00'),
(5172, 371, 5172, 'Kahayan Hilir', '2016-06-05 06:44:23', '0000-00-00 00:00:00'),
(5173, 371, 5173, 'Kahayan Kuala', '2016-06-05 06:44:23', '0000-00-00 00:00:00'),
(5174, 371, 5174, 'Kahayan Tengah', '2016-06-05 06:44:23', '0000-00-00 00:00:00'),
(5175, 371, 5175, 'Maliku', '2016-06-05 06:44:23', '0000-00-00 00:00:00'),
(5176, 371, 5176, 'Pandih Batu', '2016-06-05 06:44:23', '0000-00-00 00:00:00'),
(5177, 371, 5177, 'Sebangau Kuala', '2016-06-05 06:44:23', '0000-00-00 00:00:00'),
(5178, 372, 5178, 'Morotai Jaya', '2016-06-05 06:44:23', '0000-00-00 00:00:00'),
(5179, 372, 5179, 'Morotai Selatan', '2016-06-05 06:44:23', '0000-00-00 00:00:00'),
(5180, 372, 5180, 'Morotai Selatan Barat', '2016-06-05 06:44:23', '0000-00-00 00:00:00'),
(5181, 372, 5181, 'Morotai Timur', '2016-06-05 06:44:23', '0000-00-00 00:00:00'),
(5182, 372, 5182, 'Morotai Utara', '2016-06-05 06:44:23', '0000-00-00 00:00:00'),
(5183, 373, 5183, 'Agadugume', '2016-06-05 06:44:23', '0000-00-00 00:00:00'),
(5184, 373, 5184, 'Beoga', '2016-06-05 06:44:23', '0000-00-00 00:00:00'),
(5185, 373, 5185, 'Doufu', '2016-06-05 06:44:23', '0000-00-00 00:00:00'),
(5186, 373, 5186, 'Gome', '2016-06-05 06:44:23', '0000-00-00 00:00:00'),
(5187, 373, 5187, 'Ilaga', '2016-06-05 06:44:23', '0000-00-00 00:00:00'),
(5188, 373, 5188, 'Pogoma', '2016-06-05 06:44:23', '0000-00-00 00:00:00'),
(5189, 373, 5189, 'Sinak', '2016-06-05 06:44:23', '0000-00-00 00:00:00'),
(5190, 373, 5190, 'Wangbe', '2016-06-05 06:44:23', '0000-00-00 00:00:00'),
(5191, 374, 5191, 'Fawi', '2016-06-05 06:44:24', '0000-00-00 00:00:00'),
(5192, 374, 5192, 'Ilu', '2016-06-05 06:44:24', '0000-00-00 00:00:00'),
(5193, 374, 5193, 'Jigonikme', '2016-06-05 06:44:24', '0000-00-00 00:00:00'),
(5194, 374, 5194, 'Mewoluk (Mewulok)', '2016-06-05 06:44:24', '0000-00-00 00:00:00'),
(5195, 374, 5195, 'Mulia', '2016-06-05 06:44:24', '0000-00-00 00:00:00'),
(5196, 374, 5196, 'Tingginambut', '2016-06-05 06:44:24', '0000-00-00 00:00:00'),
(5197, 374, 5197, 'Torere', '2016-06-05 06:44:24', '0000-00-00 00:00:00'),
(5198, 374, 5198, 'Yamo', '2016-06-05 06:44:24', '0000-00-00 00:00:00'),
(5199, 375, 5199, 'Bobotsari', '2016-06-05 06:44:24', '0000-00-00 00:00:00'),
(5200, 375, 5200, 'Bojongsari', '2016-06-05 06:44:24', '0000-00-00 00:00:00'),
(5201, 375, 5201, 'Bukateja', '2016-06-05 06:44:24', '0000-00-00 00:00:00'),
(5202, 375, 5202, 'Kaligondang', '2016-06-05 06:44:24', '0000-00-00 00:00:00'),
(5203, 375, 5203, 'Kalimanah', '2016-06-05 06:44:24', '0000-00-00 00:00:00'),
(5204, 375, 5204, 'Karanganyar', '2016-06-05 06:44:24', '0000-00-00 00:00:00'),
(5205, 375, 5205, 'Karangjambu', '2016-06-05 06:44:24', '0000-00-00 00:00:00'),
(5206, 375, 5206, 'Karangmoncol', '2016-06-05 06:44:24', '0000-00-00 00:00:00'),
(5207, 375, 5207, 'Karangreja', '2016-06-05 06:44:24', '0000-00-00 00:00:00'),
(5208, 375, 5208, 'Kejobong', '2016-06-05 06:44:24', '0000-00-00 00:00:00'),
(5209, 375, 5209, 'Kemangkon', '2016-06-05 06:44:24', '0000-00-00 00:00:00'),
(5210, 375, 5210, 'Kertanegara', '2016-06-05 06:44:24', '0000-00-00 00:00:00'),
(5211, 375, 5211, 'Kutasari', '2016-06-05 06:44:24', '0000-00-00 00:00:00'),
(5212, 375, 5212, 'Mrebet', '2016-06-05 06:44:24', '0000-00-00 00:00:00'),
(5213, 375, 5213, 'Padamara', '2016-06-05 06:44:24', '0000-00-00 00:00:00'),
(5214, 375, 5214, 'Pengadegan', '2016-06-05 06:44:24', '0000-00-00 00:00:00'),
(5215, 375, 5215, 'Purbalingga', '2016-06-05 06:44:24', '0000-00-00 00:00:00'),
(5216, 375, 5216, 'Rembang', '2016-06-05 06:44:24', '0000-00-00 00:00:00'),
(5217, 376, 5217, 'Babakancikao', '2016-06-05 06:44:24', '0000-00-00 00:00:00'),
(5218, 376, 5218, 'Bojong', '2016-06-05 06:44:24', '0000-00-00 00:00:00');
INSERT INTO `bkm_sub_district` (`id`, `city_id`, `sub_district_id`, `name`, `created_at`, `updated_at`) VALUES
(5219, 376, 5219, 'Bungursari', '2016-06-05 06:44:24', '0000-00-00 00:00:00'),
(5220, 376, 5220, 'Campaka', '2016-06-05 06:44:24', '0000-00-00 00:00:00'),
(5221, 376, 5221, 'Cibatu', '2016-06-05 06:44:24', '0000-00-00 00:00:00'),
(5222, 376, 5222, 'Darangdan', '2016-06-05 06:44:24', '0000-00-00 00:00:00'),
(5223, 376, 5223, 'Jatiluhur', '2016-06-05 06:44:24', '0000-00-00 00:00:00'),
(5224, 376, 5224, 'Kiarapedes', '2016-06-05 06:44:24', '0000-00-00 00:00:00'),
(5225, 376, 5225, 'Maniis', '2016-06-05 06:44:24', '0000-00-00 00:00:00'),
(5226, 376, 5226, 'Pasawahan', '2016-06-05 06:44:24', '0000-00-00 00:00:00'),
(5227, 376, 5227, 'Plered', '2016-06-05 06:44:24', '0000-00-00 00:00:00'),
(5228, 376, 5228, 'Pondoksalam', '2016-06-05 06:44:24', '0000-00-00 00:00:00'),
(5229, 376, 5229, 'Purwakarta', '2016-06-05 06:44:24', '0000-00-00 00:00:00'),
(5230, 376, 5230, 'Sukasari', '2016-06-05 06:44:24', '0000-00-00 00:00:00'),
(5231, 376, 5231, 'Sukatani', '2016-06-05 06:44:24', '0000-00-00 00:00:00'),
(5232, 376, 5232, 'Tegal Waru', '2016-06-05 06:44:24', '0000-00-00 00:00:00'),
(5233, 376, 5233, 'Wanayasa', '2016-06-05 06:44:24', '0000-00-00 00:00:00'),
(5234, 377, 5234, 'Bagelen', '2016-06-05 06:44:24', '0000-00-00 00:00:00'),
(5235, 377, 5235, 'Banyuurip', '2016-06-05 06:44:24', '0000-00-00 00:00:00'),
(5236, 377, 5236, 'Bayan', '2016-06-05 06:44:24', '0000-00-00 00:00:00'),
(5237, 377, 5237, 'Bener', '2016-06-05 06:44:24', '0000-00-00 00:00:00'),
(5238, 377, 5238, 'Bruno', '2016-06-05 06:44:24', '0000-00-00 00:00:00'),
(5239, 377, 5239, 'Butuh', '2016-06-05 06:44:24', '0000-00-00 00:00:00'),
(5240, 377, 5240, 'Gebang', '2016-06-05 06:44:24', '0000-00-00 00:00:00'),
(5241, 377, 5241, 'Grabag', '2016-06-05 06:44:24', '0000-00-00 00:00:00'),
(5242, 377, 5242, 'Kaligesing', '2016-06-05 06:44:24', '0000-00-00 00:00:00'),
(5243, 377, 5243, 'Kemiri', '2016-06-05 06:44:24', '0000-00-00 00:00:00'),
(5244, 377, 5244, 'Kutoarjo', '2016-06-05 06:44:24', '0000-00-00 00:00:00'),
(5245, 377, 5245, 'Loano', '2016-06-05 06:44:24', '0000-00-00 00:00:00'),
(5246, 377, 5246, 'Ngombol', '2016-06-05 06:44:24', '0000-00-00 00:00:00'),
(5247, 377, 5247, 'Pituruh', '2016-06-05 06:44:24', '0000-00-00 00:00:00'),
(5248, 377, 5248, 'Purwodadi', '2016-06-05 06:44:24', '0000-00-00 00:00:00'),
(5249, 377, 5249, 'Purworejo', '2016-06-05 06:44:24', '0000-00-00 00:00:00'),
(5250, 378, 5250, 'Ayau', '2016-06-05 06:44:24', '0000-00-00 00:00:00'),
(5251, 378, 5251, 'Batanta Selatan', '2016-06-05 06:44:24', '0000-00-00 00:00:00'),
(5252, 378, 5252, 'Batanta Utara', '2016-06-05 06:44:24', '0000-00-00 00:00:00'),
(5253, 378, 5253, 'Kepulauan Ayau', '2016-06-05 06:44:24', '0000-00-00 00:00:00'),
(5254, 378, 5254, 'Kepulauan Sembilan', '2016-06-05 06:44:24', '0000-00-00 00:00:00'),
(5255, 378, 5255, 'Kofiau', '2016-06-05 06:44:24', '0000-00-00 00:00:00'),
(5256, 378, 5256, 'Kota Waisai', '2016-06-05 06:44:24', '0000-00-00 00:00:00'),
(5257, 378, 5257, 'Meos Mansar', '2016-06-05 06:44:24', '0000-00-00 00:00:00'),
(5258, 378, 5258, 'Misool (Misool Utara)', '2016-06-05 06:44:24', '0000-00-00 00:00:00'),
(5259, 378, 5259, 'Misool Barat', '2016-06-05 06:44:24', '0000-00-00 00:00:00'),
(5260, 378, 5260, 'Misool Selatan', '2016-06-05 06:44:24', '0000-00-00 00:00:00'),
(5261, 378, 5261, 'Misool Timur', '2016-06-05 06:44:24', '0000-00-00 00:00:00'),
(5262, 378, 5262, 'Salawati Barat', '2016-06-05 06:44:24', '0000-00-00 00:00:00'),
(5263, 378, 5263, 'Salawati Tengah', '2016-06-05 06:44:24', '0000-00-00 00:00:00'),
(5264, 378, 5264, 'Salawati Utara (Samate)', '2016-06-05 06:44:24', '0000-00-00 00:00:00'),
(5265, 378, 5265, 'Supnin', '2016-06-05 06:44:24', '0000-00-00 00:00:00'),
(5266, 378, 5266, 'Teluk Mayalibit', '2016-06-05 06:44:24', '0000-00-00 00:00:00'),
(5267, 378, 5267, 'Tiplol Mayalibit', '2016-06-05 06:44:24', '0000-00-00 00:00:00'),
(5268, 378, 5268, 'Waigeo Barat', '2016-06-05 06:44:24', '0000-00-00 00:00:00'),
(5269, 378, 5269, 'Waigeo Barat Kepulauan', '2016-06-05 06:44:24', '0000-00-00 00:00:00'),
(5270, 378, 5270, 'Waigeo Selatan', '2016-06-05 06:44:24', '0000-00-00 00:00:00'),
(5271, 378, 5271, 'Waigeo Timur', '2016-06-05 06:44:24', '0000-00-00 00:00:00'),
(5272, 378, 5272, 'Waigeo Utara', '2016-06-05 06:44:24', '0000-00-00 00:00:00'),
(5273, 378, 5273, 'Warwabomi', '2016-06-05 06:44:24', '0000-00-00 00:00:00'),
(5274, 379, 5274, 'Bermani Ulu', '2016-06-05 06:44:24', '0000-00-00 00:00:00'),
(5275, 379, 5275, 'Bermani Ulu Raya', '2016-06-05 06:44:24', '0000-00-00 00:00:00'),
(5276, 379, 5276, 'Binduriang', '2016-06-05 06:44:24', '0000-00-00 00:00:00'),
(5277, 379, 5277, 'Curup', '2016-06-05 06:44:24', '0000-00-00 00:00:00'),
(5278, 379, 5278, 'Curup Selatan', '2016-06-05 06:44:24', '0000-00-00 00:00:00'),
(5279, 379, 5279, 'Curup Tengah', '2016-06-05 06:44:24', '0000-00-00 00:00:00'),
(5280, 379, 5280, 'Curup Timur', '2016-06-05 06:44:24', '0000-00-00 00:00:00'),
(5281, 379, 5281, 'Curup Utara', '2016-06-05 06:44:24', '0000-00-00 00:00:00'),
(5282, 379, 5282, 'Kota Padang', '2016-06-05 06:44:24', '0000-00-00 00:00:00'),
(5283, 379, 5283, 'Padang Ulak Tanding', '2016-06-05 06:44:24', '0000-00-00 00:00:00'),
(5284, 379, 5284, 'Selupu Rejang', '2016-06-05 06:44:24', '0000-00-00 00:00:00'),
(5285, 379, 5285, 'Sindang Beliti Ilir', '2016-06-05 06:44:24', '0000-00-00 00:00:00'),
(5286, 379, 5286, 'Sindang Beliti Ulu', '2016-06-05 06:44:24', '0000-00-00 00:00:00'),
(5287, 379, 5287, 'Sindang Daratan', '2016-06-05 06:44:24', '0000-00-00 00:00:00'),
(5288, 379, 5288, 'Sindang Kelingi', '2016-06-05 06:44:24', '0000-00-00 00:00:00'),
(5289, 380, 5289, 'Bulu', '2016-06-05 06:44:24', '0000-00-00 00:00:00'),
(5290, 380, 5290, 'Gunem', '2016-06-05 06:44:24', '0000-00-00 00:00:00'),
(5291, 380, 5291, 'Kaliori', '2016-06-05 06:44:24', '0000-00-00 00:00:00'),
(5292, 380, 5292, 'Kragan', '2016-06-05 06:44:24', '0000-00-00 00:00:00'),
(5293, 380, 5293, 'Lasem', '2016-06-05 06:44:24', '0000-00-00 00:00:00'),
(5294, 380, 5294, 'Pamotan', '2016-06-05 06:44:24', '0000-00-00 00:00:00'),
(5295, 380, 5295, 'Pancur', '2016-06-05 06:44:24', '0000-00-00 00:00:00'),
(5296, 380, 5296, 'Rembang', '2016-06-05 06:44:24', '0000-00-00 00:00:00'),
(5297, 380, 5297, 'Sale', '2016-06-05 06:44:24', '0000-00-00 00:00:00'),
(5298, 380, 5298, 'Sarang', '2016-06-05 06:44:24', '0000-00-00 00:00:00'),
(5299, 380, 5299, 'Sedan', '2016-06-05 06:44:24', '0000-00-00 00:00:00'),
(5300, 380, 5300, 'Sluke', '2016-06-05 06:44:24', '0000-00-00 00:00:00'),
(5301, 380, 5301, 'Sulang', '2016-06-05 06:44:24', '0000-00-00 00:00:00'),
(5302, 380, 5302, 'Sumber', '2016-06-05 06:44:24', '0000-00-00 00:00:00'),
(5303, 381, 5303, 'Bagan Sinembah', '2016-06-05 06:44:24', '0000-00-00 00:00:00'),
(5304, 381, 5304, 'Bangko', '2016-06-05 06:44:24', '0000-00-00 00:00:00'),
(5305, 381, 5305, 'Bangko Pusaka (Pusako)', '2016-06-05 06:44:24', '0000-00-00 00:00:00'),
(5306, 381, 5306, 'Batu Hampar', '2016-06-05 06:44:24', '0000-00-00 00:00:00'),
(5307, 381, 5307, 'Kubu', '2016-06-05 06:44:24', '0000-00-00 00:00:00'),
(5308, 381, 5308, 'Kubu Babussalam', '2016-06-05 06:44:24', '0000-00-00 00:00:00'),
(5309, 381, 5309, 'Pasir Limau Kapas', '2016-06-05 06:44:24', '0000-00-00 00:00:00'),
(5310, 381, 5310, 'Pekaitan', '2016-06-05 06:44:24', '0000-00-00 00:00:00'),
(5311, 381, 5311, 'Pujud', '2016-06-05 06:44:24', '0000-00-00 00:00:00'),
(5312, 381, 5312, 'Rantau Kopar', '2016-06-05 06:44:24', '0000-00-00 00:00:00'),
(5313, 381, 5313, 'Rimba Melintang', '2016-06-05 06:44:24', '0000-00-00 00:00:00'),
(5314, 381, 5314, 'Simpang Kanan', '2016-06-05 06:44:24', '0000-00-00 00:00:00'),
(5315, 381, 5315, 'Sinaboi (Senaboi)', '2016-06-05 06:44:24', '0000-00-00 00:00:00'),
(5316, 381, 5316, 'Tanah Putih', '2016-06-05 06:44:24', '0000-00-00 00:00:00'),
(5317, 381, 5317, 'Tanah Putih Tanjung Melawan', '2016-06-05 06:44:24', '0000-00-00 00:00:00'),
(5318, 382, 5318, 'Bangun Purba', '2016-06-05 06:44:24', '0000-00-00 00:00:00'),
(5319, 382, 5319, 'Bonai Darussalam', '2016-06-05 06:44:24', '0000-00-00 00:00:00'),
(5320, 382, 5320, 'Kabun', '2016-06-05 06:44:24', '0000-00-00 00:00:00'),
(5321, 382, 5321, 'Kepenuhan', '2016-06-05 06:44:24', '0000-00-00 00:00:00'),
(5322, 382, 5322, 'Kepenuhan Hulu', '2016-06-05 06:44:24', '0000-00-00 00:00:00'),
(5323, 382, 5323, 'Kunto Darussalam', '2016-06-05 06:44:24', '0000-00-00 00:00:00'),
(5324, 382, 5324, 'Pagaran Tapah Darussalam', '2016-06-05 06:44:24', '0000-00-00 00:00:00'),
(5325, 382, 5325, 'Pendalian IV Koto', '2016-06-05 06:44:24', '0000-00-00 00:00:00'),
(5326, 382, 5326, 'Rambah', '2016-06-05 06:44:24', '0000-00-00 00:00:00'),
(5327, 382, 5327, 'Rambah Hilir', '2016-06-05 06:44:24', '0000-00-00 00:00:00'),
(5328, 382, 5328, 'Rambah Samo', '2016-06-05 06:44:24', '0000-00-00 00:00:00'),
(5329, 382, 5329, 'Rokan IV Koto', '2016-06-05 06:44:24', '0000-00-00 00:00:00'),
(5330, 382, 5330, 'Tambusai', '2016-06-05 06:44:24', '0000-00-00 00:00:00'),
(5331, 382, 5331, 'Tambusai Utara', '2016-06-05 06:44:24', '0000-00-00 00:00:00'),
(5332, 382, 5332, 'Tandun', '2016-06-05 06:44:24', '0000-00-00 00:00:00'),
(5333, 382, 5333, 'Ujung Batu', '2016-06-05 06:44:24', '0000-00-00 00:00:00'),
(5334, 383, 5334, 'Landu Leko', '2016-06-05 06:44:24', '0000-00-00 00:00:00'),
(5335, 383, 5335, 'Lobalain', '2016-06-05 06:44:24', '0000-00-00 00:00:00'),
(5336, 383, 5336, 'Ndao Nuse', '2016-06-05 06:44:24', '0000-00-00 00:00:00'),
(5337, 383, 5337, 'Pantai Baru', '2016-06-05 06:44:24', '0000-00-00 00:00:00'),
(5338, 383, 5338, 'Rote Barat', '2016-06-05 06:44:24', '0000-00-00 00:00:00'),
(5339, 383, 5339, 'Rote Barat Daya', '2016-06-05 06:44:24', '0000-00-00 00:00:00'),
(5340, 383, 5340, 'Rote Barat Laut', '2016-06-05 06:44:24', '0000-00-00 00:00:00'),
(5341, 383, 5341, 'Rote Selatan', '2016-06-05 06:44:24', '0000-00-00 00:00:00'),
(5342, 383, 5342, 'Rote Tengah', '2016-06-05 06:44:24', '0000-00-00 00:00:00'),
(5343, 383, 5343, 'Rote Timur', '2016-06-05 06:44:24', '0000-00-00 00:00:00'),
(5344, 384, 5344, 'Sukajaya', '2016-06-05 06:44:24', '0000-00-00 00:00:00'),
(5345, 384, 5345, 'Sukakarya', '2016-06-05 06:44:24', '0000-00-00 00:00:00'),
(5346, 385, 5346, 'Hawu Mehara', '2016-06-05 06:44:24', '0000-00-00 00:00:00'),
(5347, 385, 5347, 'Raijua', '2016-06-05 06:44:24', '0000-00-00 00:00:00'),
(5348, 385, 5348, 'Sabu Barat', '2016-06-05 06:44:24', '0000-00-00 00:00:00'),
(5349, 385, 5349, 'Sabu Liae', '2016-06-05 06:44:24', '0000-00-00 00:00:00'),
(5350, 385, 5350, 'Sabu Tengah', '2016-06-05 06:44:24', '0000-00-00 00:00:00'),
(5351, 385, 5351, 'Sabu Timur', '2016-06-05 06:44:24', '0000-00-00 00:00:00'),
(5352, 386, 5352, 'Argomulyo', '2016-06-05 06:44:24', '0000-00-00 00:00:00'),
(5353, 386, 5353, 'Sidomukti', '2016-06-05 06:44:24', '0000-00-00 00:00:00'),
(5354, 386, 5354, 'Sidorejo', '2016-06-05 06:44:24', '0000-00-00 00:00:00'),
(5355, 386, 5355, 'Tingkir', '2016-06-05 06:44:24', '0000-00-00 00:00:00'),
(5356, 387, 5356, 'Loa Janan Ilir', '2016-06-05 06:44:24', '0000-00-00 00:00:00'),
(5357, 387, 5357, 'Palaran', '2016-06-05 06:44:24', '0000-00-00 00:00:00'),
(5358, 387, 5358, 'Samarinda Ilir', '2016-06-05 06:44:24', '0000-00-00 00:00:00'),
(5359, 387, 5359, 'Samarinda Kota', '2016-06-05 06:44:24', '0000-00-00 00:00:00'),
(5360, 387, 5360, 'Samarinda Seberang', '2016-06-05 06:44:24', '0000-00-00 00:00:00'),
(5361, 387, 5361, 'Samarinda Ulu', '2016-06-05 06:44:24', '0000-00-00 00:00:00'),
(5362, 387, 5362, 'Samarinda Utara', '2016-06-05 06:44:24', '0000-00-00 00:00:00'),
(5363, 387, 5363, 'Sambutan', '2016-06-05 06:44:24', '0000-00-00 00:00:00'),
(5364, 387, 5364, 'Sungai Kunjang', '2016-06-05 06:44:24', '0000-00-00 00:00:00'),
(5365, 387, 5365, 'Sungai Pinang', '2016-06-05 06:44:24', '0000-00-00 00:00:00'),
(5366, 388, 5366, 'Galing', '2016-06-05 06:44:25', '0000-00-00 00:00:00'),
(5367, 388, 5367, 'Jawai', '2016-06-05 06:44:25', '0000-00-00 00:00:00'),
(5368, 388, 5368, 'Jawai Selatan', '2016-06-05 06:44:25', '0000-00-00 00:00:00'),
(5369, 388, 5369, 'Paloh', '2016-06-05 06:44:25', '0000-00-00 00:00:00'),
(5370, 388, 5370, 'Pemangkat', '2016-06-05 06:44:25', '0000-00-00 00:00:00'),
(5371, 388, 5371, 'Sajad', '2016-06-05 06:44:25', '0000-00-00 00:00:00'),
(5372, 388, 5372, 'Sajingan Besar', '2016-06-05 06:44:25', '0000-00-00 00:00:00'),
(5373, 388, 5373, 'Salatiga', '2016-06-05 06:44:25', '0000-00-00 00:00:00'),
(5374, 388, 5374, 'Sambas', '2016-06-05 06:44:25', '0000-00-00 00:00:00'),
(5375, 388, 5375, 'Sebawi', '2016-06-05 06:44:25', '0000-00-00 00:00:00'),
(5376, 388, 5376, 'Sejangkung', '2016-06-05 06:44:25', '0000-00-00 00:00:00'),
(5377, 388, 5377, 'Selakau', '2016-06-05 06:44:25', '0000-00-00 00:00:00'),
(5378, 388, 5378, 'Selakau Timur', '2016-06-05 06:44:25', '0000-00-00 00:00:00'),
(5379, 388, 5379, 'Semparuk', '2016-06-05 06:44:25', '0000-00-00 00:00:00'),
(5380, 388, 5380, 'Subah', '2016-06-05 06:44:25', '0000-00-00 00:00:00'),
(5381, 388, 5381, 'Tangaran', '2016-06-05 06:44:25', '0000-00-00 00:00:00'),
(5382, 388, 5382, 'Tebas', '2016-06-05 06:44:25', '0000-00-00 00:00:00'),
(5383, 388, 5383, 'Tekarang', '2016-06-05 06:44:25', '0000-00-00 00:00:00'),
(5384, 388, 5384, 'Teluk Keramat', '2016-06-05 06:44:25', '0000-00-00 00:00:00'),
(5385, 389, 5385, 'Harian', '2016-06-05 06:44:25', '0000-00-00 00:00:00'),
(5386, 389, 5386, 'Nainggolan', '2016-06-05 06:44:25', '0000-00-00 00:00:00'),
(5387, 389, 5387, 'Onan Runggu', '2016-06-05 06:44:25', '0000-00-00 00:00:00'),
(5388, 389, 5388, 'Palipi', '2016-06-05 06:44:25', '0000-00-00 00:00:00'),
(5389, 389, 5389, 'Pangururan', '2016-06-05 06:44:25', '0000-00-00 00:00:00'),
(5390, 389, 5390, 'Ronggur Nihuta', '2016-06-05 06:44:25', '0000-00-00 00:00:00'),
(5391, 389, 5391, 'Sianjur Mula-Mula', '2016-06-05 06:44:25', '0000-00-00 00:00:00'),
(5392, 389, 5392, 'Simanindo', '2016-06-05 06:44:25', '0000-00-00 00:00:00'),
(5393, 389, 5393, 'Sitio-Tio', '2016-06-05 06:44:25', '0000-00-00 00:00:00'),
(5394, 390, 5394, 'Banyuates', '2016-06-05 06:44:25', '0000-00-00 00:00:00'),
(5395, 390, 5395, 'Camplong', '2016-06-05 06:44:25', '0000-00-00 00:00:00'),
(5396, 390, 5396, 'Jrengik', '2016-06-05 06:44:25', '0000-00-00 00:00:00'),
(5397, 390, 5397, 'Karang Penang', '2016-06-05 06:44:25', '0000-00-00 00:00:00'),
(5398, 390, 5398, 'Kedungdung', '2016-06-05 06:44:25', '0000-00-00 00:00:00'),
(5399, 390, 5399, 'Ketapang', '2016-06-05 06:44:25', '0000-00-00 00:00:00'),
(5400, 390, 5400, 'Omben', '2016-06-05 06:44:25', '0000-00-00 00:00:00'),
(5401, 390, 5401, 'Pangarengan', '2016-06-05 06:44:25', '0000-00-00 00:00:00'),
(5402, 390, 5402, 'Robatal', '2016-06-05 06:44:25', '0000-00-00 00:00:00'),
(5403, 390, 5403, 'Sampang', '2016-06-05 06:44:25', '0000-00-00 00:00:00'),
(5404, 390, 5404, 'Sokobanah', '2016-06-05 06:44:25', '0000-00-00 00:00:00'),
(5405, 390, 5405, 'Sreseh', '2016-06-05 06:44:25', '0000-00-00 00:00:00'),
(5406, 390, 5406, 'Tambelangan', '2016-06-05 06:44:25', '0000-00-00 00:00:00'),
(5407, 390, 5407, 'Torjun', '2016-06-05 06:44:25', '0000-00-00 00:00:00'),
(5408, 391, 5408, 'Balai', '2016-06-05 06:44:25', '0000-00-00 00:00:00'),
(5409, 391, 5409, 'Beduai (Beduwai)', '2016-06-05 06:44:25', '0000-00-00 00:00:00'),
(5410, 391, 5410, 'Bonti', '2016-06-05 06:44:25', '0000-00-00 00:00:00'),
(5411, 391, 5411, 'Entikong', '2016-06-05 06:44:25', '0000-00-00 00:00:00'),
(5412, 391, 5412, 'Jangkang', '2016-06-05 06:44:25', '0000-00-00 00:00:00'),
(5413, 391, 5413, 'Kapuas (Sanggau Kapuas)', '2016-06-05 06:44:25', '0000-00-00 00:00:00'),
(5414, 391, 5414, 'Kembayan', '2016-06-05 06:44:25', '0000-00-00 00:00:00'),
(5415, 391, 5415, 'Meliau', '2016-06-05 06:44:25', '0000-00-00 00:00:00'),
(5416, 391, 5416, 'Mukok', '2016-06-05 06:44:25', '0000-00-00 00:00:00'),
(5417, 391, 5417, 'Noyan', '2016-06-05 06:44:25', '0000-00-00 00:00:00'),
(5418, 391, 5418, 'Parindu', '2016-06-05 06:44:25', '0000-00-00 00:00:00'),
(5419, 391, 5419, 'Sekayam', '2016-06-05 06:44:25', '0000-00-00 00:00:00'),
(5420, 391, 5420, 'Tayan Hilir', '2016-06-05 06:44:25', '0000-00-00 00:00:00'),
(5421, 391, 5421, 'Tayan Hulu', '2016-06-05 06:44:25', '0000-00-00 00:00:00'),
(5422, 391, 5422, 'Toba', '2016-06-05 06:44:25', '0000-00-00 00:00:00'),
(5423, 392, 5423, 'Apawer Hulu', '2016-06-05 06:44:25', '0000-00-00 00:00:00'),
(5424, 392, 5424, 'Bonggo', '2016-06-05 06:44:25', '0000-00-00 00:00:00'),
(5425, 392, 5425, 'Bonggo Timur', '2016-06-05 06:44:25', '0000-00-00 00:00:00'),
(5426, 392, 5426, 'Pantai Barat', '2016-06-05 06:44:25', '0000-00-00 00:00:00'),
(5427, 392, 5427, 'Pantai Timur', '2016-06-05 06:44:25', '0000-00-00 00:00:00'),
(5428, 392, 5428, 'Pantai Timur Barat', '2016-06-05 06:44:25', '0000-00-00 00:00:00'),
(5429, 392, 5429, 'Sarmi', '2016-06-05 06:44:25', '0000-00-00 00:00:00'),
(5430, 392, 5430, 'Sarmi Selatan', '2016-06-05 06:44:25', '0000-00-00 00:00:00'),
(5431, 392, 5431, 'Sarmi Timur', '2016-06-05 06:44:25', '0000-00-00 00:00:00'),
(5432, 392, 5432, 'Tor Atas', '2016-06-05 06:44:25', '0000-00-00 00:00:00'),
(5433, 393, 5433, 'Air Hitam', '2016-06-05 06:44:25', '0000-00-00 00:00:00'),
(5434, 393, 5434, 'Batang Asai', '2016-06-05 06:44:25', '0000-00-00 00:00:00'),
(5435, 393, 5435, 'Bathin VIII (Batin VIII)', '2016-06-05 06:44:25', '0000-00-00 00:00:00'),
(5436, 393, 5436, 'Cermin Nan Gadang', '2016-06-05 06:44:25', '0000-00-00 00:00:00'),
(5437, 393, 5437, 'Limun', '2016-06-05 06:44:25', '0000-00-00 00:00:00'),
(5438, 393, 5438, 'Mandiangin', '2016-06-05 06:44:25', '0000-00-00 00:00:00'),
(5439, 393, 5439, 'Pauh', '2016-06-05 06:44:25', '0000-00-00 00:00:00'),
(5440, 393, 5440, 'Pelawan', '2016-06-05 06:44:25', '0000-00-00 00:00:00'),
(5441, 393, 5441, 'Sarolangun', '2016-06-05 06:44:25', '0000-00-00 00:00:00'),
(5442, 393, 5442, 'Singkut', '2016-06-05 06:44:25', '0000-00-00 00:00:00'),
(5443, 394, 5443, 'Barangin', '2016-06-05 06:44:25', '0000-00-00 00:00:00'),
(5444, 394, 5444, 'Lembah Segar', '2016-06-05 06:44:25', '0000-00-00 00:00:00'),
(5445, 394, 5445, 'Silungkang', '2016-06-05 06:44:25', '0000-00-00 00:00:00'),
(5446, 394, 5446, 'Talawi', '2016-06-05 06:44:25', '0000-00-00 00:00:00'),
(5447, 395, 5447, 'Belitang', '2016-06-05 06:44:25', '0000-00-00 00:00:00'),
(5448, 395, 5448, 'Belitang Hilir', '2016-06-05 06:44:25', '0000-00-00 00:00:00'),
(5449, 395, 5449, 'Belitang Hulu', '2016-06-05 06:44:25', '0000-00-00 00:00:00'),
(5450, 395, 5450, 'Nanga Mahap', '2016-06-05 06:44:25', '0000-00-00 00:00:00'),
(5451, 395, 5451, 'Nanga Taman', '2016-06-05 06:44:25', '0000-00-00 00:00:00'),
(5452, 395, 5452, 'Sekadau Hilir', '2016-06-05 06:44:25', '0000-00-00 00:00:00'),
(5453, 395, 5453, 'Sekadau Hulu', '2016-06-05 06:44:25', '0000-00-00 00:00:00'),
(5454, 396, 5454, 'Benteng', '2016-06-05 06:44:25', '0000-00-00 00:00:00'),
(5455, 396, 5455, 'Bontoharu', '2016-06-05 06:44:25', '0000-00-00 00:00:00'),
(5456, 396, 5456, 'Bontomanai', '2016-06-05 06:44:25', '0000-00-00 00:00:00'),
(5457, 396, 5457, 'Bontomatene', '2016-06-05 06:44:25', '0000-00-00 00:00:00'),
(5458, 396, 5458, 'Bontosikuyu', '2016-06-05 06:44:25', '0000-00-00 00:00:00'),
(5459, 396, 5459, 'Buki', '2016-06-05 06:44:25', '0000-00-00 00:00:00'),
(5460, 396, 5460, 'Pasilambena', '2016-06-05 06:44:25', '0000-00-00 00:00:00'),
(5461, 396, 5461, 'Pasimarannu', '2016-06-05 06:44:25', '0000-00-00 00:00:00'),
(5462, 396, 5462, 'Pasimassunggu', '2016-06-05 06:44:25', '0000-00-00 00:00:00'),
(5463, 396, 5463, 'Pasimasunggu Timur', '2016-06-05 06:44:25', '0000-00-00 00:00:00'),
(5464, 396, 5464, 'Takabonerate', '2016-06-05 06:44:25', '0000-00-00 00:00:00'),
(5465, 397, 5465, 'Air Periukan', '2016-06-05 06:44:25', '0000-00-00 00:00:00'),
(5466, 397, 5466, 'Ilir Talo', '2016-06-05 06:44:25', '0000-00-00 00:00:00'),
(5467, 397, 5467, 'Lubuk Sandi', '2016-06-05 06:44:25', '0000-00-00 00:00:00'),
(5468, 397, 5468, 'Seluma', '2016-06-05 06:44:25', '0000-00-00 00:00:00'),
(5469, 397, 5469, 'Seluma Barat', '2016-06-05 06:44:25', '0000-00-00 00:00:00'),
(5470, 397, 5470, 'Seluma Selatan', '2016-06-05 06:44:25', '0000-00-00 00:00:00'),
(5471, 397, 5471, 'Seluma Timur', '2016-06-05 06:44:25', '0000-00-00 00:00:00'),
(5472, 397, 5472, 'Seluma Utara', '2016-06-05 06:44:25', '0000-00-00 00:00:00'),
(5473, 397, 5473, 'Semidang Alas', '2016-06-05 06:44:25', '0000-00-00 00:00:00'),
(5474, 397, 5474, 'Semidang Alas Maras', '2016-06-05 06:44:25', '0000-00-00 00:00:00'),
(5475, 397, 5475, 'Sukaraja', '2016-06-05 06:44:25', '0000-00-00 00:00:00'),
(5476, 397, 5476, 'Talo', '2016-06-05 06:44:25', '0000-00-00 00:00:00'),
(5477, 397, 5477, 'Talo Kecil', '2016-06-05 06:44:25', '0000-00-00 00:00:00'),
(5478, 397, 5478, 'Ulu Talo', '2016-06-05 06:44:25', '0000-00-00 00:00:00'),
(5479, 398, 5479, 'Ambarawa', '2016-06-05 06:44:25', '0000-00-00 00:00:00'),
(5480, 398, 5480, 'Bancak', '2016-06-05 06:44:25', '0000-00-00 00:00:00'),
(5481, 398, 5481, 'Bandungan', '2016-06-05 06:44:25', '0000-00-00 00:00:00'),
(5482, 398, 5482, 'Banyubiru', '2016-06-05 06:44:25', '0000-00-00 00:00:00'),
(5483, 398, 5483, 'Bawen', '2016-06-05 06:44:25', '0000-00-00 00:00:00'),
(5484, 398, 5484, 'Bergas', '2016-06-05 06:44:25', '0000-00-00 00:00:00'),
(5485, 398, 5485, 'Bringin', '2016-06-05 06:44:25', '0000-00-00 00:00:00'),
(5486, 398, 5486, 'Getasan', '2016-06-05 06:44:25', '0000-00-00 00:00:00'),
(5487, 398, 5487, 'Jambu', '2016-06-05 06:44:25', '0000-00-00 00:00:00'),
(5488, 398, 5488, 'Kaliwungu', '2016-06-05 06:44:25', '0000-00-00 00:00:00'),
(5489, 398, 5489, 'Pabelan', '2016-06-05 06:44:25', '0000-00-00 00:00:00'),
(5490, 398, 5490, 'Pringapus', '2016-06-05 06:44:25', '0000-00-00 00:00:00'),
(5491, 398, 5491, 'Sumowono', '2016-06-05 06:44:25', '0000-00-00 00:00:00'),
(5492, 398, 5492, 'Suruh', '2016-06-05 06:44:25', '0000-00-00 00:00:00'),
(5493, 398, 5493, 'Susukan', '2016-06-05 06:44:25', '0000-00-00 00:00:00'),
(5494, 398, 5494, 'Tengaran', '2016-06-05 06:44:25', '0000-00-00 00:00:00'),
(5495, 398, 5495, 'Tuntang', '2016-06-05 06:44:25', '0000-00-00 00:00:00'),
(5496, 398, 5496, 'Ungaran Barat', '2016-06-05 06:44:25', '0000-00-00 00:00:00'),
(5497, 398, 5497, 'Ungaran Timur', '2016-06-05 06:44:25', '0000-00-00 00:00:00'),
(5498, 399, 5498, 'Banyumanik', '2016-06-05 06:44:25', '0000-00-00 00:00:00'),
(5499, 399, 5499, 'Candisari', '2016-06-05 06:44:25', '0000-00-00 00:00:00'),
(5500, 399, 5500, 'Gajah Mungkur', '2016-06-05 06:44:25', '0000-00-00 00:00:00'),
(5501, 399, 5501, 'Gayamsari', '2016-06-05 06:44:25', '0000-00-00 00:00:00'),
(5502, 399, 5502, 'Genuk', '2016-06-05 06:44:25', '0000-00-00 00:00:00'),
(5503, 399, 5503, 'Gunungpati', '2016-06-05 06:44:25', '0000-00-00 00:00:00'),
(5504, 399, 5504, 'Mijen', '2016-06-05 06:44:25', '0000-00-00 00:00:00'),
(5505, 399, 5505, 'Ngaliyan', '2016-06-05 06:44:25', '0000-00-00 00:00:00'),
(5506, 399, 5506, 'Pedurungan', '2016-06-05 06:44:25', '0000-00-00 00:00:00'),
(5507, 399, 5507, 'Semarang Barat', '2016-06-05 06:44:25', '0000-00-00 00:00:00'),
(5508, 399, 5508, 'Semarang Selatan', '2016-06-05 06:44:25', '0000-00-00 00:00:00'),
(5509, 399, 5509, 'Semarang Tengah', '2016-06-05 06:44:25', '0000-00-00 00:00:00'),
(5510, 399, 5510, 'Semarang Timur', '2016-06-05 06:44:25', '0000-00-00 00:00:00'),
(5511, 399, 5511, 'Semarang Utara', '2016-06-05 06:44:25', '0000-00-00 00:00:00'),
(5512, 399, 5512, 'Tembalang', '2016-06-05 06:44:25', '0000-00-00 00:00:00'),
(5513, 399, 5513, 'Tugu', '2016-06-05 06:44:25', '0000-00-00 00:00:00'),
(5514, 400, 5514, 'Amalatu', '2016-06-05 06:44:59', '0000-00-00 00:00:00'),
(5515, 400, 5515, 'Elpaputih', '2016-06-05 06:44:59', '0000-00-00 00:00:00'),
(5516, 400, 5516, 'Huamual', '2016-06-05 06:44:59', '0000-00-00 00:00:00'),
(5517, 400, 5517, 'Huamual Belakang (Waisala)', '2016-06-05 06:44:59', '0000-00-00 00:00:00'),
(5518, 400, 5518, 'Inamosol', '2016-06-05 06:44:59', '0000-00-00 00:00:00'),
(5519, 400, 5519, 'Kairatu', '2016-06-05 06:44:59', '0000-00-00 00:00:00'),
(5520, 400, 5520, 'Kairatu Barat', '2016-06-05 06:44:59', '0000-00-00 00:00:00'),
(5521, 400, 5521, 'Kepulauan Manipa', '2016-06-05 06:44:59', '0000-00-00 00:00:00'),
(5522, 400, 5522, 'Seram Barat', '2016-06-05 06:44:59', '0000-00-00 00:00:00'),
(5523, 400, 5523, 'Taniwel', '2016-06-05 06:44:59', '0000-00-00 00:00:00'),
(5524, 400, 5524, 'Taniwel Timur', '2016-06-05 06:44:59', '0000-00-00 00:00:00'),
(5525, 401, 5525, 'Bula', '2016-06-05 06:44:59', '0000-00-00 00:00:00'),
(5526, 401, 5526, 'Bula Barat', '2016-06-05 06:44:59', '0000-00-00 00:00:00'),
(5527, 401, 5527, 'Gorom Timur', '2016-06-05 06:44:59', '0000-00-00 00:00:00'),
(5528, 401, 5528, 'Kian Darat', '2016-06-05 06:44:59', '0000-00-00 00:00:00'),
(5529, 401, 5529, 'Kilmury', '2016-06-05 06:44:59', '0000-00-00 00:00:00'),
(5530, 401, 5530, 'Pulau Gorong (Gorom)', '2016-06-05 06:44:59', '0000-00-00 00:00:00'),
(5531, 401, 5531, 'Pulau Panjang', '2016-06-05 06:44:59', '0000-00-00 00:00:00'),
(5532, 401, 5532, 'Seram Timur', '2016-06-05 06:44:59', '0000-00-00 00:00:00'),
(5533, 401, 5533, 'Siritaun Wida Timur', '2016-06-05 06:44:59', '0000-00-00 00:00:00'),
(5534, 401, 5534, 'Siwalalat', '2016-06-05 06:44:59', '0000-00-00 00:00:00'),
(5535, 401, 5535, 'Teluk Waru', '2016-06-05 06:44:59', '0000-00-00 00:00:00'),
(5536, 401, 5536, 'Teor', '2016-06-05 06:44:59', '0000-00-00 00:00:00'),
(5537, 401, 5537, 'Tutuk Tolu', '2016-06-05 06:44:59', '0000-00-00 00:00:00'),
(5538, 401, 5538, 'Wakate', '2016-06-05 06:44:59', '0000-00-00 00:00:00'),
(5539, 401, 5539, 'Werinama', '2016-06-05 06:44:59', '0000-00-00 00:00:00'),
(5540, 402, 5540, 'Anyar', '2016-06-05 06:44:59', '0000-00-00 00:00:00'),
(5541, 402, 5541, 'Bandung', '2016-06-05 06:44:59', '0000-00-00 00:00:00'),
(5542, 402, 5542, 'Baros', '2016-06-05 06:44:59', '0000-00-00 00:00:00'),
(5543, 402, 5543, 'Binuang', '2016-06-05 06:44:59', '0000-00-00 00:00:00'),
(5544, 402, 5544, 'Bojonegara', '2016-06-05 06:44:59', '0000-00-00 00:00:00'),
(5545, 402, 5545, 'Carenang (Cerenang)', '2016-06-05 06:44:59', '0000-00-00 00:00:00'),
(5546, 402, 5546, 'Cikande', '2016-06-05 06:44:59', '0000-00-00 00:00:00'),
(5547, 402, 5547, 'Cikeusal', '2016-06-05 06:44:59', '0000-00-00 00:00:00'),
(5548, 402, 5548, 'Cinangka', '2016-06-05 06:44:59', '0000-00-00 00:00:00'),
(5549, 402, 5549, 'Ciomas', '2016-06-05 06:44:59', '0000-00-00 00:00:00'),
(5550, 402, 5550, 'Ciruas', '2016-06-05 06:44:59', '0000-00-00 00:00:00'),
(5551, 402, 5551, 'Gunungsari', '2016-06-05 06:44:59', '0000-00-00 00:00:00'),
(5552, 402, 5552, 'Jawilan', '2016-06-05 06:44:59', '0000-00-00 00:00:00'),
(5553, 402, 5553, 'Kibin', '2016-06-05 06:44:59', '0000-00-00 00:00:00'),
(5554, 402, 5554, 'Kopo', '2016-06-05 06:44:59', '0000-00-00 00:00:00'),
(5555, 402, 5555, 'Kragilan', '2016-06-05 06:44:59', '0000-00-00 00:00:00'),
(5556, 402, 5556, 'Kramatwatu', '2016-06-05 06:44:59', '0000-00-00 00:00:00'),
(5557, 402, 5557, 'Lebak Wangi', '2016-06-05 06:44:59', '0000-00-00 00:00:00'),
(5558, 402, 5558, 'Mancak', '2016-06-05 06:44:59', '0000-00-00 00:00:00'),
(5559, 402, 5559, 'Pabuaran', '2016-06-05 06:44:59', '0000-00-00 00:00:00'),
(5560, 402, 5560, 'Padarincang', '2016-06-05 06:44:59', '0000-00-00 00:00:00'),
(5561, 402, 5561, 'Pamarayan', '2016-06-05 06:44:59', '0000-00-00 00:00:00'),
(5562, 402, 5562, 'Petir', '2016-06-05 06:44:59', '0000-00-00 00:00:00'),
(5563, 402, 5563, 'Pontang', '2016-06-05 06:44:59', '0000-00-00 00:00:00'),
(5564, 402, 5564, 'Pulo Ampel', '2016-06-05 06:44:59', '0000-00-00 00:00:00'),
(5565, 402, 5565, 'Tanara', '2016-06-05 06:44:59', '0000-00-00 00:00:00'),
(5566, 402, 5566, 'Tirtayasa', '2016-06-05 06:44:59', '0000-00-00 00:00:00'),
(5567, 402, 5567, 'Tunjung Teja', '2016-06-05 06:44:59', '0000-00-00 00:00:00'),
(5568, 402, 5568, 'Waringin Kurung', '2016-06-05 06:44:59', '0000-00-00 00:00:00'),
(5569, 403, 5569, 'Cipocok Jaya', '2016-06-05 06:44:59', '0000-00-00 00:00:00'),
(5570, 403, 5570, 'Curug', '2016-06-05 06:44:59', '0000-00-00 00:00:00'),
(5571, 403, 5571, 'Kasemen', '2016-06-05 06:44:59', '0000-00-00 00:00:00'),
(5572, 403, 5572, 'Serang', '2016-06-05 06:44:59', '0000-00-00 00:00:00'),
(5573, 403, 5573, 'Taktakan', '2016-06-05 06:44:59', '0000-00-00 00:00:00'),
(5574, 403, 5574, 'Walantaka', '2016-06-05 06:44:59', '0000-00-00 00:00:00'),
(5575, 404, 5575, 'Bandar Khalifah', '2016-06-05 06:44:59', '0000-00-00 00:00:00'),
(5576, 404, 5576, 'Bintang Bayu', '2016-06-05 06:44:59', '0000-00-00 00:00:00'),
(5577, 404, 5577, 'Dolok Masihul', '2016-06-05 06:44:59', '0000-00-00 00:00:00'),
(5578, 404, 5578, 'Dolok Merawan', '2016-06-05 06:44:59', '0000-00-00 00:00:00'),
(5579, 404, 5579, 'Kotarih', '2016-06-05 06:44:59', '0000-00-00 00:00:00'),
(5580, 404, 5580, 'Pantai Cermin', '2016-06-05 06:44:59', '0000-00-00 00:00:00'),
(5581, 404, 5581, 'Pegajahan', '2016-06-05 06:44:59', '0000-00-00 00:00:00'),
(5582, 404, 5582, 'Perbaungan', '2016-06-05 06:44:59', '0000-00-00 00:00:00'),
(5583, 404, 5583, 'Sei Bamban', '2016-06-05 06:44:59', '0000-00-00 00:00:00'),
(5584, 404, 5584, 'Sei Rampah', '2016-06-05 06:44:59', '0000-00-00 00:00:00'),
(5585, 404, 5585, 'Serba Jadi', '2016-06-05 06:44:59', '0000-00-00 00:00:00'),
(5586, 404, 5586, 'Silinda', '2016-06-05 06:44:59', '0000-00-00 00:00:00'),
(5587, 404, 5587, 'Sipispis', '2016-06-05 06:44:59', '0000-00-00 00:00:00'),
(5588, 404, 5588, 'Tanjung Beringin', '2016-06-05 06:44:59', '0000-00-00 00:00:00'),
(5589, 404, 5589, 'Tebing Syahbandar', '2016-06-05 06:44:59', '0000-00-00 00:00:00'),
(5590, 404, 5590, 'Tebing Tinggi', '2016-06-05 06:44:59', '0000-00-00 00:00:00'),
(5591, 404, 5591, 'Teluk Mengkudu', '2016-06-05 06:44:59', '0000-00-00 00:00:00'),
(5592, 405, 5592, 'Batu Ampar', '2016-06-05 06:45:00', '0000-00-00 00:00:00'),
(5593, 405, 5593, 'Danau Seluluk', '2016-06-05 06:45:00', '0000-00-00 00:00:00'),
(5594, 405, 5594, 'Danau Sembuluh', '2016-06-05 06:45:00', '0000-00-00 00:00:00'),
(5595, 405, 5595, 'Hanau', '2016-06-05 06:45:00', '0000-00-00 00:00:00'),
(5596, 405, 5596, 'Seruyan Hilir', '2016-06-05 06:45:00', '0000-00-00 00:00:00'),
(5597, 405, 5597, 'Seruyan Hilir Timur', '2016-06-05 06:45:00', '0000-00-00 00:00:00'),
(5598, 405, 5598, 'Seruyan Hulu', '2016-06-05 06:45:00', '0000-00-00 00:00:00'),
(5599, 405, 5599, 'Seruyan Raya', '2016-06-05 06:45:00', '0000-00-00 00:00:00'),
(5600, 405, 5600, 'Seruyan Tengah', '2016-06-05 06:45:00', '0000-00-00 00:00:00'),
(5601, 405, 5601, 'Suling Tambun', '2016-06-05 06:45:00', '0000-00-00 00:00:00'),
(5602, 406, 5602, 'Bunga Raya', '2016-06-05 06:45:00', '0000-00-00 00:00:00'),
(5603, 406, 5603, 'Dayun', '2016-06-05 06:45:00', '0000-00-00 00:00:00'),
(5604, 406, 5604, 'Kandis', '2016-06-05 06:45:00', '0000-00-00 00:00:00'),
(5605, 406, 5605, 'Kerinci Kanan', '2016-06-05 06:45:00', '0000-00-00 00:00:00'),
(5606, 406, 5606, 'Koto Gasib', '2016-06-05 06:45:00', '0000-00-00 00:00:00'),
(5607, 406, 5607, 'Lubuk Dalam', '2016-06-05 06:45:00', '0000-00-00 00:00:00'),
(5608, 406, 5608, 'Mempura', '2016-06-05 06:45:00', '0000-00-00 00:00:00'),
(5609, 406, 5609, 'Minas', '2016-06-05 06:45:00', '0000-00-00 00:00:00'),
(5610, 406, 5610, 'Pusako', '2016-06-05 06:45:00', '0000-00-00 00:00:00'),
(5611, 406, 5611, 'Sabak Auh', '2016-06-05 06:45:00', '0000-00-00 00:00:00'),
(5612, 406, 5612, 'Siak', '2016-06-05 06:45:00', '0000-00-00 00:00:00'),
(5613, 406, 5613, 'Sungai Apit', '2016-06-05 06:45:00', '0000-00-00 00:00:00'),
(5614, 406, 5614, 'Sungai Mandau', '2016-06-05 06:45:00', '0000-00-00 00:00:00'),
(5615, 406, 5615, 'Tualang', '2016-06-05 06:45:00', '0000-00-00 00:00:00'),
(5616, 407, 5616, 'Sibolga Kota', '2016-06-05 06:45:00', '0000-00-00 00:00:00'),
(5617, 407, 5617, 'Sibolga Sambas', '2016-06-05 06:45:00', '0000-00-00 00:00:00'),
(5618, 407, 5618, 'Sibolga Selatan', '2016-06-05 06:45:00', '0000-00-00 00:00:00'),
(5619, 407, 5619, 'Sibolga Utara', '2016-06-05 06:45:00', '0000-00-00 00:00:00'),
(5620, 408, 5620, 'Baranti', '2016-06-05 06:45:00', '0000-00-00 00:00:00'),
(5621, 408, 5621, 'Dua Pitue', '2016-06-05 06:45:00', '0000-00-00 00:00:00'),
(5622, 408, 5622, 'Kulo', '2016-06-05 06:45:00', '0000-00-00 00:00:00'),
(5623, 408, 5623, 'Maritengngae', '2016-06-05 06:45:00', '0000-00-00 00:00:00'),
(5624, 408, 5624, 'Panca Lautan (Lautang)', '2016-06-05 06:45:00', '0000-00-00 00:00:00'),
(5625, 408, 5625, 'Panca Rijang', '2016-06-05 06:45:00', '0000-00-00 00:00:00'),
(5626, 408, 5626, 'Pitu Raise/Riase', '2016-06-05 06:45:00', '0000-00-00 00:00:00'),
(5627, 408, 5627, 'Pitu Riawa', '2016-06-05 06:45:00', '0000-00-00 00:00:00'),
(5628, 408, 5628, 'Tellu Limpoe', '2016-06-05 06:45:00', '0000-00-00 00:00:00'),
(5629, 408, 5629, 'Watang Pulu', '2016-06-05 06:45:00', '0000-00-00 00:00:00'),
(5630, 408, 5630, 'Wattang Sidenreng (Watang Sidenreng)', '2016-06-05 06:45:00', '0000-00-00 00:00:00'),
(5631, 409, 5631, 'Balongbendo', '2016-06-05 06:45:00', '0000-00-00 00:00:00'),
(5632, 409, 5632, 'Buduran', '2016-06-05 06:45:00', '0000-00-00 00:00:00'),
(5633, 409, 5633, 'Candi', '2016-06-05 06:45:00', '0000-00-00 00:00:00'),
(5634, 409, 5634, 'Gedangan', '2016-06-05 06:45:00', '0000-00-00 00:00:00'),
(5635, 409, 5635, 'Jabon', '2016-06-05 06:45:00', '0000-00-00 00:00:00'),
(5636, 409, 5636, 'Krembung', '2016-06-05 06:45:00', '0000-00-00 00:00:00'),
(5637, 409, 5637, 'Krian', '2016-06-05 06:45:00', '0000-00-00 00:00:00'),
(5638, 409, 5638, 'Porong', '2016-06-05 06:45:00', '0000-00-00 00:00:00'),
(5639, 409, 5639, 'Prambon', '2016-06-05 06:45:00', '0000-00-00 00:00:00'),
(5640, 409, 5640, 'Sedati', '2016-06-05 06:45:00', '0000-00-00 00:00:00'),
(5641, 409, 5641, 'Sidoarjo', '2016-06-05 06:45:00', '0000-00-00 00:00:00'),
(5642, 409, 5642, 'Sukodono', '2016-06-05 06:45:00', '0000-00-00 00:00:00'),
(5643, 409, 5643, 'Taman', '2016-06-05 06:45:00', '0000-00-00 00:00:00'),
(5644, 409, 5644, 'Tanggulangin', '2016-06-05 06:45:00', '0000-00-00 00:00:00'),
(5645, 409, 5645, 'Tarik', '2016-06-05 06:45:00', '0000-00-00 00:00:00'),
(5646, 409, 5646, 'Tulangan', '2016-06-05 06:45:00', '0000-00-00 00:00:00'),
(5647, 409, 5647, 'Waru', '2016-06-05 06:45:00', '0000-00-00 00:00:00'),
(5648, 409, 5648, 'Wonoayu', '2016-06-05 06:45:00', '0000-00-00 00:00:00'),
(5649, 410, 5649, 'Dolo', '2016-06-05 06:45:00', '0000-00-00 00:00:00'),
(5650, 410, 5650, 'Dolo Barat', '2016-06-05 06:45:00', '0000-00-00 00:00:00'),
(5651, 410, 5651, 'Dolo Selatan', '2016-06-05 06:45:00', '0000-00-00 00:00:00'),
(5652, 410, 5652, 'Gumbasa', '2016-06-05 06:45:00', '0000-00-00 00:00:00'),
(5653, 410, 5653, 'Kinovaru', '2016-06-05 06:45:00', '0000-00-00 00:00:00'),
(5654, 410, 5654, 'Kulawi', '2016-06-05 06:45:00', '0000-00-00 00:00:00'),
(5655, 410, 5655, 'Kulawi Selatan', '2016-06-05 06:45:00', '0000-00-00 00:00:00'),
(5656, 410, 5656, 'Lindu', '2016-06-05 06:45:00', '0000-00-00 00:00:00'),
(5657, 410, 5657, 'Marawola', '2016-06-05 06:45:00', '0000-00-00 00:00:00'),
(5658, 410, 5658, 'Marawola Barat', '2016-06-05 06:45:00', '0000-00-00 00:00:00'),
(5659, 410, 5659, 'Nokilalaki', '2016-06-05 06:45:00', '0000-00-00 00:00:00'),
(5660, 410, 5660, 'Palolo', '2016-06-05 06:45:00', '0000-00-00 00:00:00'),
(5661, 410, 5661, 'Pipikoro', '2016-06-05 06:45:00', '0000-00-00 00:00:00'),
(5662, 410, 5662, 'Sigi Biromaru', '2016-06-05 06:45:00', '0000-00-00 00:00:00'),
(5663, 410, 5663, 'Tanambulava', '2016-06-05 06:45:00', '0000-00-00 00:00:00'),
(5664, 411, 5664, 'IV Nagari', '2016-06-05 06:45:00', '0000-00-00 00:00:00'),
(5665, 411, 5665, 'Kamang Baru', '2016-06-05 06:45:00', '0000-00-00 00:00:00'),
(5666, 411, 5666, 'Koto VII', '2016-06-05 06:45:00', '0000-00-00 00:00:00'),
(5667, 411, 5667, 'Kupitan', '2016-06-05 06:45:00', '0000-00-00 00:00:00'),
(5668, 411, 5668, 'Lubuak Tarok', '2016-06-05 06:45:00', '0000-00-00 00:00:00'),
(5669, 411, 5669, 'Sijunjung', '2016-06-05 06:45:00', '0000-00-00 00:00:00'),
(5670, 411, 5670, 'Sumpur Kudus', '2016-06-05 06:45:00', '0000-00-00 00:00:00'),
(5671, 411, 5671, 'Tanjung Gadang', '2016-06-05 06:45:00', '0000-00-00 00:00:00'),
(5672, 412, 5672, 'Alok', '2016-06-05 06:45:00', '0000-00-00 00:00:00'),
(5673, 412, 5673, 'Alok Barat', '2016-06-05 06:45:00', '0000-00-00 00:00:00'),
(5674, 412, 5674, 'Alok Timur', '2016-06-05 06:45:00', '0000-00-00 00:00:00'),
(5675, 412, 5675, 'Bola', '2016-06-05 06:45:00', '0000-00-00 00:00:00'),
(5676, 412, 5676, 'Doreng', '2016-06-05 06:45:00', '0000-00-00 00:00:00'),
(5677, 412, 5677, 'Hewokloang', '2016-06-05 06:45:00', '0000-00-00 00:00:00'),
(5678, 412, 5678, 'Kangae', '2016-06-05 06:45:00', '0000-00-00 00:00:00'),
(5679, 412, 5679, 'Kewapante', '2016-06-05 06:45:00', '0000-00-00 00:00:00'),
(5680, 412, 5680, 'Koting', '2016-06-05 06:45:00', '0000-00-00 00:00:00'),
(5681, 412, 5681, 'Lela', '2016-06-05 06:45:00', '0000-00-00 00:00:00'),
(5682, 412, 5682, 'Magepanda', '2016-06-05 06:45:00', '0000-00-00 00:00:00'),
(5683, 412, 5683, 'Mapitara', '2016-06-05 06:45:00', '0000-00-00 00:00:00'),
(5684, 412, 5684, 'Mego', '2016-06-05 06:45:00', '0000-00-00 00:00:00'),
(5685, 412, 5685, 'Nelle (Maumerei)', '2016-06-05 06:45:00', '0000-00-00 00:00:00'),
(5686, 412, 5686, 'Nita', '2016-06-05 06:45:00', '0000-00-00 00:00:00'),
(5687, 412, 5687, 'Paga', '2016-06-05 06:45:00', '0000-00-00 00:00:00'),
(5688, 412, 5688, 'Palue', '2016-06-05 06:45:00', '0000-00-00 00:00:00'),
(5689, 412, 5689, 'Talibura', '2016-06-05 06:45:00', '0000-00-00 00:00:00'),
(5690, 412, 5690, 'Tana Wawo', '2016-06-05 06:45:00', '0000-00-00 00:00:00'),
(5691, 412, 5691, 'Waiblama', '2016-06-05 06:45:00', '0000-00-00 00:00:00'),
(5692, 412, 5692, 'Waigete', '2016-06-05 06:45:00', '0000-00-00 00:00:00'),
(5693, 413, 5693, 'Bandar', '2016-06-05 06:45:00', '0000-00-00 00:00:00'),
(5694, 413, 5694, 'Bandar Huluan', '2016-06-05 06:45:00', '0000-00-00 00:00:00'),
(5695, 413, 5695, 'Bandar Masilam', '2016-06-05 06:45:00', '0000-00-00 00:00:00'),
(5696, 413, 5696, 'Bosar Maligas', '2016-06-05 06:45:00', '0000-00-00 00:00:00'),
(5697, 413, 5697, 'Dolok Batu Nanggar', '2016-06-05 06:45:00', '0000-00-00 00:00:00'),
(5698, 413, 5698, 'Dolok Panribuan', '2016-06-05 06:45:00', '0000-00-00 00:00:00'),
(5699, 413, 5699, 'Dolok Pardamean', '2016-06-05 06:45:00', '0000-00-00 00:00:00'),
(5700, 413, 5700, 'Dolok Silau', '2016-06-05 06:45:00', '0000-00-00 00:00:00'),
(5701, 413, 5701, 'Girsang Sipangan Bolon', '2016-06-05 06:45:00', '0000-00-00 00:00:00'),
(5702, 413, 5702, 'Gunung Malela', '2016-06-05 06:45:00', '0000-00-00 00:00:00'),
(5703, 413, 5703, 'Gunung Maligas', '2016-06-05 06:45:00', '0000-00-00 00:00:00'),
(5704, 413, 5704, 'Haranggaol Horison', '2016-06-05 06:45:00', '0000-00-00 00:00:00'),
(5705, 413, 5705, 'Hatonduhan', '2016-06-05 06:45:00', '0000-00-00 00:00:00'),
(5706, 413, 5706, 'Huta Bayu Raja', '2016-06-05 06:45:00', '0000-00-00 00:00:00'),
(5707, 413, 5707, 'Jawa Maraja Bah Jambi', '2016-06-05 06:45:00', '0000-00-00 00:00:00'),
(5708, 413, 5708, 'Jorlang Hataran', '2016-06-05 06:45:00', '0000-00-00 00:00:00'),
(5709, 413, 5709, 'Panei', '2016-06-05 06:45:00', '0000-00-00 00:00:00'),
(5710, 413, 5710, 'Panombeian Panei', '2016-06-05 06:45:00', '0000-00-00 00:00:00'),
(5711, 413, 5711, 'Pematang Bandar', '2016-06-05 06:45:00', '0000-00-00 00:00:00'),
(5712, 413, 5712, 'Pematang Sidamanik', '2016-06-05 06:45:00', '0000-00-00 00:00:00'),
(5713, 413, 5713, 'Pematang Silima Huta', '2016-06-05 06:45:00', '0000-00-00 00:00:00'),
(5714, 413, 5714, 'Purba', '2016-06-05 06:45:00', '0000-00-00 00:00:00'),
(5715, 413, 5715, 'Raya', '2016-06-05 06:45:00', '0000-00-00 00:00:00'),
(5716, 413, 5716, 'Raya Kahean', '2016-06-05 06:45:00', '0000-00-00 00:00:00'),
(5717, 413, 5717, 'Siantar', '2016-06-05 06:45:00', '0000-00-00 00:00:00'),
(5718, 413, 5718, 'Sidamanik', '2016-06-05 06:45:00', '0000-00-00 00:00:00'),
(5719, 413, 5719, 'Silimakuta', '2016-06-05 06:45:00', '0000-00-00 00:00:00'),
(5720, 413, 5720, 'Silou Kahean', '2016-06-05 06:45:00', '0000-00-00 00:00:00'),
(5721, 413, 5721, 'Tanah Jawa', '2016-06-05 06:45:00', '0000-00-00 00:00:00'),
(5722, 413, 5722, 'Tapian Dolok', '2016-06-05 06:45:00', '0000-00-00 00:00:00'),
(5723, 413, 5723, 'Ujung Padang', '2016-06-05 06:45:00', '0000-00-00 00:00:00'),
(5724, 414, 5724, 'Alapan (Alafan)', '2016-06-05 06:45:00', '0000-00-00 00:00:00'),
(5725, 414, 5725, 'Salang', '2016-06-05 06:45:00', '0000-00-00 00:00:00'),
(5726, 414, 5726, 'Simeuleu Barat', '2016-06-05 06:45:00', '0000-00-00 00:00:00'),
(5727, 414, 5727, 'Simeuleu Tengah', '2016-06-05 06:45:00', '0000-00-00 00:00:00'),
(5728, 414, 5728, 'Simeuleu Timur', '2016-06-05 06:45:00', '0000-00-00 00:00:00'),
(5729, 414, 5729, 'Simeulue Cut', '2016-06-05 06:45:00', '0000-00-00 00:00:00'),
(5730, 414, 5730, 'Teluk Dalam', '2016-06-05 06:45:00', '0000-00-00 00:00:00'),
(5731, 414, 5731, 'Teupah Barat', '2016-06-05 06:45:00', '0000-00-00 00:00:00'),
(5732, 414, 5732, 'Teupah Selatan', '2016-06-05 06:45:00', '0000-00-00 00:00:00'),
(5733, 414, 5733, 'Teupah Tengah', '2016-06-05 06:45:00', '0000-00-00 00:00:00'),
(5734, 415, 5734, 'Singkawang Barat', '2016-06-05 06:45:00', '0000-00-00 00:00:00'),
(5735, 415, 5735, 'Singkawang Selatan', '2016-06-05 06:45:00', '0000-00-00 00:00:00'),
(5736, 415, 5736, 'Singkawang Tengah', '2016-06-05 06:45:00', '0000-00-00 00:00:00'),
(5737, 415, 5737, 'Singkawang Timur', '2016-06-05 06:45:00', '0000-00-00 00:00:00'),
(5738, 415, 5738, 'Singkawang Utara', '2016-06-05 06:45:00', '0000-00-00 00:00:00'),
(5739, 416, 5739, 'Bulupoddo', '2016-06-05 06:45:00', '0000-00-00 00:00:00'),
(5740, 416, 5740, 'Pulau Sembilan', '2016-06-05 06:45:00', '0000-00-00 00:00:00'),
(5741, 416, 5741, 'Sinjai Barat', '2016-06-05 06:45:00', '0000-00-00 00:00:00'),
(5742, 416, 5742, 'Sinjai Borong', '2016-06-05 06:45:00', '0000-00-00 00:00:00'),
(5743, 416, 5743, 'Sinjai Selatan', '2016-06-05 06:45:00', '0000-00-00 00:00:00'),
(5744, 416, 5744, 'Sinjai Tengah', '2016-06-05 06:45:00', '0000-00-00 00:00:00'),
(5745, 416, 5745, 'Sinjai Timur', '2016-06-05 06:45:00', '0000-00-00 00:00:00'),
(5746, 416, 5746, 'Sinjai Utara', '2016-06-05 06:45:00', '0000-00-00 00:00:00'),
(5747, 416, 5747, 'Tellu Limpoe', '2016-06-05 06:45:00', '0000-00-00 00:00:00'),
(5748, 417, 5748, 'Ambalau', '2016-06-05 06:45:01', '0000-00-00 00:00:00'),
(5749, 417, 5749, 'Binjai Hulu', '2016-06-05 06:45:01', '0000-00-00 00:00:00'),
(5750, 417, 5750, 'Dedai', '2016-06-05 06:45:01', '0000-00-00 00:00:00'),
(5751, 417, 5751, 'Kayan Hilir', '2016-06-05 06:45:01', '0000-00-00 00:00:00'),
(5752, 417, 5752, 'Kayan Hulu', '2016-06-05 06:45:01', '0000-00-00 00:00:00'),
(5753, 417, 5753, 'Kelam Permai', '2016-06-05 06:45:01', '0000-00-00 00:00:00'),
(5754, 417, 5754, 'Ketungau Hilir', '2016-06-05 06:45:01', '0000-00-00 00:00:00'),
(5755, 417, 5755, 'Ketungau Hulu', '2016-06-05 06:45:01', '0000-00-00 00:00:00'),
(5756, 417, 5756, 'Ketungau Tengah', '2016-06-05 06:45:01', '0000-00-00 00:00:00'),
(5757, 417, 5757, 'Sepauk', '2016-06-05 06:45:01', '0000-00-00 00:00:00'),
(5758, 417, 5758, 'Serawai (Nanga Serawai)', '2016-06-05 06:45:01', '0000-00-00 00:00:00'),
(5759, 417, 5759, 'Sintang', '2016-06-05 06:45:01', '0000-00-00 00:00:00'),
(5760, 417, 5760, 'Sungai Tebelian', '2016-06-05 06:45:01', '0000-00-00 00:00:00'),
(5761, 417, 5761, 'Tempunak', '2016-06-05 06:45:01', '0000-00-00 00:00:00'),
(5762, 418, 5762, 'Arjasa', '2016-06-05 06:45:01', '0000-00-00 00:00:00'),
(5763, 418, 5763, 'Asembagus', '2016-06-05 06:45:01', '0000-00-00 00:00:00'),
(5764, 418, 5764, 'Banyuglugur', '2016-06-05 06:45:01', '0000-00-00 00:00:00'),
(5765, 418, 5765, 'Banyuputih', '2016-06-05 06:45:01', '0000-00-00 00:00:00'),
(5766, 418, 5766, 'Besuki', '2016-06-05 06:45:01', '0000-00-00 00:00:00'),
(5767, 418, 5767, 'Bungatan', '2016-06-05 06:45:01', '0000-00-00 00:00:00'),
(5768, 418, 5768, 'Jangkar', '2016-06-05 06:45:01', '0000-00-00 00:00:00'),
(5769, 418, 5769, 'Jatibanteng', '2016-06-05 06:45:01', '0000-00-00 00:00:00'),
(5770, 418, 5770, 'Kapongan', '2016-06-05 06:45:01', '0000-00-00 00:00:00'),
(5771, 418, 5771, 'Kendit', '2016-06-05 06:45:01', '0000-00-00 00:00:00'),
(5772, 418, 5772, 'Mangaran', '2016-06-05 06:45:01', '0000-00-00 00:00:00'),
(5773, 418, 5773, 'Mlandingan', '2016-06-05 06:45:01', '0000-00-00 00:00:00'),
(5774, 418, 5774, 'Panarukan', '2016-06-05 06:45:01', '0000-00-00 00:00:00'),
(5775, 418, 5775, 'Panji', '2016-06-05 06:45:01', '0000-00-00 00:00:00'),
(5776, 418, 5776, 'Situbondo', '2016-06-05 06:45:01', '0000-00-00 00:00:00'),
(5777, 418, 5777, 'Suboh', '2016-06-05 06:45:01', '0000-00-00 00:00:00'),
(5778, 418, 5778, 'Sumbermalang', '2016-06-05 06:45:01', '0000-00-00 00:00:00'),
(5779, 419, 5779, 'Berbah', '2016-06-05 06:45:01', '0000-00-00 00:00:00'),
(5780, 419, 5780, 'Cangkringan', '2016-06-05 06:45:01', '0000-00-00 00:00:00'),
(5781, 419, 5781, 'Depok', '2016-06-05 06:45:01', '0000-00-00 00:00:00'),
(5782, 419, 5782, 'Gamping', '2016-06-05 06:45:01', '0000-00-00 00:00:00'),
(5783, 419, 5783, 'Godean', '2016-06-05 06:45:01', '0000-00-00 00:00:00'),
(5784, 419, 5784, 'Kalasan', '2016-06-05 06:45:01', '0000-00-00 00:00:00'),
(5785, 419, 5785, 'Minggir', '2016-06-05 06:45:01', '0000-00-00 00:00:00'),
(5786, 419, 5786, 'Mlati', '2016-06-05 06:45:01', '0000-00-00 00:00:00'),
(5787, 419, 5787, 'Moyudan', '2016-06-05 06:45:01', '0000-00-00 00:00:00'),
(5788, 419, 5788, 'Ngaglik', '2016-06-05 06:45:01', '0000-00-00 00:00:00'),
(5789, 419, 5789, 'Ngemplak', '2016-06-05 06:45:01', '0000-00-00 00:00:00'),
(5790, 419, 5790, 'Pakem', '2016-06-05 06:45:01', '0000-00-00 00:00:00'),
(5791, 419, 5791, 'Prambanan', '2016-06-05 06:45:01', '0000-00-00 00:00:00'),
(5792, 419, 5792, 'Seyegan', '2016-06-05 06:45:01', '0000-00-00 00:00:00'),
(5793, 419, 5793, 'Sleman', '2016-06-05 06:45:01', '0000-00-00 00:00:00'),
(5794, 419, 5794, 'Tempel', '2016-06-05 06:45:01', '0000-00-00 00:00:00'),
(5795, 419, 5795, 'Turi', '2016-06-05 06:45:01', '0000-00-00 00:00:00'),
(5796, 420, 5796, 'Bukit Sundi', '2016-06-05 06:45:01', '0000-00-00 00:00:00'),
(5797, 420, 5797, 'Danau Kembar', '2016-06-05 06:45:01', '0000-00-00 00:00:00'),
(5798, 420, 5798, 'Gunung Talang', '2016-06-05 06:45:01', '0000-00-00 00:00:00'),
(5799, 420, 5799, 'Hiliran Gumanti', '2016-06-05 06:45:01', '0000-00-00 00:00:00'),
(5800, 420, 5800, 'IX Koto Sei Lasi', '2016-06-05 06:45:01', '0000-00-00 00:00:00'),
(5801, 420, 5801, 'Junjung Sirih', '2016-06-05 06:45:01', '0000-00-00 00:00:00'),
(5802, 420, 5802, 'Kubung', '2016-06-05 06:45:01', '0000-00-00 00:00:00'),
(5803, 420, 5803, 'Lembah Gumanti', '2016-06-05 06:45:01', '0000-00-00 00:00:00'),
(5804, 420, 5804, 'Lembang Jaya', '2016-06-05 06:45:01', '0000-00-00 00:00:00'),
(5805, 420, 5805, 'Pantai Cermin', '2016-06-05 06:45:01', '0000-00-00 00:00:00'),
(5806, 420, 5806, 'Payung Sekaki', '2016-06-05 06:45:01', '0000-00-00 00:00:00'),
(5807, 420, 5807, 'Tigo Lurah', '2016-06-05 06:45:01', '0000-00-00 00:00:00'),
(5808, 420, 5808, 'X Koto Diatas', '2016-06-05 06:45:01', '0000-00-00 00:00:00'),
(5809, 420, 5809, 'X Koto Singkarak', '2016-06-05 06:45:01', '0000-00-00 00:00:00'),
(5810, 421, 5810, 'Lubuk Sikarah', '2016-06-05 06:45:01', '0000-00-00 00:00:00'),
(5811, 421, 5811, 'Tanjung Harapan', '2016-06-05 06:45:01', '0000-00-00 00:00:00'),
(5812, 422, 5812, 'Koto Parik Gadang Diateh', '2016-06-05 06:45:01', '0000-00-00 00:00:00'),
(5813, 422, 5813, 'Pauh Duo', '2016-06-05 06:45:01', '0000-00-00 00:00:00'),
(5814, 422, 5814, 'Sangir', '2016-06-05 06:45:01', '0000-00-00 00:00:00'),
(5815, 422, 5815, 'Sangir Balai Janggo', '2016-06-05 06:45:01', '0000-00-00 00:00:00'),
(5816, 422, 5816, 'Sangir Batang Hari', '2016-06-05 06:45:01', '0000-00-00 00:00:00'),
(5817, 422, 5817, 'Sangir Jujuan', '2016-06-05 06:45:01', '0000-00-00 00:00:00'),
(5818, 422, 5818, 'Sungai Pagu', '2016-06-05 06:45:01', '0000-00-00 00:00:00'),
(5819, 423, 5819, 'Citta', '2016-06-05 06:45:01', '0000-00-00 00:00:00'),
(5820, 423, 5820, 'Donri-Donri', '2016-06-05 06:45:01', '0000-00-00 00:00:00'),
(5821, 423, 5821, 'Ganra', '2016-06-05 06:45:01', '0000-00-00 00:00:00'),
(5822, 423, 5822, 'Lalabata', '2016-06-05 06:45:01', '0000-00-00 00:00:00'),
(5823, 423, 5823, 'Lili Rilau', '2016-06-05 06:45:01', '0000-00-00 00:00:00'),
(5824, 423, 5824, 'Liliraja (Lili Riaja)', '2016-06-05 06:45:01', '0000-00-00 00:00:00'),
(5825, 423, 5825, 'Mario Riawa', '2016-06-05 06:45:01', '0000-00-00 00:00:00'),
(5826, 423, 5826, 'Mario Riwawo', '2016-06-05 06:45:01', '0000-00-00 00:00:00'),
(5827, 424, 5827, 'Aimas', '2016-06-05 06:45:01', '0000-00-00 00:00:00'),
(5828, 424, 5828, 'Beraur', '2016-06-05 06:45:01', '0000-00-00 00:00:00'),
(5829, 424, 5829, 'Klabot', '2016-06-05 06:45:01', '0000-00-00 00:00:00'),
(5830, 424, 5830, 'Klamono', '2016-06-05 06:45:01', '0000-00-00 00:00:00'),
(5831, 424, 5831, 'Klaso', '2016-06-05 06:45:01', '0000-00-00 00:00:00'),
(5832, 424, 5832, 'Klawak', '2016-06-05 06:45:01', '0000-00-00 00:00:00'),
(5833, 424, 5833, 'Klayili', '2016-06-05 06:45:01', '0000-00-00 00:00:00'),
(5834, 424, 5834, 'Makbon', '2016-06-05 06:45:01', '0000-00-00 00:00:00'),
(5835, 424, 5835, 'Mariat', '2016-06-05 06:45:01', '0000-00-00 00:00:00'),
(5836, 424, 5836, 'Maudus', '2016-06-05 06:45:01', '0000-00-00 00:00:00'),
(5837, 424, 5837, 'Mayamuk', '2016-06-05 06:45:01', '0000-00-00 00:00:00'),
(5838, 424, 5838, 'Moisegen', '2016-06-05 06:45:01', '0000-00-00 00:00:00'),
(5839, 424, 5839, 'Salawati', '2016-06-05 06:45:01', '0000-00-00 00:00:00'),
(5840, 424, 5840, 'Salawati Selatan', '2016-06-05 06:45:01', '0000-00-00 00:00:00'),
(5841, 424, 5841, 'Sayosa', '2016-06-05 06:45:01', '0000-00-00 00:00:00'),
(5842, 424, 5842, 'Seget', '2016-06-05 06:45:01', '0000-00-00 00:00:00'),
(5843, 424, 5843, 'Segun', '2016-06-05 06:45:01', '0000-00-00 00:00:00'),
(5844, 425, 5844, 'Sorong', '2016-06-05 06:45:01', '0000-00-00 00:00:00'),
(5845, 425, 5845, 'Sorong Barat', '2016-06-05 06:45:01', '0000-00-00 00:00:00'),
(5846, 425, 5846, 'Sorong Kepulauan', '2016-06-05 06:45:01', '0000-00-00 00:00:00'),
(5847, 425, 5847, 'Sorong Manoi', '2016-06-05 06:45:01', '0000-00-00 00:00:00'),
(5848, 425, 5848, 'Sorong Timur', '2016-06-05 06:45:01', '0000-00-00 00:00:00'),
(5849, 425, 5849, 'Sorong Utara', '2016-06-05 06:45:01', '0000-00-00 00:00:00'),
(5850, 426, 5850, 'Fokour', '2016-06-05 06:45:01', '0000-00-00 00:00:00'),
(5851, 426, 5851, 'Inanwatan (Inawatan)', '2016-06-05 06:45:01', '0000-00-00 00:00:00'),
(5852, 426, 5852, 'Kais (Matemani Kais)', '2016-06-05 06:45:01', '0000-00-00 00:00:00'),
(5853, 426, 5853, 'Kokoda', '2016-06-05 06:45:01', '0000-00-00 00:00:00'),
(5854, 426, 5854, 'Kokoda Utara', '2016-06-05 06:45:01', '0000-00-00 00:00:00'),
(5855, 426, 5855, 'Konda', '2016-06-05 06:45:01', '0000-00-00 00:00:00'),
(5856, 426, 5856, 'Matemani', '2016-06-05 06:45:01', '0000-00-00 00:00:00'),
(5857, 426, 5857, 'Moswaren', '2016-06-05 06:45:01', '0000-00-00 00:00:00'),
(5858, 426, 5858, 'Saifi', '2016-06-05 06:45:01', '0000-00-00 00:00:00'),
(5859, 426, 5859, 'Sawiat', '2016-06-05 06:45:01', '0000-00-00 00:00:00'),
(5860, 426, 5860, 'Seremuk', '2016-06-05 06:45:01', '0000-00-00 00:00:00'),
(5861, 426, 5861, 'Teminabuan', '2016-06-05 06:45:01', '0000-00-00 00:00:00'),
(5862, 426, 5862, 'Wayer', '2016-06-05 06:45:01', '0000-00-00 00:00:00'),
(5863, 427, 5863, 'Gemolong', '2016-06-05 06:45:01', '0000-00-00 00:00:00'),
(5864, 427, 5864, 'Gesi', '2016-06-05 06:45:01', '0000-00-00 00:00:00'),
(5865, 427, 5865, 'Gondang', '2016-06-05 06:45:01', '0000-00-00 00:00:00');
INSERT INTO `bkm_sub_district` (`id`, `city_id`, `sub_district_id`, `name`, `created_at`, `updated_at`) VALUES
(5866, 427, 5866, 'Jenar', '2016-06-05 06:45:01', '0000-00-00 00:00:00'),
(5867, 427, 5867, 'Kalijambe', '2016-06-05 06:45:01', '0000-00-00 00:00:00'),
(5868, 427, 5868, 'Karangmalang', '2016-06-05 06:45:01', '0000-00-00 00:00:00'),
(5869, 427, 5869, 'Kedawung', '2016-06-05 06:45:01', '0000-00-00 00:00:00'),
(5870, 427, 5870, 'Masaran', '2016-06-05 06:45:01', '0000-00-00 00:00:00'),
(5871, 427, 5871, 'Miri', '2016-06-05 06:45:01', '0000-00-00 00:00:00'),
(5872, 427, 5872, 'Mondokan', '2016-06-05 06:45:01', '0000-00-00 00:00:00'),
(5873, 427, 5873, 'Ngrampal', '2016-06-05 06:45:01', '0000-00-00 00:00:00'),
(5874, 427, 5874, 'Plupuh', '2016-06-05 06:45:01', '0000-00-00 00:00:00'),
(5875, 427, 5875, 'Sambirejo', '2016-06-05 06:45:01', '0000-00-00 00:00:00'),
(5876, 427, 5876, 'Sambung Macan', '2016-06-05 06:45:01', '0000-00-00 00:00:00'),
(5877, 427, 5877, 'Sidoharjo', '2016-06-05 06:45:01', '0000-00-00 00:00:00'),
(5878, 427, 5878, 'Sragen', '2016-06-05 06:45:01', '0000-00-00 00:00:00'),
(5879, 427, 5879, 'Sukodono', '2016-06-05 06:45:01', '0000-00-00 00:00:00'),
(5880, 427, 5880, 'Sumberlawang', '2016-06-05 06:45:01', '0000-00-00 00:00:00'),
(5881, 427, 5881, 'Tangen', '2016-06-05 06:45:01', '0000-00-00 00:00:00'),
(5882, 427, 5882, 'Tanon', '2016-06-05 06:45:01', '0000-00-00 00:00:00'),
(5883, 428, 5883, 'Binong', '2016-06-05 06:45:01', '0000-00-00 00:00:00'),
(5884, 428, 5884, 'Blanakan', '2016-06-05 06:45:01', '0000-00-00 00:00:00'),
(5885, 428, 5885, 'Ciasem', '2016-06-05 06:45:01', '0000-00-00 00:00:00'),
(5886, 428, 5886, 'Ciater', '2016-06-05 06:45:01', '0000-00-00 00:00:00'),
(5887, 428, 5887, 'Cibogo', '2016-06-05 06:45:01', '0000-00-00 00:00:00'),
(5888, 428, 5888, 'Cijambe', '2016-06-05 06:45:01', '0000-00-00 00:00:00'),
(5889, 428, 5889, 'Cikaum', '2016-06-05 06:45:01', '0000-00-00 00:00:00'),
(5890, 428, 5890, 'Cipeundeuy', '2016-06-05 06:45:01', '0000-00-00 00:00:00'),
(5891, 428, 5891, 'Cipunagara', '2016-06-05 06:45:01', '0000-00-00 00:00:00'),
(5892, 428, 5892, 'Cisalak', '2016-06-05 06:45:01', '0000-00-00 00:00:00'),
(5893, 428, 5893, 'Compreng', '2016-06-05 06:45:01', '0000-00-00 00:00:00'),
(5894, 428, 5894, 'Dawuan', '2016-06-05 06:45:01', '0000-00-00 00:00:00'),
(5895, 428, 5895, 'Jalancagak', '2016-06-05 06:45:01', '0000-00-00 00:00:00'),
(5896, 428, 5896, 'Kalijati', '2016-06-05 06:45:01', '0000-00-00 00:00:00'),
(5897, 428, 5897, 'Kasomalang', '2016-06-05 06:45:01', '0000-00-00 00:00:00'),
(5898, 428, 5898, 'Legonkulon', '2016-06-05 06:45:01', '0000-00-00 00:00:00'),
(5899, 428, 5899, 'Pabuaran', '2016-06-05 06:45:01', '0000-00-00 00:00:00'),
(5900, 428, 5900, 'Pagaden', '2016-06-05 06:45:01', '0000-00-00 00:00:00'),
(5901, 428, 5901, 'Pagaden Barat', '2016-06-05 06:45:01', '0000-00-00 00:00:00'),
(5902, 428, 5902, 'Pamanukan', '2016-06-05 06:45:01', '0000-00-00 00:00:00'),
(5903, 428, 5903, 'Patokbeusi', '2016-06-05 06:45:01', '0000-00-00 00:00:00'),
(5904, 428, 5904, 'Purwadadi', '2016-06-05 06:45:01', '0000-00-00 00:00:00'),
(5905, 428, 5905, 'Pusakajaya', '2016-06-05 06:45:01', '0000-00-00 00:00:00'),
(5906, 428, 5906, 'Pusakanagara', '2016-06-05 06:45:01', '0000-00-00 00:00:00'),
(5907, 428, 5907, 'Sagalaherang', '2016-06-05 06:45:01', '0000-00-00 00:00:00'),
(5908, 428, 5908, 'Serangpanjang', '2016-06-05 06:45:01', '0000-00-00 00:00:00'),
(5909, 428, 5909, 'Subang', '2016-06-05 06:45:01', '0000-00-00 00:00:00'),
(5910, 428, 5910, 'Sukasari', '2016-06-05 06:45:01', '0000-00-00 00:00:00'),
(5911, 428, 5911, 'Tambakdahan', '2016-06-05 06:45:01', '0000-00-00 00:00:00'),
(5912, 428, 5912, 'Tanjungsiang', '2016-06-05 06:45:01', '0000-00-00 00:00:00'),
(5913, 429, 5913, 'Longkib', '2016-06-05 06:45:01', '0000-00-00 00:00:00'),
(5914, 429, 5914, 'Penanggalan', '2016-06-05 06:45:01', '0000-00-00 00:00:00'),
(5915, 429, 5915, 'Rundeng', '2016-06-05 06:45:01', '0000-00-00 00:00:00'),
(5916, 429, 5916, 'Simpang Kiri', '2016-06-05 06:45:01', '0000-00-00 00:00:00'),
(5917, 429, 5917, 'Sultan Daulat', '2016-06-05 06:45:01', '0000-00-00 00:00:00'),
(5918, 430, 5918, 'Bantargadung', '2016-06-05 06:45:02', '0000-00-00 00:00:00'),
(5919, 430, 5919, 'Bojong Genteng', '2016-06-05 06:45:02', '0000-00-00 00:00:00'),
(5920, 430, 5920, 'Caringin', '2016-06-05 06:45:02', '0000-00-00 00:00:00'),
(5921, 430, 5921, 'Ciambar', '2016-06-05 06:45:02', '0000-00-00 00:00:00'),
(5922, 430, 5922, 'Cibadak', '2016-06-05 06:45:02', '0000-00-00 00:00:00'),
(5923, 430, 5923, 'Cibitung', '2016-06-05 06:45:02', '0000-00-00 00:00:00'),
(5924, 430, 5924, 'Cicantayan', '2016-06-05 06:45:02', '0000-00-00 00:00:00'),
(5925, 430, 5925, 'Cicurug', '2016-06-05 06:45:02', '0000-00-00 00:00:00'),
(5926, 430, 5926, 'Cidadap', '2016-06-05 06:45:02', '0000-00-00 00:00:00'),
(5927, 430, 5927, 'Cidahu', '2016-06-05 06:45:02', '0000-00-00 00:00:00'),
(5928, 430, 5928, 'Cidolog', '2016-06-05 06:45:02', '0000-00-00 00:00:00'),
(5929, 430, 5929, 'Ciemas', '2016-06-05 06:45:02', '0000-00-00 00:00:00'),
(5930, 430, 5930, 'Cikakak', '2016-06-05 06:45:02', '0000-00-00 00:00:00'),
(5931, 430, 5931, 'Cikembar', '2016-06-05 06:45:02', '0000-00-00 00:00:00'),
(5932, 430, 5932, 'Cikidang', '2016-06-05 06:45:02', '0000-00-00 00:00:00'),
(5933, 430, 5933, 'Cimanggu', '2016-06-05 06:45:02', '0000-00-00 00:00:00'),
(5934, 430, 5934, 'Ciracap', '2016-06-05 06:45:02', '0000-00-00 00:00:00'),
(5935, 430, 5935, 'Cireunghas', '2016-06-05 06:45:02', '0000-00-00 00:00:00'),
(5936, 430, 5936, 'Cisaat', '2016-06-05 06:45:02', '0000-00-00 00:00:00'),
(5937, 430, 5937, 'Cisolok', '2016-06-05 06:45:02', '0000-00-00 00:00:00'),
(5938, 430, 5938, 'Curugkembar', '2016-06-05 06:45:02', '0000-00-00 00:00:00'),
(5939, 430, 5939, 'Geger Bitung', '2016-06-05 06:45:02', '0000-00-00 00:00:00'),
(5940, 430, 5940, 'Gunung Guruh', '2016-06-05 06:45:02', '0000-00-00 00:00:00'),
(5941, 430, 5941, 'Jampang Kulon', '2016-06-05 06:45:02', '0000-00-00 00:00:00'),
(5942, 430, 5942, 'Jampang Tengah', '2016-06-05 06:45:02', '0000-00-00 00:00:00'),
(5943, 430, 5943, 'Kabandungan', '2016-06-05 06:45:02', '0000-00-00 00:00:00'),
(5944, 430, 5944, 'Kadudampit', '2016-06-05 06:45:02', '0000-00-00 00:00:00'),
(5945, 430, 5945, 'Kalapa Nunggal', '2016-06-05 06:45:02', '0000-00-00 00:00:00'),
(5946, 430, 5946, 'Kali Bunder', '2016-06-05 06:45:02', '0000-00-00 00:00:00'),
(5947, 430, 5947, 'Kebonpedes', '2016-06-05 06:45:02', '0000-00-00 00:00:00'),
(5948, 430, 5948, 'Lengkong', '2016-06-05 06:45:02', '0000-00-00 00:00:00'),
(5949, 430, 5949, 'Nagrak', '2016-06-05 06:45:02', '0000-00-00 00:00:00'),
(5950, 430, 5950, 'Nyalindung', '2016-06-05 06:45:02', '0000-00-00 00:00:00'),
(5951, 430, 5951, 'Pabuaran', '2016-06-05 06:45:02', '0000-00-00 00:00:00'),
(5952, 430, 5952, 'Parakan Salak', '2016-06-05 06:45:02', '0000-00-00 00:00:00'),
(5953, 430, 5953, 'Parung Kuda', '2016-06-05 06:45:02', '0000-00-00 00:00:00'),
(5954, 430, 5954, 'Pelabuhan/Palabuhan Ratu', '2016-06-05 06:45:02', '0000-00-00 00:00:00'),
(5955, 430, 5955, 'Purabaya', '2016-06-05 06:45:02', '0000-00-00 00:00:00'),
(5956, 430, 5956, 'Sagaranten', '2016-06-05 06:45:02', '0000-00-00 00:00:00'),
(5957, 430, 5957, 'Simpenan', '2016-06-05 06:45:02', '0000-00-00 00:00:00'),
(5958, 430, 5958, 'Sukabumi', '2016-06-05 06:45:02', '0000-00-00 00:00:00'),
(5959, 430, 5959, 'Sukalarang', '2016-06-05 06:45:02', '0000-00-00 00:00:00'),
(5960, 430, 5960, 'Sukaraja', '2016-06-05 06:45:02', '0000-00-00 00:00:00'),
(5961, 430, 5961, 'Surade', '2016-06-05 06:45:02', '0000-00-00 00:00:00'),
(5962, 430, 5962, 'Tegal Buleud', '2016-06-05 06:45:02', '0000-00-00 00:00:00'),
(5963, 430, 5963, 'Waluran', '2016-06-05 06:45:02', '0000-00-00 00:00:00'),
(5964, 430, 5964, 'Warung Kiara', '2016-06-05 06:45:02', '0000-00-00 00:00:00'),
(5965, 431, 5965, 'Baros', '2016-06-05 06:45:02', '0000-00-00 00:00:00'),
(5966, 431, 5966, 'Cibeureum', '2016-06-05 06:45:02', '0000-00-00 00:00:00'),
(5967, 431, 5967, 'Cikole', '2016-06-05 06:45:02', '0000-00-00 00:00:00'),
(5968, 431, 5968, 'Citamiang', '2016-06-05 06:45:02', '0000-00-00 00:00:00'),
(5969, 431, 5969, 'Gunung Puyuh', '2016-06-05 06:45:02', '0000-00-00 00:00:00'),
(5970, 431, 5970, 'Lembursitu', '2016-06-05 06:45:02', '0000-00-00 00:00:00'),
(5971, 431, 5971, 'Warudoyong', '2016-06-05 06:45:02', '0000-00-00 00:00:00'),
(5972, 432, 5972, 'Balai Riam', '2016-06-05 06:45:02', '0000-00-00 00:00:00'),
(5973, 432, 5973, 'Jelai', '2016-06-05 06:45:02', '0000-00-00 00:00:00'),
(5974, 432, 5974, 'Pantai Lunci', '2016-06-05 06:45:02', '0000-00-00 00:00:00'),
(5975, 432, 5975, 'Permata Kecubung', '2016-06-05 06:45:02', '0000-00-00 00:00:00'),
(5976, 432, 5976, 'Sukamara', '2016-06-05 06:45:02', '0000-00-00 00:00:00'),
(5977, 433, 5977, 'Baki', '2016-06-05 06:45:02', '0000-00-00 00:00:00'),
(5978, 433, 5978, 'Bendosari', '2016-06-05 06:45:02', '0000-00-00 00:00:00'),
(5979, 433, 5979, 'Bulu', '2016-06-05 06:45:02', '0000-00-00 00:00:00'),
(5980, 433, 5980, 'Gatak', '2016-06-05 06:45:02', '0000-00-00 00:00:00'),
(5981, 433, 5981, 'Grogol', '2016-06-05 06:45:02', '0000-00-00 00:00:00'),
(5982, 433, 5982, 'Kartasura', '2016-06-05 06:45:02', '0000-00-00 00:00:00'),
(5983, 433, 5983, 'Mojolaban', '2016-06-05 06:45:02', '0000-00-00 00:00:00'),
(5984, 433, 5984, 'Nguter', '2016-06-05 06:45:02', '0000-00-00 00:00:00'),
(5985, 433, 5985, 'Polokarto', '2016-06-05 06:45:02', '0000-00-00 00:00:00'),
(5986, 433, 5986, 'Sukoharjo', '2016-06-05 06:45:02', '0000-00-00 00:00:00'),
(5987, 433, 5987, 'Tawangsari', '2016-06-05 06:45:02', '0000-00-00 00:00:00'),
(5988, 433, 5988, 'Weru', '2016-06-05 06:45:02', '0000-00-00 00:00:00'),
(5989, 434, 5989, 'Kota Waikabubak', '2016-06-05 06:45:02', '0000-00-00 00:00:00'),
(5990, 434, 5990, 'Lamboya', '2016-06-05 06:45:02', '0000-00-00 00:00:00'),
(5991, 434, 5991, 'Lamboya Barat', '2016-06-05 06:45:02', '0000-00-00 00:00:00'),
(5992, 434, 5992, 'Loli', '2016-06-05 06:45:02', '0000-00-00 00:00:00'),
(5993, 434, 5993, 'Tana Righu', '2016-06-05 06:45:02', '0000-00-00 00:00:00'),
(5994, 434, 5994, 'Wanokaka', '2016-06-05 06:45:02', '0000-00-00 00:00:00'),
(5995, 435, 5995, 'Kodi', '2016-06-05 06:45:02', '0000-00-00 00:00:00'),
(5996, 435, 5996, 'Kodi Balaghar', '2016-06-05 06:45:02', '0000-00-00 00:00:00'),
(5997, 435, 5997, 'Kodi Bangedo', '2016-06-05 06:45:02', '0000-00-00 00:00:00'),
(5998, 435, 5998, 'Kodi Utara', '2016-06-05 06:45:02', '0000-00-00 00:00:00'),
(5999, 435, 5999, 'Kota Tambolaka', '2016-06-05 06:45:02', '0000-00-00 00:00:00'),
(6000, 435, 6000, 'Loura (Laura)', '2016-06-05 06:45:02', '0000-00-00 00:00:00'),
(6001, 435, 6001, 'Wewewa Barat', '2016-06-05 06:45:02', '0000-00-00 00:00:00'),
(6002, 435, 6002, 'Wewewa Selatan', '2016-06-05 06:45:02', '0000-00-00 00:00:00'),
(6003, 435, 6003, 'Wewewa Tengah (Wewera Tengah)', '2016-06-05 06:45:02', '0000-00-00 00:00:00'),
(6004, 435, 6004, 'Wewewa Timur', '2016-06-05 06:45:02', '0000-00-00 00:00:00'),
(6005, 435, 6005, 'Wewewa Utara', '2016-06-05 06:45:02', '0000-00-00 00:00:00'),
(6006, 436, 6006, 'Katikutana', '2016-06-05 06:45:02', '0000-00-00 00:00:00'),
(6007, 436, 6007, 'Katikutana Selatan', '2016-06-05 06:45:02', '0000-00-00 00:00:00'),
(6008, 436, 6008, 'Mamboro', '2016-06-05 06:45:02', '0000-00-00 00:00:00'),
(6009, 436, 6009, 'Umbu Ratu Nggay', '2016-06-05 06:45:02', '0000-00-00 00:00:00'),
(6010, 436, 6010, 'Umbu Ratu Nggay Barat', '2016-06-05 06:45:02', '0000-00-00 00:00:00'),
(6011, 437, 6011, 'Haharu', '2016-06-05 06:45:02', '0000-00-00 00:00:00'),
(6012, 437, 6012, 'Kahaunguweti (Kahaungu Eti)', '2016-06-05 06:45:02', '0000-00-00 00:00:00'),
(6013, 437, 6013, 'Kambata Mapambuhang', '2016-06-05 06:45:02', '0000-00-00 00:00:00'),
(6014, 437, 6014, 'Kambera', '2016-06-05 06:45:02', '0000-00-00 00:00:00'),
(6015, 437, 6015, 'Kanatang', '2016-06-05 06:45:02', '0000-00-00 00:00:00'),
(6016, 437, 6016, 'Karera', '2016-06-05 06:45:02', '0000-00-00 00:00:00'),
(6017, 437, 6017, 'Katala Hamu Lingu', '2016-06-05 06:45:02', '0000-00-00 00:00:00'),
(6018, 437, 6018, 'Kota Waingapu', '2016-06-05 06:45:02', '0000-00-00 00:00:00'),
(6019, 437, 6019, 'Lewa', '2016-06-05 06:45:02', '0000-00-00 00:00:00'),
(6020, 437, 6020, 'Lewa Tidahu', '2016-06-05 06:45:02', '0000-00-00 00:00:00'),
(6021, 437, 6021, 'Mahu', '2016-06-05 06:45:02', '0000-00-00 00:00:00'),
(6022, 437, 6022, 'Matawai Lappau (La Pawu)', '2016-06-05 06:45:02', '0000-00-00 00:00:00'),
(6023, 437, 6023, 'Ngadu Ngala', '2016-06-05 06:45:02', '0000-00-00 00:00:00'),
(6024, 437, 6024, 'Nggaha Oriangu', '2016-06-05 06:45:02', '0000-00-00 00:00:00'),
(6025, 437, 6025, 'Paberiwai', '2016-06-05 06:45:02', '0000-00-00 00:00:00'),
(6026, 437, 6026, 'Pahunga Lodu', '2016-06-05 06:45:02', '0000-00-00 00:00:00'),
(6027, 437, 6027, 'Pandawai', '2016-06-05 06:45:02', '0000-00-00 00:00:00'),
(6028, 437, 6028, 'Pinupahar (Pirapahar)', '2016-06-05 06:45:02', '0000-00-00 00:00:00'),
(6029, 437, 6029, 'Rindi', '2016-06-05 06:45:02', '0000-00-00 00:00:00'),
(6030, 437, 6030, 'Tabundung', '2016-06-05 06:45:02', '0000-00-00 00:00:00'),
(6031, 437, 6031, 'Umalulu', '2016-06-05 06:45:02', '0000-00-00 00:00:00'),
(6032, 437, 6032, 'Wula Waijelu', '2016-06-05 06:45:02', '0000-00-00 00:00:00'),
(6033, 438, 6033, 'Alas', '2016-06-05 06:45:02', '0000-00-00 00:00:00'),
(6034, 438, 6034, 'Alas Barat', '2016-06-05 06:45:02', '0000-00-00 00:00:00'),
(6035, 438, 6035, 'Batulanteh', '2016-06-05 06:45:02', '0000-00-00 00:00:00'),
(6036, 438, 6036, 'Buer', '2016-06-05 06:45:02', '0000-00-00 00:00:00'),
(6037, 438, 6037, 'Empang', '2016-06-05 06:45:02', '0000-00-00 00:00:00'),
(6038, 438, 6038, 'Labangka', '2016-06-05 06:45:02', '0000-00-00 00:00:00'),
(6039, 438, 6039, 'Labuhan Badas', '2016-06-05 06:45:02', '0000-00-00 00:00:00'),
(6040, 438, 6040, 'Lantung', '2016-06-05 06:45:02', '0000-00-00 00:00:00'),
(6041, 438, 6041, 'Lape (Lape Lopok)', '2016-06-05 06:45:02', '0000-00-00 00:00:00'),
(6042, 438, 6042, 'Lenangguar', '2016-06-05 06:45:02', '0000-00-00 00:00:00'),
(6043, 438, 6043, 'Lopok', '2016-06-05 06:45:02', '0000-00-00 00:00:00'),
(6044, 438, 6044, 'Lunyuk', '2016-06-05 06:45:02', '0000-00-00 00:00:00'),
(6045, 438, 6045, 'Maronge', '2016-06-05 06:45:02', '0000-00-00 00:00:00'),
(6046, 438, 6046, 'Moyo Hilir', '2016-06-05 06:45:02', '0000-00-00 00:00:00'),
(6047, 438, 6047, 'Moyo Hulu', '2016-06-05 06:45:02', '0000-00-00 00:00:00'),
(6048, 438, 6048, 'Moyo Utara', '2016-06-05 06:45:02', '0000-00-00 00:00:00'),
(6049, 438, 6049, 'Orong Telu', '2016-06-05 06:45:02', '0000-00-00 00:00:00'),
(6050, 438, 6050, 'Plampang', '2016-06-05 06:45:02', '0000-00-00 00:00:00'),
(6051, 438, 6051, 'Rhee', '2016-06-05 06:45:02', '0000-00-00 00:00:00'),
(6052, 438, 6052, 'Ropang', '2016-06-05 06:45:02', '0000-00-00 00:00:00'),
(6053, 438, 6053, 'Sumbawa', '2016-06-05 06:45:02', '0000-00-00 00:00:00'),
(6054, 438, 6054, 'Tarano', '2016-06-05 06:45:02', '0000-00-00 00:00:00'),
(6055, 438, 6055, 'Unter Iwes (Unterwiris)', '2016-06-05 06:45:02', '0000-00-00 00:00:00'),
(6056, 438, 6056, 'Utan', '2016-06-05 06:45:02', '0000-00-00 00:00:00'),
(6057, 439, 6057, 'Brang Ene', '2016-06-05 06:45:02', '0000-00-00 00:00:00'),
(6058, 439, 6058, 'Brang Rea', '2016-06-05 06:45:02', '0000-00-00 00:00:00'),
(6059, 439, 6059, 'Jereweh', '2016-06-05 06:45:02', '0000-00-00 00:00:00'),
(6060, 439, 6060, 'Maluk', '2016-06-05 06:45:02', '0000-00-00 00:00:00'),
(6061, 439, 6061, 'Poto Tano', '2016-06-05 06:45:02', '0000-00-00 00:00:00'),
(6062, 439, 6062, 'Sateluk (Seteluk)', '2016-06-05 06:45:02', '0000-00-00 00:00:00'),
(6063, 439, 6063, 'Sekongkang', '2016-06-05 06:45:02', '0000-00-00 00:00:00'),
(6064, 439, 6064, 'Taliwang', '2016-06-05 06:45:02', '0000-00-00 00:00:00'),
(6065, 440, 6065, 'Buahdua', '2016-06-05 06:45:02', '0000-00-00 00:00:00'),
(6066, 440, 6066, 'Cibugel', '2016-06-05 06:45:02', '0000-00-00 00:00:00'),
(6067, 440, 6067, 'Cimalaka', '2016-06-05 06:45:02', '0000-00-00 00:00:00'),
(6068, 440, 6068, 'Cimanggung', '2016-06-05 06:45:02', '0000-00-00 00:00:00'),
(6069, 440, 6069, 'Cisarua', '2016-06-05 06:45:02', '0000-00-00 00:00:00'),
(6070, 440, 6070, 'Cisitu', '2016-06-05 06:45:02', '0000-00-00 00:00:00'),
(6071, 440, 6071, 'Conggeang', '2016-06-05 06:45:02', '0000-00-00 00:00:00'),
(6072, 440, 6072, 'Darmaraja', '2016-06-05 06:45:02', '0000-00-00 00:00:00'),
(6073, 440, 6073, 'Ganeas', '2016-06-05 06:45:02', '0000-00-00 00:00:00'),
(6074, 440, 6074, 'Jatigede', '2016-06-05 06:45:02', '0000-00-00 00:00:00'),
(6075, 440, 6075, 'Jatinangor', '2016-06-05 06:45:02', '0000-00-00 00:00:00'),
(6076, 440, 6076, 'Jatinunggal', '2016-06-05 06:45:02', '0000-00-00 00:00:00'),
(6077, 440, 6077, 'Pamulihan', '2016-06-05 06:45:02', '0000-00-00 00:00:00'),
(6078, 440, 6078, 'Paseh', '2016-06-05 06:45:02', '0000-00-00 00:00:00'),
(6079, 440, 6079, 'Rancakalong', '2016-06-05 06:45:02', '0000-00-00 00:00:00'),
(6080, 440, 6080, 'Situraja', '2016-06-05 06:45:02', '0000-00-00 00:00:00'),
(6081, 440, 6081, 'Sukasari', '2016-06-05 06:45:02', '0000-00-00 00:00:00'),
(6082, 440, 6082, 'Sumedang Selatan', '2016-06-05 06:45:02', '0000-00-00 00:00:00'),
(6083, 440, 6083, 'Sumedang Utara', '2016-06-05 06:45:02', '0000-00-00 00:00:00'),
(6084, 440, 6084, 'Surian', '2016-06-05 06:45:02', '0000-00-00 00:00:00'),
(6085, 440, 6085, 'Tanjungkerta', '2016-06-05 06:45:02', '0000-00-00 00:00:00'),
(6086, 440, 6086, 'Tanjungmedar', '2016-06-05 06:45:02', '0000-00-00 00:00:00'),
(6087, 440, 6087, 'Tanjungsari', '2016-06-05 06:45:02', '0000-00-00 00:00:00'),
(6088, 440, 6088, 'Tomo', '2016-06-05 06:45:02', '0000-00-00 00:00:00'),
(6089, 440, 6089, 'Ujungjaya', '2016-06-05 06:45:02', '0000-00-00 00:00:00'),
(6090, 440, 6090, 'Wado', '2016-06-05 06:45:02', '0000-00-00 00:00:00'),
(6091, 441, 6091, 'Ambunten', '2016-06-05 06:45:02', '0000-00-00 00:00:00'),
(6092, 441, 6092, 'Arjasa', '2016-06-05 06:45:02', '0000-00-00 00:00:00'),
(6093, 441, 6093, 'Batang Batang', '2016-06-05 06:45:02', '0000-00-00 00:00:00'),
(6094, 441, 6094, 'Batuan', '2016-06-05 06:45:02', '0000-00-00 00:00:00'),
(6095, 441, 6095, 'Batuputih', '2016-06-05 06:45:02', '0000-00-00 00:00:00'),
(6096, 441, 6096, 'Bluto', '2016-06-05 06:45:02', '0000-00-00 00:00:00'),
(6097, 441, 6097, 'Dasuk', '2016-06-05 06:45:02', '0000-00-00 00:00:00'),
(6098, 441, 6098, 'Dungkek', '2016-06-05 06:45:02', '0000-00-00 00:00:00'),
(6099, 441, 6099, 'Ganding', '2016-06-05 06:45:02', '0000-00-00 00:00:00'),
(6100, 441, 6100, 'Gapura', '2016-06-05 06:45:02', '0000-00-00 00:00:00'),
(6101, 441, 6101, 'Gayam', '2016-06-05 06:45:02', '0000-00-00 00:00:00'),
(6102, 441, 6102, 'Gili Ginting (Giligenteng)', '2016-06-05 06:45:02', '0000-00-00 00:00:00'),
(6103, 441, 6103, 'Guluk Guluk', '2016-06-05 06:45:02', '0000-00-00 00:00:00'),
(6104, 441, 6104, 'Kalianget', '2016-06-05 06:45:02', '0000-00-00 00:00:00'),
(6105, 441, 6105, 'Kangayan', '2016-06-05 06:45:02', '0000-00-00 00:00:00'),
(6106, 441, 6106, 'Kota Sumenep', '2016-06-05 06:45:02', '0000-00-00 00:00:00'),
(6107, 441, 6107, 'Lenteng', '2016-06-05 06:45:02', '0000-00-00 00:00:00'),
(6108, 441, 6108, 'Manding', '2016-06-05 06:45:02', '0000-00-00 00:00:00'),
(6109, 441, 6109, 'Masalembu', '2016-06-05 06:45:02', '0000-00-00 00:00:00'),
(6110, 441, 6110, 'Nonggunong', '2016-06-05 06:45:02', '0000-00-00 00:00:00'),
(6111, 441, 6111, 'Pasongsongan', '2016-06-05 06:45:02', '0000-00-00 00:00:00'),
(6112, 441, 6112, 'Pragaan', '2016-06-05 06:45:02', '0000-00-00 00:00:00'),
(6113, 441, 6113, 'Ra''as (Raas)', '2016-06-05 06:45:02', '0000-00-00 00:00:00'),
(6114, 441, 6114, 'Rubaru', '2016-06-05 06:45:02', '0000-00-00 00:00:00'),
(6115, 441, 6115, 'Sapeken', '2016-06-05 06:45:02', '0000-00-00 00:00:00'),
(6116, 441, 6116, 'Saronggi', '2016-06-05 06:45:02', '0000-00-00 00:00:00'),
(6117, 441, 6117, 'Talango', '2016-06-05 06:45:02', '0000-00-00 00:00:00'),
(6118, 442, 6118, 'Hamparan Rawang', '2016-06-05 06:45:02', '0000-00-00 00:00:00'),
(6119, 442, 6119, 'Koto Baru', '2016-06-05 06:45:02', '0000-00-00 00:00:00'),
(6120, 442, 6120, 'Kumun Debai', '2016-06-05 06:45:02', '0000-00-00 00:00:00'),
(6121, 442, 6121, 'Pesisir Bukit', '2016-06-05 06:45:02', '0000-00-00 00:00:00'),
(6122, 442, 6122, 'Pondok Tinggi', '2016-06-05 06:45:02', '0000-00-00 00:00:00'),
(6123, 442, 6123, 'Sungai Bungkal', '2016-06-05 06:45:02', '0000-00-00 00:00:00'),
(6124, 442, 6124, 'Sungai Penuh', '2016-06-05 06:45:02', '0000-00-00 00:00:00'),
(6125, 442, 6125, 'Tanah Kampung', '2016-06-05 06:45:02', '0000-00-00 00:00:00'),
(6126, 443, 6126, 'Kepulauan Aruri', '2016-06-05 06:45:03', '0000-00-00 00:00:00'),
(6127, 443, 6127, 'Supiori Barat', '2016-06-05 06:45:03', '0000-00-00 00:00:00'),
(6128, 443, 6128, 'Supiori Selatan', '2016-06-05 06:45:03', '0000-00-00 00:00:00'),
(6129, 443, 6129, 'Supiori Timur', '2016-06-05 06:45:03', '0000-00-00 00:00:00'),
(6130, 443, 6130, 'Supiori Utara', '2016-06-05 06:45:03', '0000-00-00 00:00:00'),
(6131, 444, 6131, 'Asemrowo', '2016-06-05 06:45:03', '0000-00-00 00:00:00'),
(6132, 444, 6132, 'Benowo', '2016-06-05 06:45:03', '0000-00-00 00:00:00'),
(6133, 444, 6133, 'Bubutan', '2016-06-05 06:45:03', '0000-00-00 00:00:00'),
(6134, 444, 6134, 'Bulak', '2016-06-05 06:45:03', '0000-00-00 00:00:00'),
(6135, 444, 6135, 'Dukuh Pakis', '2016-06-05 06:45:03', '0000-00-00 00:00:00'),
(6136, 444, 6136, 'Gayungan', '2016-06-05 06:45:03', '0000-00-00 00:00:00'),
(6137, 444, 6137, 'Genteng', '2016-06-05 06:45:03', '0000-00-00 00:00:00'),
(6138, 444, 6138, 'Gubeng', '2016-06-05 06:45:03', '0000-00-00 00:00:00'),
(6139, 444, 6139, 'Gununganyar', '2016-06-05 06:45:03', '0000-00-00 00:00:00'),
(6140, 444, 6140, 'Jambangan', '2016-06-05 06:45:03', '0000-00-00 00:00:00'),
(6141, 444, 6141, 'Karangpilang', '2016-06-05 06:45:03', '0000-00-00 00:00:00'),
(6142, 444, 6142, 'Kenjeran', '2016-06-05 06:45:03', '0000-00-00 00:00:00'),
(6143, 444, 6143, 'Krembangan', '2016-06-05 06:45:03', '0000-00-00 00:00:00'),
(6144, 444, 6144, 'Lakar Santri', '2016-06-05 06:45:03', '0000-00-00 00:00:00'),
(6145, 444, 6145, 'Mulyorejo', '2016-06-05 06:45:03', '0000-00-00 00:00:00'),
(6146, 444, 6146, 'Pabean Cantikan', '2016-06-05 06:45:03', '0000-00-00 00:00:00'),
(6147, 444, 6147, 'Pakal', '2016-06-05 06:45:03', '0000-00-00 00:00:00'),
(6148, 444, 6148, 'Rungkut', '2016-06-05 06:45:03', '0000-00-00 00:00:00'),
(6149, 444, 6149, 'Sambikerep', '2016-06-05 06:45:03', '0000-00-00 00:00:00'),
(6150, 444, 6150, 'Sawahan', '2016-06-05 06:45:03', '0000-00-00 00:00:00'),
(6151, 444, 6151, 'Semampir', '2016-06-05 06:45:03', '0000-00-00 00:00:00'),
(6152, 444, 6152, 'Simokerto', '2016-06-05 06:45:03', '0000-00-00 00:00:00'),
(6153, 444, 6153, 'Sukolilo', '2016-06-05 06:45:03', '0000-00-00 00:00:00'),
(6154, 444, 6154, 'Sukomanunggal', '2016-06-05 06:45:03', '0000-00-00 00:00:00'),
(6155, 444, 6155, 'Tambaksari', '2016-06-05 06:45:03', '0000-00-00 00:00:00'),
(6156, 444, 6156, 'Tandes', '2016-06-05 06:45:03', '0000-00-00 00:00:00'),
(6157, 444, 6157, 'Tegalsari', '2016-06-05 06:45:03', '0000-00-00 00:00:00'),
(6158, 444, 6158, 'Tenggilis Mejoyo', '2016-06-05 06:45:03', '0000-00-00 00:00:00'),
(6159, 444, 6159, 'Wiyung', '2016-06-05 06:45:03', '0000-00-00 00:00:00'),
(6160, 444, 6160, 'Wonocolo', '2016-06-05 06:45:03', '0000-00-00 00:00:00'),
(6161, 444, 6161, 'Wonokromo', '2016-06-05 06:45:03', '0000-00-00 00:00:00'),
(6162, 445, 6162, 'Banjarsari', '2016-06-05 06:45:03', '0000-00-00 00:00:00'),
(6163, 445, 6163, 'Jebres', '2016-06-05 06:45:03', '0000-00-00 00:00:00'),
(6164, 445, 6164, 'Laweyan', '2016-06-05 06:45:03', '0000-00-00 00:00:00'),
(6165, 445, 6165, 'Pasar Kliwon', '2016-06-05 06:45:03', '0000-00-00 00:00:00'),
(6166, 445, 6166, 'Serengan', '2016-06-05 06:45:03', '0000-00-00 00:00:00'),
(6167, 446, 6167, 'Banua Lawas', '2016-06-05 06:45:03', '0000-00-00 00:00:00'),
(6168, 446, 6168, 'Bintang Ara', '2016-06-05 06:45:03', '0000-00-00 00:00:00'),
(6169, 446, 6169, 'Haruai', '2016-06-05 06:45:03', '0000-00-00 00:00:00'),
(6170, 446, 6170, 'Jaro', '2016-06-05 06:45:03', '0000-00-00 00:00:00'),
(6171, 446, 6171, 'Kelua (Klua)', '2016-06-05 06:45:03', '0000-00-00 00:00:00'),
(6172, 446, 6172, 'Muara Harus', '2016-06-05 06:45:03', '0000-00-00 00:00:00'),
(6173, 446, 6173, 'Muara Uya', '2016-06-05 06:45:03', '0000-00-00 00:00:00'),
(6174, 446, 6174, 'Murung Pudak', '2016-06-05 06:45:03', '0000-00-00 00:00:00'),
(6175, 446, 6175, 'Pugaan', '2016-06-05 06:45:03', '0000-00-00 00:00:00'),
(6176, 446, 6176, 'Tanjung', '2016-06-05 06:45:03', '0000-00-00 00:00:00'),
(6177, 446, 6177, 'Tanta', '2016-06-05 06:45:03', '0000-00-00 00:00:00'),
(6178, 446, 6178, 'Upau', '2016-06-05 06:45:03', '0000-00-00 00:00:00'),
(6179, 447, 6179, 'Baturiti', '2016-06-05 06:45:03', '0000-00-00 00:00:00'),
(6180, 447, 6180, 'Kediri', '2016-06-05 06:45:03', '0000-00-00 00:00:00'),
(6181, 447, 6181, 'Kerambitan', '2016-06-05 06:45:03', '0000-00-00 00:00:00'),
(6182, 447, 6182, 'Marga', '2016-06-05 06:45:03', '0000-00-00 00:00:00'),
(6183, 447, 6183, 'Penebel', '2016-06-05 06:45:03', '0000-00-00 00:00:00'),
(6184, 447, 6184, 'Pupuan', '2016-06-05 06:45:03', '0000-00-00 00:00:00'),
(6185, 447, 6185, 'Selemadeg', '2016-06-05 06:45:03', '0000-00-00 00:00:00'),
(6186, 447, 6186, 'Selemadeg / Salamadeg Timur', '2016-06-05 06:45:03', '0000-00-00 00:00:00'),
(6187, 447, 6187, 'Selemadeg / Salemadeg Barat', '2016-06-05 06:45:03', '0000-00-00 00:00:00'),
(6188, 447, 6188, 'Tabanan', '2016-06-05 06:45:03', '0000-00-00 00:00:00'),
(6189, 448, 6189, 'Galesong', '2016-06-05 06:45:03', '0000-00-00 00:00:00'),
(6190, 448, 6190, 'Galesong Selatan', '2016-06-05 06:45:03', '0000-00-00 00:00:00'),
(6191, 448, 6191, 'Galesong Utara', '2016-06-05 06:45:03', '0000-00-00 00:00:00'),
(6192, 448, 6192, 'Mangara Bombang', '2016-06-05 06:45:03', '0000-00-00 00:00:00'),
(6193, 448, 6193, 'Mappakasunggu', '2016-06-05 06:45:03', '0000-00-00 00:00:00'),
(6194, 448, 6194, 'Patallassang', '2016-06-05 06:45:03', '0000-00-00 00:00:00'),
(6195, 448, 6195, 'Polombangkeng Selatan (Polobangkeng)', '2016-06-05 06:45:03', '0000-00-00 00:00:00'),
(6196, 448, 6196, 'Polombangkeng Utara (Polobangkeng)', '2016-06-05 06:45:03', '0000-00-00 00:00:00'),
(6197, 448, 6197, 'Sanrobone', '2016-06-05 06:45:03', '0000-00-00 00:00:00'),
(6198, 449, 6198, 'Abun', '2016-06-05 06:45:03', '0000-00-00 00:00:00'),
(6199, 449, 6199, 'Amberbaken', '2016-06-05 06:45:03', '0000-00-00 00:00:00'),
(6200, 449, 6200, 'Fef (Peef)', '2016-06-05 06:45:03', '0000-00-00 00:00:00'),
(6201, 449, 6201, 'Kebar', '2016-06-05 06:45:03', '0000-00-00 00:00:00'),
(6202, 449, 6202, 'Kwoor', '2016-06-05 06:45:03', '0000-00-00 00:00:00'),
(6203, 449, 6203, 'Miyah (Meyah)', '2016-06-05 06:45:03', '0000-00-00 00:00:00'),
(6204, 449, 6204, 'Moraid', '2016-06-05 06:45:03', '0000-00-00 00:00:00'),
(6205, 449, 6205, 'Mubrani', '2016-06-05 06:45:03', '0000-00-00 00:00:00'),
(6206, 449, 6206, 'Sausapor', '2016-06-05 06:45:03', '0000-00-00 00:00:00'),
(6207, 449, 6207, 'Senopi', '2016-06-05 06:45:03', '0000-00-00 00:00:00'),
(6208, 449, 6208, 'Syujak', '2016-06-05 06:45:03', '0000-00-00 00:00:00'),
(6209, 449, 6209, 'Yembun', '2016-06-05 06:45:03', '0000-00-00 00:00:00'),
(6210, 450, 6210, 'Betayau', '2016-06-05 06:45:03', '0000-00-00 00:00:00'),
(6211, 450, 6211, 'Sesayap', '2016-06-05 06:45:03', '0000-00-00 00:00:00'),
(6212, 450, 6212, 'Sesayap Hilir', '2016-06-05 06:45:03', '0000-00-00 00:00:00'),
(6213, 450, 6213, 'Tana Lia (Tanah Lia)', '2016-06-05 06:45:03', '0000-00-00 00:00:00'),
(6214, 451, 6214, 'Bittuang', '2016-06-05 06:45:03', '0000-00-00 00:00:00'),
(6215, 451, 6215, 'Bonggakaradeng', '2016-06-05 06:45:03', '0000-00-00 00:00:00'),
(6216, 451, 6216, 'Gandang Batu Sillanan', '2016-06-05 06:45:03', '0000-00-00 00:00:00'),
(6217, 451, 6217, 'Kurra', '2016-06-05 06:45:03', '0000-00-00 00:00:00'),
(6218, 451, 6218, 'Makale', '2016-06-05 06:45:03', '0000-00-00 00:00:00'),
(6219, 451, 6219, 'Makale Selatan', '2016-06-05 06:45:03', '0000-00-00 00:00:00'),
(6220, 451, 6220, 'Makale Utara', '2016-06-05 06:45:03', '0000-00-00 00:00:00'),
(6221, 451, 6221, 'Malimbong Balepe', '2016-06-05 06:45:03', '0000-00-00 00:00:00'),
(6222, 451, 6222, 'Mappak', '2016-06-05 06:45:03', '0000-00-00 00:00:00'),
(6223, 451, 6223, 'Masanda', '2016-06-05 06:45:03', '0000-00-00 00:00:00'),
(6224, 451, 6224, 'Mengkendek', '2016-06-05 06:45:03', '0000-00-00 00:00:00'),
(6225, 451, 6225, 'Rano', '2016-06-05 06:45:03', '0000-00-00 00:00:00'),
(6226, 451, 6226, 'Rantetayo', '2016-06-05 06:45:03', '0000-00-00 00:00:00'),
(6227, 451, 6227, 'Rembon', '2016-06-05 06:45:03', '0000-00-00 00:00:00'),
(6228, 451, 6228, 'Saluputti', '2016-06-05 06:45:03', '0000-00-00 00:00:00'),
(6229, 451, 6229, 'Sangalla (Sanggala)', '2016-06-05 06:45:03', '0000-00-00 00:00:00'),
(6230, 451, 6230, 'Sangalla Selatan', '2016-06-05 06:45:03', '0000-00-00 00:00:00'),
(6231, 451, 6231, 'Sangalla Utara', '2016-06-05 06:45:03', '0000-00-00 00:00:00'),
(6232, 451, 6232, 'Simbuang', '2016-06-05 06:45:03', '0000-00-00 00:00:00'),
(6233, 452, 6233, 'Angsana', '2016-06-05 06:45:03', '0000-00-00 00:00:00'),
(6234, 452, 6234, 'Batulicin', '2016-06-05 06:45:03', '0000-00-00 00:00:00'),
(6235, 452, 6235, 'Karang Bintang', '2016-06-05 06:45:03', '0000-00-00 00:00:00'),
(6236, 452, 6236, 'Kuranji', '2016-06-05 06:45:03', '0000-00-00 00:00:00'),
(6237, 452, 6237, 'Kusan Hilir', '2016-06-05 06:45:03', '0000-00-00 00:00:00'),
(6238, 452, 6238, 'Kusan Hulu', '2016-06-05 06:45:03', '0000-00-00 00:00:00'),
(6239, 452, 6239, 'Mantewe', '2016-06-05 06:45:03', '0000-00-00 00:00:00'),
(6240, 452, 6240, 'Satui', '2016-06-05 06:45:03', '0000-00-00 00:00:00'),
(6241, 452, 6241, 'Simpang Empat', '2016-06-05 06:45:03', '0000-00-00 00:00:00'),
(6242, 452, 6242, 'Sungai Loban', '2016-06-05 06:45:03', '0000-00-00 00:00:00'),
(6243, 453, 6243, 'Batipuh', '2016-06-05 06:45:03', '0000-00-00 00:00:00'),
(6244, 453, 6244, 'Batipuh Selatan', '2016-06-05 06:45:03', '0000-00-00 00:00:00'),
(6245, 453, 6245, 'Lima Kaum', '2016-06-05 06:45:03', '0000-00-00 00:00:00'),
(6246, 453, 6246, 'Lintau Buo', '2016-06-05 06:45:03', '0000-00-00 00:00:00'),
(6247, 453, 6247, 'Lintau Buo Utara', '2016-06-05 06:45:03', '0000-00-00 00:00:00'),
(6248, 453, 6248, 'Padang Ganting', '2016-06-05 06:45:03', '0000-00-00 00:00:00'),
(6249, 453, 6249, 'Pariangan', '2016-06-05 06:45:03', '0000-00-00 00:00:00'),
(6250, 453, 6250, 'Rambatan', '2016-06-05 06:45:03', '0000-00-00 00:00:00'),
(6251, 453, 6251, 'Salimpaung', '2016-06-05 06:45:03', '0000-00-00 00:00:00'),
(6252, 453, 6252, 'Sepuluh Koto (X Koto)', '2016-06-05 06:45:03', '0000-00-00 00:00:00'),
(6253, 453, 6253, 'Sungai Tarab', '2016-06-05 06:45:03', '0000-00-00 00:00:00'),
(6254, 453, 6254, 'Sungayang', '2016-06-05 06:45:03', '0000-00-00 00:00:00'),
(6255, 453, 6255, 'Tanjung Baru', '2016-06-05 06:45:03', '0000-00-00 00:00:00'),
(6256, 453, 6256, 'Tanjung Emas', '2016-06-05 06:45:03', '0000-00-00 00:00:00'),
(6257, 454, 6257, 'Bajuin', '2016-06-05 06:45:03', '0000-00-00 00:00:00'),
(6258, 454, 6258, 'Bati-Bati', '2016-06-05 06:45:03', '0000-00-00 00:00:00'),
(6259, 454, 6259, 'Batu Ampar', '2016-06-05 06:45:03', '0000-00-00 00:00:00'),
(6260, 454, 6260, 'Bumi Makmur', '2016-06-05 06:45:03', '0000-00-00 00:00:00'),
(6261, 454, 6261, 'Jorong', '2016-06-05 06:45:03', '0000-00-00 00:00:00'),
(6262, 454, 6262, 'Kintap', '2016-06-05 06:45:03', '0000-00-00 00:00:00'),
(6263, 454, 6263, 'Kurau', '2016-06-05 06:45:03', '0000-00-00 00:00:00'),
(6264, 454, 6264, 'Panyipatan', '2016-06-05 06:45:03', '0000-00-00 00:00:00'),
(6265, 454, 6265, 'Pelaihari', '2016-06-05 06:45:03', '0000-00-00 00:00:00'),
(6266, 454, 6266, 'Takisung', '2016-06-05 06:45:03', '0000-00-00 00:00:00'),
(6267, 454, 6267, 'Tambang Ulang', '2016-06-05 06:45:03', '0000-00-00 00:00:00'),
(6268, 455, 6268, 'Balaraja', '2016-06-05 06:45:03', '0000-00-00 00:00:00'),
(6269, 455, 6269, 'Cikupa', '2016-06-05 06:45:03', '0000-00-00 00:00:00'),
(6270, 455, 6270, 'Cisauk', '2016-06-05 06:45:03', '0000-00-00 00:00:00'),
(6271, 455, 6271, 'Cisoka', '2016-06-05 06:45:03', '0000-00-00 00:00:00'),
(6272, 455, 6272, 'Curug', '2016-06-05 06:45:03', '0000-00-00 00:00:00'),
(6273, 455, 6273, 'Gunung Kaler', '2016-06-05 06:45:03', '0000-00-00 00:00:00'),
(6274, 455, 6274, 'Jambe', '2016-06-05 06:45:03', '0000-00-00 00:00:00'),
(6275, 455, 6275, 'Jayanti', '2016-06-05 06:45:03', '0000-00-00 00:00:00'),
(6276, 455, 6276, 'Kelapa Dua', '2016-06-05 06:45:03', '0000-00-00 00:00:00'),
(6277, 455, 6277, 'Kemiri', '2016-06-05 06:45:03', '0000-00-00 00:00:00'),
(6278, 455, 6278, 'Kosambi', '2016-06-05 06:45:03', '0000-00-00 00:00:00'),
(6279, 455, 6279, 'Kresek', '2016-06-05 06:45:03', '0000-00-00 00:00:00'),
(6280, 455, 6280, 'Kronjo', '2016-06-05 06:45:03', '0000-00-00 00:00:00'),
(6281, 455, 6281, 'Legok', '2016-06-05 06:45:03', '0000-00-00 00:00:00'),
(6282, 455, 6282, 'Mauk', '2016-06-05 06:45:03', '0000-00-00 00:00:00'),
(6283, 455, 6283, 'Mekar Baru', '2016-06-05 06:45:03', '0000-00-00 00:00:00'),
(6284, 455, 6284, 'Pagedangan', '2016-06-05 06:45:03', '0000-00-00 00:00:00'),
(6285, 455, 6285, 'Pakuhaji', '2016-06-05 06:45:03', '0000-00-00 00:00:00'),
(6286, 455, 6286, 'Panongan', '2016-06-05 06:45:03', '0000-00-00 00:00:00'),
(6287, 455, 6287, 'Pasar Kemis', '2016-06-05 06:45:03', '0000-00-00 00:00:00'),
(6288, 455, 6288, 'Rajeg', '2016-06-05 06:45:03', '0000-00-00 00:00:00'),
(6289, 455, 6289, 'Sepatan', '2016-06-05 06:45:03', '0000-00-00 00:00:00'),
(6290, 455, 6290, 'Sepatan Timur', '2016-06-05 06:45:03', '0000-00-00 00:00:00'),
(6291, 455, 6291, 'Sindang Jaya', '2016-06-05 06:45:03', '0000-00-00 00:00:00'),
(6292, 455, 6292, 'Solear', '2016-06-05 06:45:03', '0000-00-00 00:00:00'),
(6293, 455, 6293, 'Sukadiri', '2016-06-05 06:45:03', '0000-00-00 00:00:00'),
(6294, 455, 6294, 'Sukamulya', '2016-06-05 06:45:03', '0000-00-00 00:00:00'),
(6295, 455, 6295, 'Teluknaga', '2016-06-05 06:45:03', '0000-00-00 00:00:00'),
(6296, 455, 6296, 'Tigaraksa', '2016-06-05 06:45:03', '0000-00-00 00:00:00'),
(6297, 456, 6297, 'Batuceper', '2016-06-05 06:45:03', '0000-00-00 00:00:00'),
(6298, 456, 6298, 'Benda', '2016-06-05 06:45:03', '0000-00-00 00:00:00'),
(6299, 456, 6299, 'Cibodas', '2016-06-05 06:45:03', '0000-00-00 00:00:00'),
(6300, 456, 6300, 'Ciledug', '2016-06-05 06:45:03', '0000-00-00 00:00:00'),
(6301, 456, 6301, 'Cipondoh', '2016-06-05 06:45:03', '0000-00-00 00:00:00'),
(6302, 456, 6302, 'Jatiuwung', '2016-06-05 06:45:03', '0000-00-00 00:00:00'),
(6303, 456, 6303, 'Karang Tengah', '2016-06-05 06:45:03', '0000-00-00 00:00:00'),
(6304, 456, 6304, 'Karawaci', '2016-06-05 06:45:03', '0000-00-00 00:00:00'),
(6305, 456, 6305, 'Larangan', '2016-06-05 06:45:03', '0000-00-00 00:00:00'),
(6306, 456, 6306, 'Neglasari', '2016-06-05 06:45:03', '0000-00-00 00:00:00'),
(6307, 456, 6307, 'Periuk', '2016-06-05 06:45:03', '0000-00-00 00:00:00'),
(6308, 456, 6308, 'Pinang (Penang)', '2016-06-05 06:45:03', '0000-00-00 00:00:00'),
(6309, 456, 6309, 'Tangerang', '2016-06-05 06:45:03', '0000-00-00 00:00:00'),
(6310, 457, 6310, 'Ciputat', '2016-06-05 06:45:04', '0000-00-00 00:00:00'),
(6311, 457, 6311, 'Ciputat Timur', '2016-06-05 06:45:04', '0000-00-00 00:00:00'),
(6312, 457, 6312, 'Pamulang', '2016-06-05 06:45:04', '0000-00-00 00:00:00'),
(6313, 457, 6313, 'Pondok Aren', '2016-06-05 06:45:04', '0000-00-00 00:00:00'),
(6314, 457, 6314, 'Serpong', '2016-06-05 06:45:04', '0000-00-00 00:00:00'),
(6315, 457, 6315, 'Serpong Utara', '2016-06-05 06:45:04', '0000-00-00 00:00:00'),
(6316, 457, 6316, 'Setu', '2016-06-05 06:45:04', '0000-00-00 00:00:00'),
(6317, 458, 6317, 'Air Naningan', '2016-06-05 06:45:04', '0000-00-00 00:00:00'),
(6318, 458, 6318, 'Bandar Negeri Semuong', '2016-06-05 06:45:04', '0000-00-00 00:00:00'),
(6319, 458, 6319, 'Bulok', '2016-06-05 06:45:04', '0000-00-00 00:00:00'),
(6320, 458, 6320, 'Cukuh Balak', '2016-06-05 06:45:04', '0000-00-00 00:00:00'),
(6321, 458, 6321, 'Gisting', '2016-06-05 06:45:04', '0000-00-00 00:00:00'),
(6322, 458, 6322, 'Gunung Alip', '2016-06-05 06:45:04', '0000-00-00 00:00:00'),
(6323, 458, 6323, 'Kelumbayan', '2016-06-05 06:45:04', '0000-00-00 00:00:00'),
(6324, 458, 6324, 'Kelumbayan Barat', '2016-06-05 06:45:04', '0000-00-00 00:00:00'),
(6325, 458, 6325, 'Kota Agung (Kota Agung Pusat)', '2016-06-05 06:45:04', '0000-00-00 00:00:00'),
(6326, 458, 6326, 'Kota Agung Barat', '2016-06-05 06:45:04', '0000-00-00 00:00:00'),
(6327, 458, 6327, 'Kota Agung Timur', '2016-06-05 06:45:04', '0000-00-00 00:00:00'),
(6328, 458, 6328, 'Limau', '2016-06-05 06:45:04', '0000-00-00 00:00:00'),
(6329, 458, 6329, 'Pematang Sawa', '2016-06-05 06:45:04', '0000-00-00 00:00:00'),
(6330, 458, 6330, 'Pugung', '2016-06-05 06:45:04', '0000-00-00 00:00:00'),
(6331, 458, 6331, 'Pulau Panggung', '2016-06-05 06:45:04', '0000-00-00 00:00:00'),
(6332, 458, 6332, 'Semaka', '2016-06-05 06:45:04', '0000-00-00 00:00:00'),
(6333, 458, 6333, 'Sumberejo', '2016-06-05 06:45:04', '0000-00-00 00:00:00'),
(6334, 458, 6334, 'Talang Padang', '2016-06-05 06:45:04', '0000-00-00 00:00:00'),
(6335, 458, 6335, 'Ulubelu', '2016-06-05 06:45:04', '0000-00-00 00:00:00'),
(6336, 458, 6336, 'Wonosobo', '2016-06-05 06:45:04', '0000-00-00 00:00:00'),
(6337, 459, 6337, 'Datuk Bandar', '2016-06-05 06:45:04', '0000-00-00 00:00:00'),
(6338, 459, 6338, 'Datuk Bandar Timur', '2016-06-05 06:45:04', '0000-00-00 00:00:00'),
(6339, 459, 6339, 'Sei Tualang Raso', '2016-06-05 06:45:04', '0000-00-00 00:00:00'),
(6340, 459, 6340, 'Tanjung Balai Selatan', '2016-06-05 06:45:04', '0000-00-00 00:00:00'),
(6341, 459, 6341, 'Tanjung Balai Utara', '2016-06-05 06:45:04', '0000-00-00 00:00:00'),
(6342, 459, 6342, 'Teluk Nibung', '2016-06-05 06:45:04', '0000-00-00 00:00:00'),
(6343, 460, 6343, 'Batang Asam', '2016-06-05 06:45:04', '0000-00-00 00:00:00'),
(6344, 460, 6344, 'Betara', '2016-06-05 06:45:04', '0000-00-00 00:00:00'),
(6345, 460, 6345, 'Bram Itam', '2016-06-05 06:45:04', '0000-00-00 00:00:00'),
(6346, 460, 6346, 'Kuala Betara', '2016-06-05 06:45:04', '0000-00-00 00:00:00'),
(6347, 460, 6347, 'Merlung', '2016-06-05 06:45:04', '0000-00-00 00:00:00'),
(6348, 460, 6348, 'Muara Papalik', '2016-06-05 06:45:04', '0000-00-00 00:00:00'),
(6349, 460, 6349, 'Pengabuan', '2016-06-05 06:45:04', '0000-00-00 00:00:00'),
(6350, 460, 6350, 'Renah Mendaluh', '2016-06-05 06:45:04', '0000-00-00 00:00:00'),
(6351, 460, 6351, 'Seberang Kota', '2016-06-05 06:45:04', '0000-00-00 00:00:00'),
(6352, 460, 6352, 'Senyerang', '2016-06-05 06:45:04', '0000-00-00 00:00:00'),
(6353, 460, 6353, 'Tebing Tinggi', '2016-06-05 06:45:04', '0000-00-00 00:00:00'),
(6354, 460, 6354, 'Tungkal Ilir', '2016-06-05 06:45:04', '0000-00-00 00:00:00'),
(6355, 460, 6355, 'Tungkal Ulu', '2016-06-05 06:45:04', '0000-00-00 00:00:00'),
(6356, 461, 6356, 'Berbak', '2016-06-05 06:45:04', '0000-00-00 00:00:00'),
(6357, 461, 6357, 'Dendang', '2016-06-05 06:45:04', '0000-00-00 00:00:00'),
(6358, 461, 6358, 'Geragai', '2016-06-05 06:45:04', '0000-00-00 00:00:00'),
(6359, 461, 6359, 'Kuala Jambi', '2016-06-05 06:45:04', '0000-00-00 00:00:00'),
(6360, 461, 6360, 'Mendahara', '2016-06-05 06:45:04', '0000-00-00 00:00:00'),
(6361, 461, 6361, 'Mendahara Ulu', '2016-06-05 06:45:04', '0000-00-00 00:00:00'),
(6362, 461, 6362, 'Muara Sabak Barat', '2016-06-05 06:45:04', '0000-00-00 00:00:00'),
(6363, 461, 6363, 'Muara Sabak Timur', '2016-06-05 06:45:04', '0000-00-00 00:00:00'),
(6364, 461, 6364, 'Nipah Panjang', '2016-06-05 06:45:04', '0000-00-00 00:00:00'),
(6365, 461, 6365, 'Rantau Rasau', '2016-06-05 06:45:04', '0000-00-00 00:00:00'),
(6366, 461, 6366, 'Sadu', '2016-06-05 06:45:04', '0000-00-00 00:00:00'),
(6367, 462, 6367, 'Bukit Bestari', '2016-06-05 06:45:04', '0000-00-00 00:00:00'),
(6368, 462, 6368, 'Tanjung Pinang Barat', '2016-06-05 06:45:04', '0000-00-00 00:00:00'),
(6369, 462, 6369, 'Tanjung Pinang Kota', '2016-06-05 06:45:04', '0000-00-00 00:00:00'),
(6370, 462, 6370, 'Tanjung Pinang Timur', '2016-06-05 06:45:04', '0000-00-00 00:00:00'),
(6371, 463, 6371, 'Aek Bilah', '2016-06-05 06:45:04', '0000-00-00 00:00:00'),
(6372, 463, 6372, 'Angkola Barat (Padang Sidempuan)', '2016-06-05 06:45:04', '0000-00-00 00:00:00'),
(6373, 463, 6373, 'Angkola Sangkunur', '2016-06-05 06:45:04', '0000-00-00 00:00:00'),
(6374, 463, 6374, 'Angkola Selatan (Siais)', '2016-06-05 06:45:04', '0000-00-00 00:00:00'),
(6375, 463, 6375, 'Angkola Timur (Padang Sidempuan)', '2016-06-05 06:45:04', '0000-00-00 00:00:00'),
(6376, 463, 6376, 'Arse', '2016-06-05 06:45:04', '0000-00-00 00:00:00'),
(6377, 463, 6377, 'Batang Angkola', '2016-06-05 06:45:04', '0000-00-00 00:00:00'),
(6378, 463, 6378, 'Batang Toru', '2016-06-05 06:45:04', '0000-00-00 00:00:00'),
(6379, 463, 6379, 'Marancar', '2016-06-05 06:45:04', '0000-00-00 00:00:00'),
(6380, 463, 6380, 'Muara Batang Toru', '2016-06-05 06:45:04', '0000-00-00 00:00:00'),
(6381, 463, 6381, 'Saipar Dolok Hole', '2016-06-05 06:45:04', '0000-00-00 00:00:00'),
(6382, 463, 6382, 'Sayur Matinggi', '2016-06-05 06:45:04', '0000-00-00 00:00:00'),
(6383, 463, 6383, 'Sipirok', '2016-06-05 06:45:04', '0000-00-00 00:00:00'),
(6384, 463, 6384, 'Tano Tombangan Angkola', '2016-06-05 06:45:04', '0000-00-00 00:00:00'),
(6385, 464, 6385, 'Andam Dewi', '2016-06-05 06:45:04', '0000-00-00 00:00:00'),
(6386, 464, 6386, 'Badiri', '2016-06-05 06:45:04', '0000-00-00 00:00:00'),
(6387, 464, 6387, 'Barus', '2016-06-05 06:45:04', '0000-00-00 00:00:00'),
(6388, 464, 6388, 'Barus Utara', '2016-06-05 06:45:04', '0000-00-00 00:00:00'),
(6389, 464, 6389, 'Kolang', '2016-06-05 06:45:04', '0000-00-00 00:00:00'),
(6390, 464, 6390, 'Lumut', '2016-06-05 06:45:04', '0000-00-00 00:00:00'),
(6391, 464, 6391, 'Manduamas', '2016-06-05 06:45:04', '0000-00-00 00:00:00'),
(6392, 464, 6392, 'Pandan', '2016-06-05 06:45:04', '0000-00-00 00:00:00'),
(6393, 464, 6393, 'Pasaribu Tobing', '2016-06-05 06:45:04', '0000-00-00 00:00:00'),
(6394, 464, 6394, 'Pinangsori', '2016-06-05 06:45:04', '0000-00-00 00:00:00'),
(6395, 464, 6395, 'Sarudik', '2016-06-05 06:45:04', '0000-00-00 00:00:00'),
(6396, 464, 6396, 'Sibabangun', '2016-06-05 06:45:04', '0000-00-00 00:00:00'),
(6397, 464, 6397, 'Sirandorung', '2016-06-05 06:45:04', '0000-00-00 00:00:00'),
(6398, 464, 6398, 'Sitahuis', '2016-06-05 06:45:04', '0000-00-00 00:00:00'),
(6399, 464, 6399, 'Sorkam', '2016-06-05 06:45:04', '0000-00-00 00:00:00'),
(6400, 464, 6400, 'Sorkam Barat', '2016-06-05 06:45:04', '0000-00-00 00:00:00'),
(6401, 464, 6401, 'Sosor Gadong', '2016-06-05 06:45:04', '0000-00-00 00:00:00'),
(6402, 464, 6402, 'Suka Bangun', '2016-06-05 06:45:04', '0000-00-00 00:00:00'),
(6403, 464, 6403, 'Tapian Nauli', '2016-06-05 06:45:04', '0000-00-00 00:00:00'),
(6404, 464, 6404, 'Tukka', '2016-06-05 06:45:04', '0000-00-00 00:00:00'),
(6405, 465, 6405, 'Adian Koting', '2016-06-05 06:45:04', '0000-00-00 00:00:00'),
(6406, 465, 6406, 'Garoga', '2016-06-05 06:45:04', '0000-00-00 00:00:00'),
(6407, 465, 6407, 'Muara', '2016-06-05 06:45:04', '0000-00-00 00:00:00'),
(6408, 465, 6408, 'Pagaran', '2016-06-05 06:45:04', '0000-00-00 00:00:00'),
(6409, 465, 6409, 'Pahae Jae', '2016-06-05 06:45:04', '0000-00-00 00:00:00'),
(6410, 465, 6410, 'Pahae Julu', '2016-06-05 06:45:04', '0000-00-00 00:00:00'),
(6411, 465, 6411, 'Pangaribuan', '2016-06-05 06:45:04', '0000-00-00 00:00:00'),
(6412, 465, 6412, 'Parmonangan', '2016-06-05 06:45:04', '0000-00-00 00:00:00'),
(6413, 465, 6413, 'Purbatua', '2016-06-05 06:45:04', '0000-00-00 00:00:00'),
(6414, 465, 6414, 'Siatas Barita', '2016-06-05 06:45:04', '0000-00-00 00:00:00'),
(6415, 465, 6415, 'Siborong-Borong', '2016-06-05 06:45:04', '0000-00-00 00:00:00'),
(6416, 465, 6416, 'Simangumban', '2016-06-05 06:45:04', '0000-00-00 00:00:00'),
(6417, 465, 6417, 'Sipahutar', '2016-06-05 06:45:04', '0000-00-00 00:00:00'),
(6418, 465, 6418, 'Sipoholon', '2016-06-05 06:45:04', '0000-00-00 00:00:00'),
(6419, 465, 6419, 'Tarutung', '2016-06-05 06:45:04', '0000-00-00 00:00:00'),
(6420, 466, 6420, 'Bakarangan', '2016-06-05 06:45:04', '0000-00-00 00:00:00'),
(6421, 466, 6421, 'Binuang', '2016-06-05 06:45:04', '0000-00-00 00:00:00'),
(6422, 466, 6422, 'Bungur', '2016-06-05 06:45:04', '0000-00-00 00:00:00'),
(6423, 466, 6423, 'Candi Laras Selatan', '2016-06-05 06:45:04', '0000-00-00 00:00:00'),
(6424, 466, 6424, 'Candi Laras Utara', '2016-06-05 06:45:04', '0000-00-00 00:00:00'),
(6425, 466, 6425, 'Hatungun', '2016-06-05 06:45:04', '0000-00-00 00:00:00'),
(6426, 466, 6426, 'Lokpaikat', '2016-06-05 06:45:04', '0000-00-00 00:00:00'),
(6427, 466, 6427, 'Piani', '2016-06-05 06:45:04', '0000-00-00 00:00:00'),
(6428, 466, 6428, 'Salam Babaris', '2016-06-05 06:45:04', '0000-00-00 00:00:00'),
(6429, 466, 6429, 'Tapin Selatan', '2016-06-05 06:45:04', '0000-00-00 00:00:00'),
(6430, 466, 6430, 'Tapin Tengah', '2016-06-05 06:45:04', '0000-00-00 00:00:00'),
(6431, 466, 6431, 'Tapin Utara', '2016-06-05 06:45:04', '0000-00-00 00:00:00'),
(6432, 467, 6432, 'Tarakan Barat', '2016-06-05 06:45:04', '0000-00-00 00:00:00'),
(6433, 467, 6433, 'Tarakan Tengah', '2016-06-05 06:45:04', '0000-00-00 00:00:00'),
(6434, 467, 6434, 'Tarakan Timur', '2016-06-05 06:45:04', '0000-00-00 00:00:00'),
(6435, 467, 6435, 'Tarakan Utara', '2016-06-05 06:45:04', '0000-00-00 00:00:00'),
(6436, 468, 6436, 'Bantarkalong', '2016-06-05 06:45:04', '0000-00-00 00:00:00'),
(6437, 468, 6437, 'Bojongasih', '2016-06-05 06:45:04', '0000-00-00 00:00:00'),
(6438, 468, 6438, 'Bojonggambir', '2016-06-05 06:45:04', '0000-00-00 00:00:00'),
(6439, 468, 6439, 'Ciawi', '2016-06-05 06:45:04', '0000-00-00 00:00:00'),
(6440, 468, 6440, 'Cibalong', '2016-06-05 06:45:04', '0000-00-00 00:00:00'),
(6441, 468, 6441, 'Cigalontang', '2016-06-05 06:45:04', '0000-00-00 00:00:00'),
(6442, 468, 6442, 'Cikalong', '2016-06-05 06:45:04', '0000-00-00 00:00:00'),
(6443, 468, 6443, 'Cikatomas', '2016-06-05 06:45:04', '0000-00-00 00:00:00'),
(6444, 468, 6444, 'Cineam', '2016-06-05 06:45:04', '0000-00-00 00:00:00'),
(6445, 468, 6445, 'Cipatujah', '2016-06-05 06:45:04', '0000-00-00 00:00:00'),
(6446, 468, 6446, 'Cisayong', '2016-06-05 06:45:04', '0000-00-00 00:00:00'),
(6447, 468, 6447, 'Culamega', '2016-06-05 06:45:04', '0000-00-00 00:00:00'),
(6448, 468, 6448, 'Gunung Tanjung', '2016-06-05 06:45:04', '0000-00-00 00:00:00'),
(6449, 468, 6449, 'Jamanis', '2016-06-05 06:45:04', '0000-00-00 00:00:00'),
(6450, 468, 6450, 'Jatiwaras', '2016-06-05 06:45:04', '0000-00-00 00:00:00'),
(6451, 468, 6451, 'Kadipaten', '2016-06-05 06:45:04', '0000-00-00 00:00:00'),
(6452, 468, 6452, 'Karang Jaya', '2016-06-05 06:45:04', '0000-00-00 00:00:00'),
(6453, 468, 6453, 'Karangnunggal', '2016-06-05 06:45:04', '0000-00-00 00:00:00'),
(6454, 468, 6454, 'Leuwisari', '2016-06-05 06:45:04', '0000-00-00 00:00:00'),
(6455, 468, 6455, 'Mangunreja', '2016-06-05 06:45:04', '0000-00-00 00:00:00'),
(6456, 468, 6456, 'Manonjaya', '2016-06-05 06:45:04', '0000-00-00 00:00:00'),
(6457, 468, 6457, 'Padakembang', '2016-06-05 06:45:04', '0000-00-00 00:00:00'),
(6458, 468, 6458, 'Pagerageung', '2016-06-05 06:45:04', '0000-00-00 00:00:00'),
(6459, 468, 6459, 'Pancatengah', '2016-06-05 06:45:04', '0000-00-00 00:00:00'),
(6460, 468, 6460, 'Parungponteng', '2016-06-05 06:45:04', '0000-00-00 00:00:00'),
(6461, 468, 6461, 'Puspahiang', '2016-06-05 06:45:04', '0000-00-00 00:00:00'),
(6462, 468, 6462, 'Rajapolah', '2016-06-05 06:45:04', '0000-00-00 00:00:00'),
(6463, 468, 6463, 'Salawu', '2016-06-05 06:45:04', '0000-00-00 00:00:00'),
(6464, 468, 6464, 'Salopa', '2016-06-05 06:45:04', '0000-00-00 00:00:00'),
(6465, 468, 6465, 'Sariwangi', '2016-06-05 06:45:04', '0000-00-00 00:00:00'),
(6466, 468, 6466, 'Singaparna', '2016-06-05 06:45:04', '0000-00-00 00:00:00'),
(6467, 468, 6467, 'Sodonghilir', '2016-06-05 06:45:04', '0000-00-00 00:00:00'),
(6468, 468, 6468, 'Sukahening', '2016-06-05 06:45:04', '0000-00-00 00:00:00'),
(6469, 468, 6469, 'Sukaraja', '2016-06-05 06:45:04', '0000-00-00 00:00:00'),
(6470, 468, 6470, 'Sukarame', '2016-06-05 06:45:04', '0000-00-00 00:00:00'),
(6471, 468, 6471, 'Sukaratu', '2016-06-05 06:45:04', '0000-00-00 00:00:00'),
(6472, 468, 6472, 'Sukaresik', '2016-06-05 06:45:04', '0000-00-00 00:00:00'),
(6473, 468, 6473, 'Tanjungjaya', '2016-06-05 06:45:04', '0000-00-00 00:00:00'),
(6474, 468, 6474, 'Taraju', '2016-06-05 06:45:04', '0000-00-00 00:00:00'),
(6475, 469, 6475, 'Bungursari', '2016-06-05 06:45:04', '0000-00-00 00:00:00'),
(6476, 469, 6476, 'Cibeureum', '2016-06-05 06:45:04', '0000-00-00 00:00:00'),
(6477, 469, 6477, 'Cihideung', '2016-06-05 06:45:04', '0000-00-00 00:00:00'),
(6478, 469, 6478, 'Cipedes', '2016-06-05 06:45:04', '0000-00-00 00:00:00'),
(6479, 469, 6479, 'Indihiang', '2016-06-05 06:45:04', '0000-00-00 00:00:00'),
(6480, 469, 6480, 'Kawalu', '2016-06-05 06:45:04', '0000-00-00 00:00:00'),
(6481, 469, 6481, 'Mangkubumi', '2016-06-05 06:45:04', '0000-00-00 00:00:00'),
(6482, 469, 6482, 'Purbaratu', '2016-06-05 06:45:04', '0000-00-00 00:00:00'),
(6483, 469, 6483, 'Tamansari', '2016-06-05 06:45:04', '0000-00-00 00:00:00'),
(6484, 469, 6484, 'Tawang', '2016-06-05 06:45:04', '0000-00-00 00:00:00'),
(6485, 470, 6485, 'Bajenis', '2016-06-05 06:45:05', '0000-00-00 00:00:00'),
(6486, 470, 6486, 'Padang Hilir', '2016-06-05 06:45:05', '0000-00-00 00:00:00'),
(6487, 470, 6487, 'Padang Hulu', '2016-06-05 06:45:05', '0000-00-00 00:00:00'),
(6488, 470, 6488, 'Rambutan', '2016-06-05 06:45:05', '0000-00-00 00:00:00'),
(6489, 470, 6489, 'Tebing Tinggi Kota', '2016-06-05 06:45:05', '0000-00-00 00:00:00'),
(6490, 471, 6490, 'Muara Tabir', '2016-06-05 06:45:05', '0000-00-00 00:00:00'),
(6491, 471, 6491, 'Rimbo Bujang', '2016-06-05 06:45:05', '0000-00-00 00:00:00'),
(6492, 471, 6492, 'Rimbo Ilir', '2016-06-05 06:45:05', '0000-00-00 00:00:00'),
(6493, 471, 6493, 'Rimbo Ulu', '2016-06-05 06:45:05', '0000-00-00 00:00:00'),
(6494, 471, 6494, 'Serai Serumpun', '2016-06-05 06:45:05', '0000-00-00 00:00:00'),
(6495, 471, 6495, 'Sumay', '2016-06-05 06:45:05', '0000-00-00 00:00:00'),
(6496, 471, 6496, 'Tebo Ilir', '2016-06-05 06:45:05', '0000-00-00 00:00:00'),
(6497, 471, 6497, 'Tebo Tengah', '2016-06-05 06:45:05', '0000-00-00 00:00:00'),
(6498, 471, 6498, 'Tebo Ulu', '2016-06-05 06:45:05', '0000-00-00 00:00:00'),
(6499, 471, 6499, 'Tengah Ilir', '2016-06-05 06:45:05', '0000-00-00 00:00:00'),
(6500, 471, 6500, 'VII Koto', '2016-06-05 06:45:05', '0000-00-00 00:00:00'),
(6501, 471, 6501, 'VII Koto Ilir', '2016-06-05 06:45:05', '0000-00-00 00:00:00'),
(6502, 472, 6502, 'Adiwerna', '2016-06-05 06:45:05', '0000-00-00 00:00:00'),
(6503, 472, 6503, 'Balapulang', '2016-06-05 06:45:05', '0000-00-00 00:00:00'),
(6504, 472, 6504, 'Bojong', '2016-06-05 06:45:05', '0000-00-00 00:00:00'),
(6505, 472, 6505, 'Bumijawa', '2016-06-05 06:45:05', '0000-00-00 00:00:00'),
(6506, 472, 6506, 'Dukuhturi', '2016-06-05 06:45:05', '0000-00-00 00:00:00'),
(6507, 472, 6507, 'Dukuhwaru', '2016-06-05 06:45:05', '0000-00-00 00:00:00'),
(6508, 472, 6508, 'Jatinegara', '2016-06-05 06:45:05', '0000-00-00 00:00:00'),
(6509, 472, 6509, 'Kedung Banteng', '2016-06-05 06:45:05', '0000-00-00 00:00:00'),
(6510, 472, 6510, 'Kramat', '2016-06-05 06:45:05', '0000-00-00 00:00:00'),
(6511, 472, 6511, 'Lebaksiu', '2016-06-05 06:45:05', '0000-00-00 00:00:00'),
(6512, 472, 6512, 'Margasari', '2016-06-05 06:45:05', '0000-00-00 00:00:00'),
(6513, 472, 6513, 'Pagerbarang', '2016-06-05 06:45:05', '0000-00-00 00:00:00');
INSERT INTO `bkm_sub_district` (`id`, `city_id`, `sub_district_id`, `name`, `created_at`, `updated_at`) VALUES
(6514, 472, 6514, 'Pangkah', '2016-06-05 06:45:05', '0000-00-00 00:00:00'),
(6515, 472, 6515, 'Slawi', '2016-06-05 06:45:05', '0000-00-00 00:00:00'),
(6516, 472, 6516, 'Surodadi', '2016-06-05 06:45:05', '0000-00-00 00:00:00'),
(6517, 472, 6517, 'Talang', '2016-06-05 06:45:05', '0000-00-00 00:00:00'),
(6518, 472, 6518, 'Tarub', '2016-06-05 06:45:05', '0000-00-00 00:00:00'),
(6519, 472, 6519, 'Warurejo', '2016-06-05 06:45:05', '0000-00-00 00:00:00'),
(6520, 473, 6520, 'Margadana', '2016-06-05 06:45:05', '0000-00-00 00:00:00'),
(6521, 473, 6521, 'Tegal Barat', '2016-06-05 06:45:05', '0000-00-00 00:00:00'),
(6522, 473, 6522, 'Tegal Selatan', '2016-06-05 06:45:05', '0000-00-00 00:00:00'),
(6523, 473, 6523, 'Tegal Timur', '2016-06-05 06:45:05', '0000-00-00 00:00:00'),
(6524, 474, 6524, 'Aranday', '2016-06-05 06:45:05', '0000-00-00 00:00:00'),
(6525, 474, 6525, 'Aroba', '2016-06-05 06:45:05', '0000-00-00 00:00:00'),
(6526, 474, 6526, 'Babo', '2016-06-05 06:45:05', '0000-00-00 00:00:00'),
(6527, 474, 6527, 'Bintuni', '2016-06-05 06:45:05', '0000-00-00 00:00:00'),
(6528, 474, 6528, 'Biscoop', '2016-06-05 06:45:05', '0000-00-00 00:00:00'),
(6529, 474, 6529, 'Dataran Beimes', '2016-06-05 06:45:05', '0000-00-00 00:00:00'),
(6530, 474, 6530, 'Fafurwar (Irorutu)', '2016-06-05 06:45:05', '0000-00-00 00:00:00'),
(6531, 474, 6531, 'Kaitaro', '2016-06-05 06:45:05', '0000-00-00 00:00:00'),
(6532, 474, 6532, 'Kamundan', '2016-06-05 06:45:05', '0000-00-00 00:00:00'),
(6533, 474, 6533, 'Kuri', '2016-06-05 06:45:05', '0000-00-00 00:00:00'),
(6534, 474, 6534, 'Manimeri', '2016-06-05 06:45:05', '0000-00-00 00:00:00'),
(6535, 474, 6535, 'Masyeta', '2016-06-05 06:45:05', '0000-00-00 00:00:00'),
(6536, 474, 6536, 'Mayado', '2016-06-05 06:45:05', '0000-00-00 00:00:00'),
(6537, 474, 6537, 'Merdey', '2016-06-05 06:45:05', '0000-00-00 00:00:00'),
(6538, 474, 6538, 'Moskona Barat', '2016-06-05 06:45:05', '0000-00-00 00:00:00'),
(6539, 474, 6539, 'Moskona Selatan', '2016-06-05 06:45:05', '0000-00-00 00:00:00'),
(6540, 474, 6540, 'Moskona Timur', '2016-06-05 06:45:05', '0000-00-00 00:00:00'),
(6541, 474, 6541, 'Moskona Utara', '2016-06-05 06:45:05', '0000-00-00 00:00:00'),
(6542, 474, 6542, 'Sumuri (Simuri)', '2016-06-05 06:45:05', '0000-00-00 00:00:00'),
(6543, 474, 6543, 'Tembuni', '2016-06-05 06:45:05', '0000-00-00 00:00:00'),
(6544, 474, 6544, 'Tomu', '2016-06-05 06:45:05', '0000-00-00 00:00:00'),
(6545, 474, 6545, 'Tuhiba', '2016-06-05 06:45:05', '0000-00-00 00:00:00'),
(6546, 474, 6546, 'Wamesa (Idoor)', '2016-06-05 06:45:05', '0000-00-00 00:00:00'),
(6547, 474, 6547, 'Weriagar', '2016-06-05 06:45:05', '0000-00-00 00:00:00'),
(6548, 475, 6548, 'Kuri Wamesa', '2016-06-05 06:45:05', '0000-00-00 00:00:00'),
(6549, 475, 6549, 'Naikere (Wasior Barat)', '2016-06-05 06:45:05', '0000-00-00 00:00:00'),
(6550, 475, 6550, 'Nikiwar', '2016-06-05 06:45:05', '0000-00-00 00:00:00'),
(6551, 475, 6551, 'Rasiei', '2016-06-05 06:45:05', '0000-00-00 00:00:00'),
(6552, 475, 6552, 'Roon', '2016-06-05 06:45:05', '0000-00-00 00:00:00'),
(6553, 475, 6553, 'Roswar', '2016-06-05 06:45:05', '0000-00-00 00:00:00'),
(6554, 475, 6554, 'Rumberpon', '2016-06-05 06:45:05', '0000-00-00 00:00:00'),
(6555, 475, 6555, 'Soug Jaya', '2016-06-05 06:45:05', '0000-00-00 00:00:00'),
(6556, 475, 6556, 'Teluk Duairi (Wasior Utara)', '2016-06-05 06:45:05', '0000-00-00 00:00:00'),
(6557, 475, 6557, 'Wamesa', '2016-06-05 06:45:05', '0000-00-00 00:00:00'),
(6558, 475, 6558, 'Wasior', '2016-06-05 06:45:05', '0000-00-00 00:00:00'),
(6559, 475, 6559, 'Windesi', '2016-06-05 06:45:05', '0000-00-00 00:00:00'),
(6560, 475, 6560, 'Wondiboy (Wasior Selatan)', '2016-06-05 06:45:05', '0000-00-00 00:00:00'),
(6561, 476, 6561, 'Bansari', '2016-06-05 06:45:05', '0000-00-00 00:00:00'),
(6562, 476, 6562, 'Bejen', '2016-06-05 06:45:05', '0000-00-00 00:00:00'),
(6563, 476, 6563, 'Bulu', '2016-06-05 06:45:05', '0000-00-00 00:00:00'),
(6564, 476, 6564, 'Candiroto', '2016-06-05 06:45:05', '0000-00-00 00:00:00'),
(6565, 476, 6565, 'Gemawang', '2016-06-05 06:45:05', '0000-00-00 00:00:00'),
(6566, 476, 6566, 'Jumo', '2016-06-05 06:45:05', '0000-00-00 00:00:00'),
(6567, 476, 6567, 'Kaloran', '2016-06-05 06:45:05', '0000-00-00 00:00:00'),
(6568, 476, 6568, 'Kandangan', '2016-06-05 06:45:05', '0000-00-00 00:00:00'),
(6569, 476, 6569, 'Kedu', '2016-06-05 06:45:05', '0000-00-00 00:00:00'),
(6570, 476, 6570, 'Kledung', '2016-06-05 06:45:05', '0000-00-00 00:00:00'),
(6571, 476, 6571, 'Kranggan', '2016-06-05 06:45:05', '0000-00-00 00:00:00'),
(6572, 476, 6572, 'Ngadirejo', '2016-06-05 06:45:05', '0000-00-00 00:00:00'),
(6573, 476, 6573, 'Parakan', '2016-06-05 06:45:05', '0000-00-00 00:00:00'),
(6574, 476, 6574, 'Pringsurat', '2016-06-05 06:45:05', '0000-00-00 00:00:00'),
(6575, 476, 6575, 'Selopampang', '2016-06-05 06:45:05', '0000-00-00 00:00:00'),
(6576, 476, 6576, 'Temanggung', '2016-06-05 06:45:05', '0000-00-00 00:00:00'),
(6577, 476, 6577, 'Tembarak', '2016-06-05 06:45:05', '0000-00-00 00:00:00'),
(6578, 476, 6578, 'Tlogomulyo', '2016-06-05 06:45:05', '0000-00-00 00:00:00'),
(6579, 476, 6579, 'Tretep', '2016-06-05 06:45:05', '0000-00-00 00:00:00'),
(6580, 476, 6580, 'Wonoboyo', '2016-06-05 06:45:05', '0000-00-00 00:00:00'),
(6581, 477, 6581, 'Moti (Pulau Moti)', '2016-06-05 06:45:05', '0000-00-00 00:00:00'),
(6582, 477, 6582, 'Pulau Batang Dua', '2016-06-05 06:45:05', '0000-00-00 00:00:00'),
(6583, 477, 6583, 'Pulau Hiri', '2016-06-05 06:45:05', '0000-00-00 00:00:00'),
(6584, 477, 6584, 'Pulau Ternate', '2016-06-05 06:45:05', '0000-00-00 00:00:00'),
(6585, 477, 6585, 'Ternate Selatan (Kota)', '2016-06-05 06:45:05', '0000-00-00 00:00:00'),
(6586, 477, 6586, 'Ternate Tengah (Kota)', '2016-06-05 06:45:05', '0000-00-00 00:00:00'),
(6587, 477, 6587, 'Ternate Utara (Kota)', '2016-06-05 06:45:05', '0000-00-00 00:00:00'),
(6588, 478, 6588, 'Oba', '2016-06-05 06:45:05', '0000-00-00 00:00:00'),
(6589, 478, 6589, 'Oba Selatan', '2016-06-05 06:45:05', '0000-00-00 00:00:00'),
(6590, 478, 6590, 'Oba Tengah', '2016-06-05 06:45:05', '0000-00-00 00:00:00'),
(6591, 478, 6591, 'Oba Utara', '2016-06-05 06:45:05', '0000-00-00 00:00:00'),
(6592, 478, 6592, 'Tidore (Pulau Tidore)', '2016-06-05 06:45:05', '0000-00-00 00:00:00'),
(6593, 478, 6593, 'Tidore Selatan', '2016-06-05 06:45:05', '0000-00-00 00:00:00'),
(6594, 478, 6594, 'Tidore Timur (Pulau Tidore)', '2016-06-05 06:45:05', '0000-00-00 00:00:00'),
(6595, 478, 6595, 'Tidore Utara', '2016-06-05 06:45:05', '0000-00-00 00:00:00'),
(6596, 479, 6596, 'Amanatun Selatan', '2016-06-05 06:45:05', '0000-00-00 00:00:00'),
(6597, 479, 6597, 'Amanatun Utara', '2016-06-05 06:45:05', '0000-00-00 00:00:00'),
(6598, 479, 6598, 'Amanuban Barat', '2016-06-05 06:45:05', '0000-00-00 00:00:00'),
(6599, 479, 6599, 'Amanuban Selatan', '2016-06-05 06:45:05', '0000-00-00 00:00:00'),
(6600, 479, 6600, 'Amanuban Tengah', '2016-06-05 06:45:05', '0000-00-00 00:00:00'),
(6601, 479, 6601, 'Amanuban Timur', '2016-06-05 06:45:05', '0000-00-00 00:00:00'),
(6602, 479, 6602, 'Batu Putih', '2016-06-05 06:45:05', '0000-00-00 00:00:00'),
(6603, 479, 6603, 'Boking', '2016-06-05 06:45:05', '0000-00-00 00:00:00'),
(6604, 479, 6604, 'Fatukopa', '2016-06-05 06:45:05', '0000-00-00 00:00:00'),
(6605, 479, 6605, 'Fatumnasi', '2016-06-05 06:45:05', '0000-00-00 00:00:00'),
(6606, 479, 6606, 'Fautmolo', '2016-06-05 06:45:05', '0000-00-00 00:00:00'),
(6607, 479, 6607, 'Kie (Ki''e)', '2016-06-05 06:45:05', '0000-00-00 00:00:00'),
(6608, 479, 6608, 'Kok Baun', '2016-06-05 06:45:05', '0000-00-00 00:00:00'),
(6609, 479, 6609, 'Kolbano', '2016-06-05 06:45:05', '0000-00-00 00:00:00'),
(6610, 479, 6610, 'Kot Olin', '2016-06-05 06:45:05', '0000-00-00 00:00:00'),
(6611, 479, 6611, 'Kota Soe', '2016-06-05 06:45:05', '0000-00-00 00:00:00'),
(6612, 479, 6612, 'Kualin', '2016-06-05 06:45:05', '0000-00-00 00:00:00'),
(6613, 479, 6613, 'Kuanfatu', '2016-06-05 06:45:05', '0000-00-00 00:00:00'),
(6614, 479, 6614, 'Kuatnana', '2016-06-05 06:45:05', '0000-00-00 00:00:00'),
(6615, 479, 6615, 'Mollo Barat', '2016-06-05 06:45:05', '0000-00-00 00:00:00'),
(6616, 479, 6616, 'Mollo Selatan', '2016-06-05 06:45:05', '0000-00-00 00:00:00'),
(6617, 479, 6617, 'Mollo Tengah', '2016-06-05 06:45:05', '0000-00-00 00:00:00'),
(6618, 479, 6618, 'Mollo Utara', '2016-06-05 06:45:05', '0000-00-00 00:00:00'),
(6619, 479, 6619, 'Noebana', '2016-06-05 06:45:05', '0000-00-00 00:00:00'),
(6620, 479, 6620, 'Noebeba', '2016-06-05 06:45:05', '0000-00-00 00:00:00'),
(6621, 479, 6621, 'Nunbena', '2016-06-05 06:45:05', '0000-00-00 00:00:00'),
(6622, 479, 6622, 'Nunkolo', '2016-06-05 06:45:05', '0000-00-00 00:00:00'),
(6623, 479, 6623, 'Oenino', '2016-06-05 06:45:05', '0000-00-00 00:00:00'),
(6624, 479, 6624, 'Polen', '2016-06-05 06:45:05', '0000-00-00 00:00:00'),
(6625, 479, 6625, 'Santian', '2016-06-05 06:45:05', '0000-00-00 00:00:00'),
(6626, 479, 6626, 'Tobu', '2016-06-05 06:45:05', '0000-00-00 00:00:00'),
(6627, 479, 6627, 'Toianas', '2016-06-05 06:45:05', '0000-00-00 00:00:00'),
(6628, 480, 6628, 'Biboki Anleu', '2016-06-05 06:45:05', '0000-00-00 00:00:00'),
(6629, 480, 6629, 'Biboki Feotleu', '2016-06-05 06:45:05', '0000-00-00 00:00:00'),
(6630, 480, 6630, 'Biboki Moenleu', '2016-06-05 06:45:05', '0000-00-00 00:00:00'),
(6631, 480, 6631, 'Biboki Selatan', '2016-06-05 06:45:05', '0000-00-00 00:00:00'),
(6632, 480, 6632, 'Biboki Tan Pah', '2016-06-05 06:45:05', '0000-00-00 00:00:00'),
(6633, 480, 6633, 'Biboki Utara', '2016-06-05 06:45:05', '0000-00-00 00:00:00'),
(6634, 480, 6634, 'Bikomi Nilulat', '2016-06-05 06:45:05', '0000-00-00 00:00:00'),
(6635, 480, 6635, 'Bikomi Selatan', '2016-06-05 06:45:05', '0000-00-00 00:00:00'),
(6636, 480, 6636, 'Bikomi Tengah', '2016-06-05 06:45:05', '0000-00-00 00:00:00'),
(6637, 480, 6637, 'Bikomi Utara', '2016-06-05 06:45:05', '0000-00-00 00:00:00'),
(6638, 480, 6638, 'Insana', '2016-06-05 06:45:05', '0000-00-00 00:00:00'),
(6639, 480, 6639, 'Insana Barat', '2016-06-05 06:45:05', '0000-00-00 00:00:00'),
(6640, 480, 6640, 'Insana Fafinesu', '2016-06-05 06:45:05', '0000-00-00 00:00:00'),
(6641, 480, 6641, 'Insana Tengah', '2016-06-05 06:45:05', '0000-00-00 00:00:00'),
(6642, 480, 6642, 'Insana Utara', '2016-06-05 06:45:05', '0000-00-00 00:00:00'),
(6643, 480, 6643, 'Kota Kefamenanu', '2016-06-05 06:45:05', '0000-00-00 00:00:00'),
(6644, 480, 6644, 'Miomaffo Barat', '2016-06-05 06:45:05', '0000-00-00 00:00:00'),
(6645, 480, 6645, 'Miomaffo Tengah', '2016-06-05 06:45:05', '0000-00-00 00:00:00'),
(6646, 480, 6646, 'Miomaffo Timur', '2016-06-05 06:45:05', '0000-00-00 00:00:00'),
(6647, 480, 6647, 'Musi', '2016-06-05 06:45:05', '0000-00-00 00:00:00'),
(6648, 480, 6648, 'Mutis', '2016-06-05 06:45:05', '0000-00-00 00:00:00'),
(6649, 480, 6649, 'Naibenu', '2016-06-05 06:45:05', '0000-00-00 00:00:00'),
(6650, 480, 6650, 'Noemuti', '2016-06-05 06:45:05', '0000-00-00 00:00:00'),
(6651, 480, 6651, 'Noemuti Timur', '2016-06-05 06:45:05', '0000-00-00 00:00:00'),
(6652, 481, 6652, 'Ajibata', '2016-06-05 06:45:05', '0000-00-00 00:00:00'),
(6653, 481, 6653, 'Balige', '2016-06-05 06:45:05', '0000-00-00 00:00:00'),
(6654, 481, 6654, 'Bonatua Lunasi', '2016-06-05 06:45:05', '0000-00-00 00:00:00'),
(6655, 481, 6655, 'Bor-Bor', '2016-06-05 06:45:05', '0000-00-00 00:00:00'),
(6656, 481, 6656, 'Habinsaran', '2016-06-05 06:45:05', '0000-00-00 00:00:00'),
(6657, 481, 6657, 'Laguboti', '2016-06-05 06:45:05', '0000-00-00 00:00:00'),
(6658, 481, 6658, 'Lumban Julu', '2016-06-05 06:45:05', '0000-00-00 00:00:00'),
(6659, 481, 6659, 'Nassau', '2016-06-05 06:45:05', '0000-00-00 00:00:00'),
(6660, 481, 6660, 'Parmaksian', '2016-06-05 06:45:05', '0000-00-00 00:00:00'),
(6661, 481, 6661, 'Pintu Pohan Meranti', '2016-06-05 06:45:05', '0000-00-00 00:00:00'),
(6662, 481, 6662, 'Porsea', '2016-06-05 06:45:05', '0000-00-00 00:00:00'),
(6663, 481, 6663, 'Siantar Narumonda', '2016-06-05 06:45:05', '0000-00-00 00:00:00'),
(6664, 481, 6664, 'Sigumpar', '2016-06-05 06:45:05', '0000-00-00 00:00:00'),
(6665, 481, 6665, 'Silaen', '2016-06-05 06:45:05', '0000-00-00 00:00:00'),
(6666, 481, 6666, 'Tampahan', '2016-06-05 06:45:05', '0000-00-00 00:00:00'),
(6667, 481, 6667, 'Uluan', '2016-06-05 06:45:05', '0000-00-00 00:00:00'),
(6668, 482, 6668, 'Ampana Kota', '2016-06-05 06:45:05', '0000-00-00 00:00:00'),
(6669, 482, 6669, 'Ampana Tete', '2016-06-05 06:45:05', '0000-00-00 00:00:00'),
(6670, 482, 6670, 'Togean', '2016-06-05 06:45:05', '0000-00-00 00:00:00'),
(6671, 482, 6671, 'Tojo', '2016-06-05 06:45:05', '0000-00-00 00:00:00'),
(6672, 482, 6672, 'Tojo Barat', '2016-06-05 06:45:05', '0000-00-00 00:00:00'),
(6673, 482, 6673, 'Ulu Bongka', '2016-06-05 06:45:05', '0000-00-00 00:00:00'),
(6674, 482, 6674, 'Una - Una', '2016-06-05 06:45:05', '0000-00-00 00:00:00'),
(6675, 482, 6675, 'Walea Besar', '2016-06-05 06:45:05', '0000-00-00 00:00:00'),
(6676, 482, 6676, 'Walea Kepulauan', '2016-06-05 06:45:05', '0000-00-00 00:00:00'),
(6677, 483, 6677, 'Baolan', '2016-06-05 06:45:06', '0000-00-00 00:00:00'),
(6678, 483, 6678, 'Basidondo', '2016-06-05 06:45:06', '0000-00-00 00:00:00'),
(6679, 483, 6679, 'Dako Pamean', '2016-06-05 06:45:06', '0000-00-00 00:00:00'),
(6680, 483, 6680, 'Dampal Selatan', '2016-06-05 06:45:06', '0000-00-00 00:00:00'),
(6681, 483, 6681, 'Dampal Utara', '2016-06-05 06:45:06', '0000-00-00 00:00:00'),
(6682, 483, 6682, 'Dondo', '2016-06-05 06:45:06', '0000-00-00 00:00:00'),
(6683, 483, 6683, 'Galang', '2016-06-05 06:45:06', '0000-00-00 00:00:00'),
(6684, 483, 6684, 'Lampasio', '2016-06-05 06:45:06', '0000-00-00 00:00:00'),
(6685, 483, 6685, 'Ogo Deide', '2016-06-05 06:45:06', '0000-00-00 00:00:00'),
(6686, 483, 6686, 'Tolitoli Utara', '2016-06-05 06:45:06', '0000-00-00 00:00:00'),
(6687, 484, 6687, 'Airgaram', '2016-06-05 06:45:06', '0000-00-00 00:00:00'),
(6688, 484, 6688, 'Anawi', '2016-06-05 06:45:06', '0000-00-00 00:00:00'),
(6689, 484, 6689, 'Aweku', '2016-06-05 06:45:06', '0000-00-00 00:00:00'),
(6690, 484, 6690, 'Bewani', '2016-06-05 06:45:06', '0000-00-00 00:00:00'),
(6691, 484, 6691, 'Biuk', '2016-06-05 06:45:06', '0000-00-00 00:00:00'),
(6692, 484, 6692, 'Bogonuk', '2016-06-05 06:45:06', '0000-00-00 00:00:00'),
(6693, 484, 6693, 'Bokondini', '2016-06-05 06:45:06', '0000-00-00 00:00:00'),
(6694, 484, 6694, 'Bokoneri', '2016-06-05 06:45:06', '0000-00-00 00:00:00'),
(6695, 484, 6695, 'Danime', '2016-06-05 06:45:06', '0000-00-00 00:00:00'),
(6696, 484, 6696, 'Dow', '2016-06-05 06:45:06', '0000-00-00 00:00:00'),
(6697, 484, 6697, 'Dundu (Ndundu)', '2016-06-05 06:45:06', '0000-00-00 00:00:00'),
(6698, 484, 6698, 'Egiam', '2016-06-05 06:45:06', '0000-00-00 00:00:00'),
(6699, 484, 6699, 'Geya', '2016-06-05 06:45:06', '0000-00-00 00:00:00'),
(6700, 484, 6700, 'Gika', '2016-06-05 06:45:06', '0000-00-00 00:00:00'),
(6701, 484, 6701, 'Gilubandu (Gilumbandu/Gilimbandu)', '2016-06-05 06:45:06', '0000-00-00 00:00:00'),
(6702, 484, 6702, 'Goyage', '2016-06-05 06:45:06', '0000-00-00 00:00:00'),
(6703, 484, 6703, 'Gundagi (Gudage)', '2016-06-05 06:45:06', '0000-00-00 00:00:00'),
(6704, 484, 6704, 'Kai', '2016-06-05 06:45:06', '0000-00-00 00:00:00'),
(6705, 484, 6705, 'Kamboneri', '2016-06-05 06:45:06', '0000-00-00 00:00:00'),
(6706, 484, 6706, 'Kanggime (Kanggima )', '2016-06-05 06:45:06', '0000-00-00 00:00:00'),
(6707, 484, 6707, 'Karubaga', '2016-06-05 06:45:06', '0000-00-00 00:00:00'),
(6708, 484, 6708, 'Kembu', '2016-06-05 06:45:06', '0000-00-00 00:00:00'),
(6709, 484, 6709, 'Kondaga (Konda)', '2016-06-05 06:45:06', '0000-00-00 00:00:00'),
(6710, 484, 6710, 'Kuari', '2016-06-05 06:45:06', '0000-00-00 00:00:00'),
(6711, 484, 6711, 'Kubu', '2016-06-05 06:45:06', '0000-00-00 00:00:00'),
(6712, 484, 6712, 'Li Anogomma', '2016-06-05 06:45:06', '0000-00-00 00:00:00'),
(6713, 484, 6713, 'Nabunage', '2016-06-05 06:45:06', '0000-00-00 00:00:00'),
(6714, 484, 6714, 'Nelawi', '2016-06-05 06:45:06', '0000-00-00 00:00:00'),
(6715, 484, 6715, 'Numba', '2016-06-05 06:45:06', '0000-00-00 00:00:00'),
(6716, 484, 6716, 'Nunggawi (Munggawi)', '2016-06-05 06:45:06', '0000-00-00 00:00:00'),
(6717, 484, 6717, 'Panaga', '2016-06-05 06:45:06', '0000-00-00 00:00:00'),
(6718, 484, 6718, 'Poganeri', '2016-06-05 06:45:06', '0000-00-00 00:00:00'),
(6719, 484, 6719, 'Tagime', '2016-06-05 06:45:06', '0000-00-00 00:00:00'),
(6720, 484, 6720, 'Tagineri', '2016-06-05 06:45:06', '0000-00-00 00:00:00'),
(6721, 484, 6721, 'Telenggeme', '2016-06-05 06:45:06', '0000-00-00 00:00:00'),
(6722, 484, 6722, 'Timori', '2016-06-05 06:45:06', '0000-00-00 00:00:00'),
(6723, 484, 6723, 'Umagi', '2016-06-05 06:45:06', '0000-00-00 00:00:00'),
(6724, 484, 6724, 'Wakuwo', '2016-06-05 06:45:06', '0000-00-00 00:00:00'),
(6725, 484, 6725, 'Wari (Taiyeve)', '2016-06-05 06:45:06', '0000-00-00 00:00:00'),
(6726, 484, 6726, 'Wenam', '2016-06-05 06:45:06', '0000-00-00 00:00:00'),
(6727, 484, 6727, 'Wina', '2016-06-05 06:45:06', '0000-00-00 00:00:00'),
(6728, 484, 6728, 'Wonoki (Woniki)', '2016-06-05 06:45:06', '0000-00-00 00:00:00'),
(6729, 484, 6729, 'Wugi', '2016-06-05 06:45:06', '0000-00-00 00:00:00'),
(6730, 484, 6730, 'Wunin (Wumin)', '2016-06-05 06:45:06', '0000-00-00 00:00:00'),
(6731, 484, 6731, 'Yuko', '2016-06-05 06:45:06', '0000-00-00 00:00:00'),
(6732, 484, 6732, 'Yuneri', '2016-06-05 06:45:06', '0000-00-00 00:00:00'),
(6733, 485, 6733, 'Tomohon Barat', '2016-06-05 06:45:06', '0000-00-00 00:00:00'),
(6734, 485, 6734, 'Tomohon Selatan', '2016-06-05 06:45:06', '0000-00-00 00:00:00'),
(6735, 485, 6735, 'Tomohon Tengah', '2016-06-05 06:45:06', '0000-00-00 00:00:00'),
(6736, 485, 6736, 'Tomohon Timur', '2016-06-05 06:45:06', '0000-00-00 00:00:00'),
(6737, 485, 6737, 'Tomohon Utara', '2016-06-05 06:45:06', '0000-00-00 00:00:00'),
(6738, 486, 6738, 'Awan Rante Karua', '2016-06-05 06:45:06', '0000-00-00 00:00:00'),
(6739, 486, 6739, 'Balusu', '2016-06-05 06:45:06', '0000-00-00 00:00:00'),
(6740, 486, 6740, 'Bangkelekila', '2016-06-05 06:45:06', '0000-00-00 00:00:00'),
(6741, 486, 6741, 'Baruppu', '2016-06-05 06:45:06', '0000-00-00 00:00:00'),
(6742, 486, 6742, 'Buntao', '2016-06-05 06:45:06', '0000-00-00 00:00:00'),
(6743, 486, 6743, 'Buntu Pepasan', '2016-06-05 06:45:06', '0000-00-00 00:00:00'),
(6744, 486, 6744, 'Dende'' Piongan Napo', '2016-06-05 06:45:06', '0000-00-00 00:00:00'),
(6745, 486, 6745, 'Kapalla Pitu (Kapala Pitu)', '2016-06-05 06:45:06', '0000-00-00 00:00:00'),
(6746, 486, 6746, 'Kesu', '2016-06-05 06:45:06', '0000-00-00 00:00:00'),
(6747, 486, 6747, 'Nanggala', '2016-06-05 06:45:06', '0000-00-00 00:00:00'),
(6748, 486, 6748, 'Rantebua', '2016-06-05 06:45:06', '0000-00-00 00:00:00'),
(6749, 486, 6749, 'Rantepao', '2016-06-05 06:45:06', '0000-00-00 00:00:00'),
(6750, 486, 6750, 'Rindingallo', '2016-06-05 06:45:06', '0000-00-00 00:00:00'),
(6751, 486, 6751, 'Sa''dan', '2016-06-05 06:45:06', '0000-00-00 00:00:00'),
(6752, 486, 6752, 'Sanggalangi', '2016-06-05 06:45:06', '0000-00-00 00:00:00'),
(6753, 486, 6753, 'Sesean', '2016-06-05 06:45:06', '0000-00-00 00:00:00'),
(6754, 486, 6754, 'Sesean Suloara', '2016-06-05 06:45:06', '0000-00-00 00:00:00'),
(6755, 486, 6755, 'Sopai', '2016-06-05 06:45:06', '0000-00-00 00:00:00'),
(6756, 486, 6756, 'Tallunglipu', '2016-06-05 06:45:06', '0000-00-00 00:00:00'),
(6757, 486, 6757, 'Tikala', '2016-06-05 06:45:06', '0000-00-00 00:00:00'),
(6758, 486, 6758, 'Tondon', '2016-06-05 06:45:06', '0000-00-00 00:00:00'),
(6759, 487, 6759, 'Bendungan', '2016-06-05 06:45:06', '0000-00-00 00:00:00'),
(6760, 487, 6760, 'Dongko', '2016-06-05 06:45:06', '0000-00-00 00:00:00'),
(6761, 487, 6761, 'Durenan', '2016-06-05 06:45:06', '0000-00-00 00:00:00'),
(6762, 487, 6762, 'Gandusari', '2016-06-05 06:45:06', '0000-00-00 00:00:00'),
(6763, 487, 6763, 'Kampak', '2016-06-05 06:45:06', '0000-00-00 00:00:00'),
(6764, 487, 6764, 'Karangan', '2016-06-05 06:45:06', '0000-00-00 00:00:00'),
(6765, 487, 6765, 'Munjungan', '2016-06-05 06:45:06', '0000-00-00 00:00:00'),
(6766, 487, 6766, 'Panggul', '2016-06-05 06:45:06', '0000-00-00 00:00:00'),
(6767, 487, 6767, 'Pogalan', '2016-06-05 06:45:06', '0000-00-00 00:00:00'),
(6768, 487, 6768, 'Pule', '2016-06-05 06:45:06', '0000-00-00 00:00:00'),
(6769, 487, 6769, 'Suruh', '2016-06-05 06:45:06', '0000-00-00 00:00:00'),
(6770, 487, 6770, 'Trenggalek', '2016-06-05 06:45:06', '0000-00-00 00:00:00'),
(6771, 487, 6771, 'Tugu', '2016-06-05 06:45:06', '0000-00-00 00:00:00'),
(6772, 487, 6772, 'Watulimo', '2016-06-05 06:45:06', '0000-00-00 00:00:00'),
(6773, 488, 6773, 'Kur Selatan', '2016-06-05 06:45:06', '0000-00-00 00:00:00'),
(6774, 488, 6774, 'Pulau Dullah Selatan', '2016-06-05 06:45:06', '0000-00-00 00:00:00'),
(6775, 488, 6775, 'Pulau Dullah Utara', '2016-06-05 06:45:06', '0000-00-00 00:00:00'),
(6776, 488, 6776, 'Pulau Tayando Tam', '2016-06-05 06:45:06', '0000-00-00 00:00:00'),
(6777, 488, 6777, 'Pulau-Pulau Kur', '2016-06-05 06:45:06', '0000-00-00 00:00:00'),
(6778, 489, 6778, 'Bancar', '2016-06-05 06:45:06', '0000-00-00 00:00:00'),
(6779, 489, 6779, 'Bangilan', '2016-06-05 06:45:06', '0000-00-00 00:00:00'),
(6780, 489, 6780, 'Grabagan', '2016-06-05 06:45:06', '0000-00-00 00:00:00'),
(6781, 489, 6781, 'Jatirogo', '2016-06-05 06:45:06', '0000-00-00 00:00:00'),
(6782, 489, 6782, 'Jenu', '2016-06-05 06:45:06', '0000-00-00 00:00:00'),
(6783, 489, 6783, 'Kenduruan', '2016-06-05 06:45:06', '0000-00-00 00:00:00'),
(6784, 489, 6784, 'Kerek', '2016-06-05 06:45:06', '0000-00-00 00:00:00'),
(6785, 489, 6785, 'Merakurak', '2016-06-05 06:45:06', '0000-00-00 00:00:00'),
(6786, 489, 6786, 'Montong', '2016-06-05 06:45:06', '0000-00-00 00:00:00'),
(6787, 489, 6787, 'Palang', '2016-06-05 06:45:06', '0000-00-00 00:00:00'),
(6788, 489, 6788, 'Parengan', '2016-06-05 06:45:06', '0000-00-00 00:00:00'),
(6789, 489, 6789, 'Plumpang', '2016-06-05 06:45:06', '0000-00-00 00:00:00'),
(6790, 489, 6790, 'Rengel', '2016-06-05 06:45:06', '0000-00-00 00:00:00'),
(6791, 489, 6791, 'Semanding', '2016-06-05 06:45:06', '0000-00-00 00:00:00'),
(6792, 489, 6792, 'Senori', '2016-06-05 06:45:06', '0000-00-00 00:00:00'),
(6793, 489, 6793, 'Singgahan', '2016-06-05 06:45:06', '0000-00-00 00:00:00'),
(6794, 489, 6794, 'Soko', '2016-06-05 06:45:06', '0000-00-00 00:00:00'),
(6795, 489, 6795, 'Tambakboyo', '2016-06-05 06:45:06', '0000-00-00 00:00:00'),
(6796, 489, 6796, 'Tuban', '2016-06-05 06:45:06', '0000-00-00 00:00:00'),
(6797, 489, 6797, 'Widang', '2016-06-05 06:45:06', '0000-00-00 00:00:00'),
(6798, 490, 6798, 'Banjar Agung', '2016-06-05 06:45:06', '0000-00-00 00:00:00'),
(6799, 490, 6799, 'Banjar Baru', '2016-06-05 06:45:06', '0000-00-00 00:00:00'),
(6800, 490, 6800, 'Banjar Margo', '2016-06-05 06:45:06', '0000-00-00 00:00:00'),
(6801, 490, 6801, 'Dente Teladas', '2016-06-05 06:45:06', '0000-00-00 00:00:00'),
(6802, 490, 6802, 'Gedung Aji', '2016-06-05 06:45:06', '0000-00-00 00:00:00'),
(6803, 490, 6803, 'Gedung Aji Baru', '2016-06-05 06:45:06', '0000-00-00 00:00:00'),
(6804, 490, 6804, 'Gedung Meneng', '2016-06-05 06:45:06', '0000-00-00 00:00:00'),
(6805, 490, 6805, 'Menggala', '2016-06-05 06:45:06', '0000-00-00 00:00:00'),
(6806, 490, 6806, 'Menggala Timur', '2016-06-05 06:45:06', '0000-00-00 00:00:00'),
(6807, 490, 6807, 'Meraksa Aji', '2016-06-05 06:45:06', '0000-00-00 00:00:00'),
(6808, 490, 6808, 'Penawar Aji', '2016-06-05 06:45:06', '0000-00-00 00:00:00'),
(6809, 490, 6809, 'Penawar Tama', '2016-06-05 06:45:06', '0000-00-00 00:00:00'),
(6810, 490, 6810, 'Rawa Pitu', '2016-06-05 06:45:06', '0000-00-00 00:00:00'),
(6811, 490, 6811, 'Rawajitu Selatan', '2016-06-05 06:45:06', '0000-00-00 00:00:00'),
(6812, 490, 6812, 'Rawajitu Timur', '2016-06-05 06:45:06', '0000-00-00 00:00:00'),
(6813, 491, 6813, 'Gunung Agung', '2016-06-05 06:45:07', '0000-00-00 00:00:00'),
(6814, 491, 6814, 'Gunung Terang', '2016-06-05 06:45:07', '0000-00-00 00:00:00'),
(6815, 491, 6815, 'Lambu Kibang', '2016-06-05 06:45:07', '0000-00-00 00:00:00'),
(6816, 491, 6816, 'Pagar Dewa', '2016-06-05 06:45:07', '0000-00-00 00:00:00'),
(6817, 491, 6817, 'Tulang Bawang Tengah', '2016-06-05 06:45:07', '0000-00-00 00:00:00'),
(6818, 491, 6818, 'Tulang Bawang Udik', '2016-06-05 06:45:07', '0000-00-00 00:00:00'),
(6819, 491, 6819, 'Tumijajar', '2016-06-05 06:45:07', '0000-00-00 00:00:00'),
(6820, 491, 6820, 'Way Kenanga', '2016-06-05 06:45:07', '0000-00-00 00:00:00'),
(6821, 492, 6821, 'Bandung', '2016-06-05 06:45:07', '0000-00-00 00:00:00'),
(6822, 492, 6822, 'Besuki', '2016-06-05 06:45:07', '0000-00-00 00:00:00'),
(6823, 492, 6823, 'Boyolangu', '2016-06-05 06:45:07', '0000-00-00 00:00:00'),
(6824, 492, 6824, 'Campur Darat', '2016-06-05 06:45:07', '0000-00-00 00:00:00'),
(6825, 492, 6825, 'Gondang', '2016-06-05 06:45:07', '0000-00-00 00:00:00'),
(6826, 492, 6826, 'Kalidawir', '2016-06-05 06:45:07', '0000-00-00 00:00:00'),
(6827, 492, 6827, 'Karang Rejo', '2016-06-05 06:45:07', '0000-00-00 00:00:00'),
(6828, 492, 6828, 'Kauman', '2016-06-05 06:45:07', '0000-00-00 00:00:00'),
(6829, 492, 6829, 'Kedungwaru', '2016-06-05 06:45:07', '0000-00-00 00:00:00'),
(6830, 492, 6830, 'Ngantru', '2016-06-05 06:45:07', '0000-00-00 00:00:00'),
(6831, 492, 6831, 'Ngunut', '2016-06-05 06:45:07', '0000-00-00 00:00:00'),
(6832, 492, 6832, 'Pagerwojo', '2016-06-05 06:45:07', '0000-00-00 00:00:00'),
(6833, 492, 6833, 'Pakel', '2016-06-05 06:45:07', '0000-00-00 00:00:00'),
(6834, 492, 6834, 'Pucanglaban', '2016-06-05 06:45:07', '0000-00-00 00:00:00'),
(6835, 492, 6835, 'Rejotangan', '2016-06-05 06:45:07', '0000-00-00 00:00:00'),
(6836, 492, 6836, 'Sendang', '2016-06-05 06:45:07', '0000-00-00 00:00:00'),
(6837, 492, 6837, 'Sumbergempol', '2016-06-05 06:45:07', '0000-00-00 00:00:00'),
(6838, 492, 6838, 'Tanggung Gunung', '2016-06-05 06:45:07', '0000-00-00 00:00:00'),
(6839, 492, 6839, 'Tulungagung', '2016-06-05 06:45:07', '0000-00-00 00:00:00'),
(6840, 493, 6840, 'Belawa', '2016-06-05 06:45:07', '0000-00-00 00:00:00'),
(6841, 493, 6841, 'Bola', '2016-06-05 06:45:07', '0000-00-00 00:00:00'),
(6842, 493, 6842, 'Gilireng', '2016-06-05 06:45:07', '0000-00-00 00:00:00'),
(6843, 493, 6843, 'Keera', '2016-06-05 06:45:07', '0000-00-00 00:00:00'),
(6844, 493, 6844, 'Majauleng', '2016-06-05 06:45:07', '0000-00-00 00:00:00'),
(6845, 493, 6845, 'Maniang Pajo', '2016-06-05 06:45:07', '0000-00-00 00:00:00'),
(6846, 493, 6846, 'Pammana', '2016-06-05 06:45:07', '0000-00-00 00:00:00'),
(6847, 493, 6847, 'Penrang', '2016-06-05 06:45:07', '0000-00-00 00:00:00'),
(6848, 493, 6848, 'Pitumpanua', '2016-06-05 06:45:07', '0000-00-00 00:00:00'),
(6849, 493, 6849, 'Sabbang Paru', '2016-06-05 06:45:07', '0000-00-00 00:00:00'),
(6850, 493, 6850, 'Sajoanging', '2016-06-05 06:45:07', '0000-00-00 00:00:00'),
(6851, 493, 6851, 'Takkalalla', '2016-06-05 06:45:07', '0000-00-00 00:00:00'),
(6852, 493, 6852, 'Tana Sitolo', '2016-06-05 06:45:07', '0000-00-00 00:00:00'),
(6853, 493, 6853, 'Tempe', '2016-06-05 06:45:07', '0000-00-00 00:00:00'),
(6854, 494, 6854, 'Binongko', '2016-06-05 06:45:07', '0000-00-00 00:00:00'),
(6855, 494, 6855, 'Kaledupa', '2016-06-05 06:45:07', '0000-00-00 00:00:00'),
(6856, 494, 6856, 'Kaledupa Selatan', '2016-06-05 06:45:07', '0000-00-00 00:00:00'),
(6857, 494, 6857, 'Togo Binongko', '2016-06-05 06:45:07', '0000-00-00 00:00:00'),
(6858, 494, 6858, 'Tomia', '2016-06-05 06:45:07', '0000-00-00 00:00:00'),
(6859, 494, 6859, 'Tomia Timur', '2016-06-05 06:45:07', '0000-00-00 00:00:00'),
(6860, 494, 6860, 'Wangi-Wangi', '2016-06-05 06:45:07', '0000-00-00 00:00:00'),
(6861, 494, 6861, 'Wangi-Wangi Selatan', '2016-06-05 06:45:07', '0000-00-00 00:00:00'),
(6862, 495, 6862, 'Demba Masirei', '2016-06-05 06:45:07', '0000-00-00 00:00:00'),
(6863, 495, 6863, 'Inggerus', '2016-06-05 06:45:07', '0000-00-00 00:00:00'),
(6864, 495, 6864, 'Kirihi', '2016-06-05 06:45:07', '0000-00-00 00:00:00'),
(6865, 495, 6865, 'Masirei', '2016-06-05 06:45:07', '0000-00-00 00:00:00'),
(6866, 495, 6866, 'Oudate Waropen', '2016-06-05 06:45:07', '0000-00-00 00:00:00'),
(6867, 495, 6867, 'Risei Sayati', '2016-06-05 06:45:07', '0000-00-00 00:00:00'),
(6868, 495, 6868, 'Ureifasei', '2016-06-05 06:45:07', '0000-00-00 00:00:00'),
(6869, 495, 6869, 'Wapoga Inggerus', '2016-06-05 06:45:07', '0000-00-00 00:00:00'),
(6870, 495, 6870, 'Waropen Bawah', '2016-06-05 06:45:07', '0000-00-00 00:00:00'),
(6871, 496, 6871, 'Bahuga', '2016-06-05 06:45:07', '0000-00-00 00:00:00'),
(6872, 496, 6872, 'Banjit', '2016-06-05 06:45:07', '0000-00-00 00:00:00'),
(6873, 496, 6873, 'Baradatu', '2016-06-05 06:45:07', '0000-00-00 00:00:00'),
(6874, 496, 6874, 'Blambangan Umpu', '2016-06-05 06:45:07', '0000-00-00 00:00:00'),
(6875, 496, 6875, 'Buay Bahuga', '2016-06-05 06:45:07', '0000-00-00 00:00:00'),
(6876, 496, 6876, 'Bumi Agung', '2016-06-05 06:45:07', '0000-00-00 00:00:00'),
(6877, 496, 6877, 'Gunung Labuhan', '2016-06-05 06:45:07', '0000-00-00 00:00:00'),
(6878, 496, 6878, 'Kasui', '2016-06-05 06:45:07', '0000-00-00 00:00:00'),
(6879, 496, 6879, 'Negara Batin', '2016-06-05 06:45:07', '0000-00-00 00:00:00'),
(6880, 496, 6880, 'Negeri Agung', '2016-06-05 06:45:07', '0000-00-00 00:00:00'),
(6881, 496, 6881, 'Negeri Besar', '2016-06-05 06:45:07', '0000-00-00 00:00:00'),
(6882, 496, 6882, 'Pakuan Ratu', '2016-06-05 06:45:07', '0000-00-00 00:00:00'),
(6883, 496, 6883, 'Rebang Tangkas', '2016-06-05 06:45:07', '0000-00-00 00:00:00'),
(6884, 496, 6884, 'Way Tuba', '2016-06-05 06:45:07', '0000-00-00 00:00:00'),
(6885, 497, 6885, 'Baturetno', '2016-06-05 06:45:07', '0000-00-00 00:00:00'),
(6886, 497, 6886, 'Batuwarno', '2016-06-05 06:45:07', '0000-00-00 00:00:00'),
(6887, 497, 6887, 'Bulukerto', '2016-06-05 06:45:07', '0000-00-00 00:00:00'),
(6888, 497, 6888, 'Eromoko', '2016-06-05 06:45:07', '0000-00-00 00:00:00'),
(6889, 497, 6889, 'Girimarto', '2016-06-05 06:45:07', '0000-00-00 00:00:00'),
(6890, 497, 6890, 'Giritontro', '2016-06-05 06:45:07', '0000-00-00 00:00:00'),
(6891, 497, 6891, 'Giriwoyo', '2016-06-05 06:45:07', '0000-00-00 00:00:00'),
(6892, 497, 6892, 'Jatipurno', '2016-06-05 06:45:07', '0000-00-00 00:00:00'),
(6893, 497, 6893, 'Jatiroto', '2016-06-05 06:45:07', '0000-00-00 00:00:00'),
(6894, 497, 6894, 'Jatisrono', '2016-06-05 06:45:07', '0000-00-00 00:00:00'),
(6895, 497, 6895, 'Karangtengah', '2016-06-05 06:45:07', '0000-00-00 00:00:00'),
(6896, 497, 6896, 'Kismantoro', '2016-06-05 06:45:07', '0000-00-00 00:00:00'),
(6897, 497, 6897, 'Manyaran', '2016-06-05 06:45:07', '0000-00-00 00:00:00'),
(6898, 497, 6898, 'Ngadirojo', '2016-06-05 06:45:07', '0000-00-00 00:00:00'),
(6899, 497, 6899, 'Nguntoronadi', '2016-06-05 06:45:07', '0000-00-00 00:00:00'),
(6900, 497, 6900, 'Paranggupito', '2016-06-05 06:45:07', '0000-00-00 00:00:00'),
(6901, 497, 6901, 'Pracimantoro', '2016-06-05 06:45:07', '0000-00-00 00:00:00'),
(6902, 497, 6902, 'Puhpelem', '2016-06-05 06:45:07', '0000-00-00 00:00:00'),
(6903, 497, 6903, 'Purwantoro', '2016-06-05 06:45:07', '0000-00-00 00:00:00'),
(6904, 497, 6904, 'Selogiri', '2016-06-05 06:45:07', '0000-00-00 00:00:00'),
(6905, 497, 6905, 'Sidoharjo', '2016-06-05 06:45:07', '0000-00-00 00:00:00'),
(6906, 497, 6906, 'Slogohimo', '2016-06-05 06:45:07', '0000-00-00 00:00:00'),
(6907, 497, 6907, 'Tirtomoyo', '2016-06-05 06:45:07', '0000-00-00 00:00:00'),
(6908, 497, 6908, 'Wonogiri', '2016-06-05 06:45:07', '0000-00-00 00:00:00'),
(6909, 497, 6909, 'Wuryantoro', '2016-06-05 06:45:07', '0000-00-00 00:00:00'),
(6910, 498, 6910, 'Garung', '2016-06-05 06:45:07', '0000-00-00 00:00:00'),
(6911, 498, 6911, 'Kalibawang', '2016-06-05 06:45:07', '0000-00-00 00:00:00'),
(6912, 498, 6912, 'Kalikajar', '2016-06-05 06:45:07', '0000-00-00 00:00:00'),
(6913, 498, 6913, 'Kaliwiro', '2016-06-05 06:45:07', '0000-00-00 00:00:00'),
(6914, 498, 6914, 'Kejajar', '2016-06-05 06:45:07', '0000-00-00 00:00:00'),
(6915, 498, 6915, 'Kepil', '2016-06-05 06:45:07', '0000-00-00 00:00:00'),
(6916, 498, 6916, 'Kertek', '2016-06-05 06:45:07', '0000-00-00 00:00:00'),
(6917, 498, 6917, 'Leksono', '2016-06-05 06:45:07', '0000-00-00 00:00:00'),
(6918, 498, 6918, 'Mojotengah', '2016-06-05 06:45:07', '0000-00-00 00:00:00'),
(6919, 498, 6919, 'Sapuran', '2016-06-05 06:45:07', '0000-00-00 00:00:00'),
(6920, 498, 6920, 'Selomerto', '2016-06-05 06:45:07', '0000-00-00 00:00:00'),
(6921, 498, 6921, 'Sukoharjo', '2016-06-05 06:45:07', '0000-00-00 00:00:00'),
(6922, 498, 6922, 'Wadaslintang', '2016-06-05 06:45:07', '0000-00-00 00:00:00'),
(6923, 498, 6923, 'Watumalang', '2016-06-05 06:45:07', '0000-00-00 00:00:00'),
(6924, 498, 6924, 'Wonosobo', '2016-06-05 06:45:07', '0000-00-00 00:00:00'),
(6925, 499, 6925, 'Amuma', '2016-06-05 06:45:07', '0000-00-00 00:00:00'),
(6926, 499, 6926, 'Anggruk', '2016-06-05 06:45:07', '0000-00-00 00:00:00'),
(6927, 499, 6927, 'Bomela', '2016-06-05 06:45:07', '0000-00-00 00:00:00'),
(6928, 499, 6928, 'Dekai', '2016-06-05 06:45:07', '0000-00-00 00:00:00'),
(6929, 499, 6929, 'Dirwemna (Diruwena)', '2016-06-05 06:45:07', '0000-00-00 00:00:00'),
(6930, 499, 6930, 'Duram', '2016-06-05 06:45:07', '0000-00-00 00:00:00'),
(6931, 499, 6931, 'Endomen', '2016-06-05 06:45:07', '0000-00-00 00:00:00'),
(6932, 499, 6932, 'Hereapini (Hereanini)', '2016-06-05 06:45:07', '0000-00-00 00:00:00'),
(6933, 499, 6933, 'Hilipuk', '2016-06-05 06:45:07', '0000-00-00 00:00:00'),
(6934, 499, 6934, 'Hogio (Hugio)', '2016-06-05 06:45:07', '0000-00-00 00:00:00'),
(6935, 499, 6935, 'Holuon', '2016-06-05 06:45:07', '0000-00-00 00:00:00'),
(6936, 499, 6936, 'Kabianggama (Kabianggema)', '2016-06-05 06:45:07', '0000-00-00 00:00:00'),
(6937, 499, 6937, 'Kayo', '2016-06-05 06:45:07', '0000-00-00 00:00:00'),
(6938, 499, 6938, 'Kona', '2016-06-05 06:45:07', '0000-00-00 00:00:00'),
(6939, 499, 6939, 'Koropun (Korupun)', '2016-06-05 06:45:07', '0000-00-00 00:00:00'),
(6940, 499, 6940, 'Kosarek', '2016-06-05 06:45:07', '0000-00-00 00:00:00'),
(6941, 499, 6941, 'Kurima', '2016-06-05 06:45:07', '0000-00-00 00:00:00'),
(6942, 499, 6942, 'Kwelemdua (Kwelamdua)', '2016-06-05 06:45:07', '0000-00-00 00:00:00'),
(6943, 499, 6943, 'Kwikma', '2016-06-05 06:45:07', '0000-00-00 00:00:00'),
(6944, 499, 6944, 'Langda', '2016-06-05 06:45:07', '0000-00-00 00:00:00'),
(6945, 499, 6945, 'Lolat', '2016-06-05 06:45:07', '0000-00-00 00:00:00'),
(6946, 499, 6946, 'Mugi', '2016-06-05 06:45:07', '0000-00-00 00:00:00'),
(6947, 499, 6947, 'Musaik', '2016-06-05 06:45:07', '0000-00-00 00:00:00'),
(6948, 499, 6948, 'Nalca', '2016-06-05 06:45:07', '0000-00-00 00:00:00'),
(6949, 499, 6949, 'Ninia', '2016-06-05 06:45:07', '0000-00-00 00:00:00'),
(6950, 499, 6950, 'Nipsan', '2016-06-05 06:45:07', '0000-00-00 00:00:00'),
(6951, 499, 6951, 'Obio', '2016-06-05 06:45:07', '0000-00-00 00:00:00'),
(6952, 499, 6952, 'Panggema', '2016-06-05 06:45:07', '0000-00-00 00:00:00'),
(6953, 499, 6953, 'Pasema', '2016-06-05 06:45:07', '0000-00-00 00:00:00'),
(6954, 499, 6954, 'Pronggoli (Proggoli)', '2016-06-05 06:45:07', '0000-00-00 00:00:00'),
(6955, 499, 6955, 'Puldama', '2016-06-05 06:45:07', '0000-00-00 00:00:00'),
(6956, 499, 6956, 'Samenage', '2016-06-05 06:45:07', '0000-00-00 00:00:00'),
(6957, 499, 6957, 'Sela', '2016-06-05 06:45:07', '0000-00-00 00:00:00'),
(6958, 499, 6958, 'Seredela (Seredala)', '2016-06-05 06:45:07', '0000-00-00 00:00:00'),
(6959, 499, 6959, 'Silimo', '2016-06-05 06:45:07', '0000-00-00 00:00:00'),
(6960, 499, 6960, 'Soba', '2016-06-05 06:45:07', '0000-00-00 00:00:00'),
(6961, 499, 6961, 'Sobaham', '2016-06-05 06:45:07', '0000-00-00 00:00:00'),
(6962, 499, 6962, 'Soloikma', '2016-06-05 06:45:07', '0000-00-00 00:00:00'),
(6963, 499, 6963, 'Sumo', '2016-06-05 06:45:07', '0000-00-00 00:00:00'),
(6964, 499, 6964, 'Suntamon', '2016-06-05 06:45:07', '0000-00-00 00:00:00'),
(6965, 499, 6965, 'Suru Suru', '2016-06-05 06:45:07', '0000-00-00 00:00:00'),
(6966, 499, 6966, 'Talambo', '2016-06-05 06:45:07', '0000-00-00 00:00:00'),
(6967, 499, 6967, 'Tangma', '2016-06-05 06:45:07', '0000-00-00 00:00:00'),
(6968, 499, 6968, 'Ubahak', '2016-06-05 06:45:07', '0000-00-00 00:00:00'),
(6969, 499, 6969, 'Ubalihi', '2016-06-05 06:45:07', '0000-00-00 00:00:00'),
(6970, 499, 6970, 'Ukha', '2016-06-05 06:45:07', '0000-00-00 00:00:00'),
(6971, 499, 6971, 'Walma', '2016-06-05 06:45:07', '0000-00-00 00:00:00'),
(6972, 499, 6972, 'Werima', '2016-06-05 06:45:07', '0000-00-00 00:00:00'),
(6973, 499, 6973, 'Wusuma', '2016-06-05 06:45:07', '0000-00-00 00:00:00'),
(6974, 499, 6974, 'Yahuliambut', '2016-06-05 06:45:07', '0000-00-00 00:00:00'),
(6975, 499, 6975, 'Yogosem', '2016-06-05 06:45:07', '0000-00-00 00:00:00'),
(6976, 500, 6976, 'Abenaho', '2016-06-05 06:46:38', '0000-00-00 00:00:00'),
(6977, 500, 6977, 'Apalapsili', '2016-06-05 06:46:38', '0000-00-00 00:00:00'),
(6978, 500, 6978, 'Benawa', '2016-06-05 06:46:38', '0000-00-00 00:00:00'),
(6979, 500, 6979, 'Elelim', '2016-06-05 06:46:38', '0000-00-00 00:00:00'),
(6980, 500, 6980, 'Welarek', '2016-06-05 06:46:38', '0000-00-00 00:00:00'),
(6981, 501, 6981, 'Danurejan', '2016-06-05 06:46:55', '0000-00-00 00:00:00'),
(6982, 501, 6982, 'Gedong Tengen', '2016-06-05 06:46:55', '0000-00-00 00:00:00'),
(6983, 501, 6983, 'Gondokusuman', '2016-06-05 06:46:55', '0000-00-00 00:00:00'),
(6984, 501, 6984, 'Gondomanan', '2016-06-05 06:46:55', '0000-00-00 00:00:00'),
(6985, 501, 6985, 'Jetis', '2016-06-05 06:46:55', '0000-00-00 00:00:00'),
(6986, 501, 6986, 'Kotagede', '2016-06-05 06:46:55', '0000-00-00 00:00:00'),
(6987, 501, 6987, 'Kraton', '2016-06-05 06:46:55', '0000-00-00 00:00:00'),
(6988, 501, 6988, 'Mantrijeron', '2016-06-05 06:46:55', '0000-00-00 00:00:00'),
(6989, 501, 6989, 'Mergangsan', '2016-06-05 06:46:55', '0000-00-00 00:00:00'),
(6990, 501, 6990, 'Ngampilan', '2016-06-05 06:46:55', '0000-00-00 00:00:00'),
(6991, 501, 6991, 'Pakualaman', '2016-06-05 06:46:55', '0000-00-00 00:00:00'),
(6992, 501, 6992, 'Tegalrejo', '2016-06-05 06:46:55', '0000-00-00 00:00:00'),
(6993, 501, 6993, 'Umbulharjo', '2016-06-05 06:46:55', '0000-00-00 00:00:00'),
(6994, 501, 6994, 'Wirobrajan', '2016-06-05 06:46:55', '0000-00-00 00:00:00');

-- --------------------------------------------------------

--
-- Table structure for table `bkm_tag`
--

CREATE TABLE `bkm_tag` (
  `id` int(11) NOT NULL,
  `tag_name` varchar(50) DEFAULT NULL,
  `tag_name_alias` varchar(100) DEFAULT NULL,
  `upd_by` int(10) DEFAULT NULL,
  `created_at` timestamp NULL DEFAULT '0000-00-00 00:00:00',
  `updated_at` timestamp NULL DEFAULT '0000-00-00 00:00:00' ON UPDATE CURRENT_TIMESTAMP
) ENGINE=InnoDB DEFAULT CHARSET=latin1;

-- --------------------------------------------------------

--
-- Table structure for table `bkm_user`
--

CREATE TABLE `bkm_user` (
  `id` int(10) NOT NULL,
  `user_access_id` int(11) DEFAULT NULL,
  `language_id` tinyint(2) DEFAULT NULL,
  `email` varchar(50) DEFAULT NULL,
  `password` varchar(100) DEFAULT NULL,
  `name` varchar(50) DEFAULT NULL,
  `images` varchar(100) DEFAULT NULL,
  `description` text,
  `remember_token` varchar(100) DEFAULT NULL,
  `status` varchar(1) DEFAULT NULL,
  `upd_by` int(10) DEFAULT NULL,
  `created_at` timestamp NULL DEFAULT '0000-00-00 00:00:00',
  `updated_at` timestamp NULL DEFAULT '0000-00-00 00:00:00' ON UPDATE CURRENT_TIMESTAMP
) ENGINE=MyISAM DEFAULT CHARSET=latin1;

--
-- Dumping data for table `bkm_user`
--

INSERT INTO `bkm_user` (`id`, `user_access_id`, `language_id`, `email`, `password`, `name`, `images`, `description`, `remember_token`, `status`, `upd_by`, `created_at`, `updated_at`) VALUES
(1, 1, 2, 'admin@admin.com', '$2y$10$pGWG4e/C/hjEKj2QRFDWxOLdcxvfE2PCWCTaV8tjhr0TZyyBMDqQ.', 'vincent', 'GhsSde_2-9670.jpg', 'cent', 'OQT2puCe1duTG4R4LmNRJh2gZfNShyAFVGbgCas5Rb6TlBazNYL5Y4MhJyHI', 'y', 1, '2015-09-30 02:02:34', '2017-12-08 10:28:52');

-- --------------------------------------------------------

--
-- Table structure for table `bkm_useraccess`
--

CREATE TABLE `bkm_useraccess` (
  `id` int(11) NOT NULL,
  `access_name` varchar(40) DEFAULT NULL,
  `created_at` timestamp NULL DEFAULT '0000-00-00 00:00:00',
  `updated_at` timestamp NULL DEFAULT '0000-00-00 00:00:00' ON UPDATE CURRENT_TIMESTAMP
) ENGINE=MyISAM DEFAULT CHARSET=latin1;

--
-- Dumping data for table `bkm_useraccess`
--

INSERT INTO `bkm_useraccess` (`id`, `access_name`, `created_at`, `updated_at`) VALUES
(1, 'Super Admin', '0000-00-00 00:00:00', '0000-00-00 00:00:00');

-- --------------------------------------------------------

--
-- Table structure for table `bkm_voucher`
--

CREATE TABLE `bkm_voucher` (
  `id` int(11) NOT NULL,
  `voucher_code` varchar(100) DEFAULT NULL,
  `voucher_name` varchar(100) DEFAULT NULL,
  `description` text,
  `valid_from` date DEFAULT NULL,
  `valid_to` date DEFAULT NULL,
  `discount_type` varchar(1) DEFAULT NULL,
  `amount` decimal(30,2) DEFAULT NULL,
  `free_shipping` varchar(1) DEFAULT NULL,
  `total` int(5) DEFAULT NULL,
  `total_use_per_user` int(5) DEFAULT NULL,
  `min_checkout` decimal(30,2) DEFAULT NULL,
  `status` varchar(1) DEFAULT NULL,
  `upd_by` int(10) DEFAULT NULL,
  `created_at` timestamp NULL DEFAULT '0000-00-00 00:00:00',
  `updated_at` timestamp NULL DEFAULT '0000-00-00 00:00:00' ON UPDATE CURRENT_TIMESTAMP
) ENGINE=InnoDB DEFAULT CHARSET=latin1;

--
-- Dumping data for table `bkm_voucher`
--

INSERT INTO `bkm_voucher` (`id`, `voucher_code`, `voucher_name`, `description`, `valid_from`, `valid_to`, `discount_type`, `amount`, `free_shipping`, `total`, `total_use_per_user`, `min_checkout`, `status`, `upd_by`, `created_at`, `updated_at`) VALUES
(4, '123', '123', '123', '2016-11-01', '2018-12-22', 'v', '100000.00', 'n', 1800, 1, '15000.00', 'y', 1, '2016-11-25 04:40:56', '2017-03-21 03:17:46'),
(5, '117317', 'aku ingin diskon', 'Voucher untuk orang yang pengen diskon', '2017-10-11', '2017-12-31', 'p', '10.00', 'n', 100, 1, '0.00', 'y', 1, '2017-03-29 06:58:04', '2017-12-06 08:19:12');

-- --------------------------------------------------------

--
-- Table structure for table `bkm_voucher_customer_group_data`
--

CREATE TABLE `bkm_voucher_customer_group_data` (
  `id` int(11) NOT NULL,
  `voucher_id` int(10) DEFAULT NULL,
  `customer_group_id` int(10) DEFAULT NULL,
  `created_at` timestamp NULL DEFAULT '0000-00-00 00:00:00',
  `updated_at` timestamp NULL DEFAULT '0000-00-00 00:00:00' ON UPDATE CURRENT_TIMESTAMP
) ENGINE=InnoDB DEFAULT CHARSET=latin1;

--
-- Indexes for dumped tables
--

--
-- Indexes for table `bkm_authmenu`
--
ALTER TABLE `bkm_authmenu`
  ADD PRIMARY KEY (`id`);

--
-- Indexes for table `bkm_bank_account`
--
ALTER TABLE `bkm_bank_account`
  ADD PRIMARY KEY (`id`);

--
-- Indexes for table `bkm_banner`
--
ALTER TABLE `bkm_banner`
  ADD PRIMARY KEY (`id`);

--
-- Indexes for table `bkm_category`
--
ALTER TABLE `bkm_category`
  ADD PRIMARY KEY (`id`);

--
-- Indexes for table `bkm_city`
--
ALTER TABLE `bkm_city`
  ADD PRIMARY KEY (`id`);

--
-- Indexes for table `bkm_config`
--
ALTER TABLE `bkm_config`
  ADD PRIMARY KEY (`id`);

--
-- Indexes for table `bkm_contact`
--
ALTER TABLE `bkm_contact`
  ADD PRIMARY KEY (`id`);

--
-- Indexes for table `bkm_contactmessage`
--
ALTER TABLE `bkm_contactmessage`
  ADD PRIMARY KEY (`id`);

--
-- Indexes for table `bkm_content`
--
ALTER TABLE `bkm_content`
  ADD PRIMARY KEY (`id`);

--
-- Indexes for table `bkm_customer`
--
ALTER TABLE `bkm_customer`
  ADD PRIMARY KEY (`id`);

--
-- Indexes for table `bkm_customer_address`
--
ALTER TABLE `bkm_customer_address`
  ADD PRIMARY KEY (`id`);

--
-- Indexes for table `bkm_customer_cart`
--
ALTER TABLE `bkm_customer_cart`
  ADD PRIMARY KEY (`id`);

--
-- Indexes for table `bkm_customer_group`
--
ALTER TABLE `bkm_customer_group`
  ADD PRIMARY KEY (`id`);

--
-- Indexes for table `bkm_customer_group_data`
--
ALTER TABLE `bkm_customer_group_data`
  ADD PRIMARY KEY (`id`);

--
-- Indexes for table `bkm_customer_wishlist`
--
ALTER TABLE `bkm_customer_wishlist`
  ADD PRIMARY KEY (`id`);

--
-- Indexes for table `bkm_delivery_price`
--
ALTER TABLE `bkm_delivery_price`
  ADD PRIMARY KEY (`id`);

--
-- Indexes for table `bkm_delivery_service`
--
ALTER TABLE `bkm_delivery_service`
  ADD PRIMARY KEY (`id`);

--
-- Indexes for table `bkm_delivery_service_sub`
--
ALTER TABLE `bkm_delivery_service_sub`
  ADD PRIMARY KEY (`id`);

--
-- Indexes for table `bkm_discount`
--
ALTER TABLE `bkm_discount`
  ADD PRIMARY KEY (`id`);

--
-- Indexes for table `bkm_featured_product_dt`
--
ALTER TABLE `bkm_featured_product_dt`
  ADD PRIMARY KEY (`id`);

--
-- Indexes for table `bkm_featured_product_hd`
--
ALTER TABLE `bkm_featured_product_hd`
  ADD PRIMARY KEY (`id`);

--
-- Indexes for table `bkm_flash_deal`
--
ALTER TABLE `bkm_flash_deal`
  ADD PRIMARY KEY (`id`);

--
-- Indexes for table `bkm_jobs`
--
ALTER TABLE `bkm_jobs`
  ADD PRIMARY KEY (`id`),
  ADD KEY `jobs_queue_reserved_reserved_at_index` (`queue`,`reserved`,`reserved_at`);

--
-- Indexes for table `bkm_mslanguage`
--
ALTER TABLE `bkm_mslanguage`
  ADD PRIMARY KEY (`id`);

--
-- Indexes for table `bkm_msmenu`
--
ALTER TABLE `bkm_msmenu`
  ADD PRIMARY KEY (`id`);

--
-- Indexes for table `bkm_orderaddress`
--
ALTER TABLE `bkm_orderaddress`
  ADD PRIMARY KEY (`id`);

--
-- Indexes for table `bkm_orderbilling`
--
ALTER TABLE `bkm_orderbilling`
  ADD PRIMARY KEY (`id`);

--
-- Indexes for table `bkm_orderconfirm`
--
ALTER TABLE `bkm_orderconfirm`
  ADD PRIMARY KEY (`id`);

--
-- Indexes for table `bkm_orderdt`
--
ALTER TABLE `bkm_orderdt`
  ADD PRIMARY KEY (`id`);

--
-- Indexes for table `bkm_orderhd`
--
ALTER TABLE `bkm_orderhd`
  ADD PRIMARY KEY (`id`);

--
-- Indexes for table `bkm_orderlog`
--
ALTER TABLE `bkm_orderlog`
  ADD PRIMARY KEY (`id`);

--
-- Indexes for table `bkm_orderlogstock`
--
ALTER TABLE `bkm_orderlogstock`
  ADD PRIMARY KEY (`id`);

--
-- Indexes for table `bkm_orderstatus`
--
ALTER TABLE `bkm_orderstatus`
  ADD PRIMARY KEY (`id`);

--
-- Indexes for table `bkm_ordervoucher`
--
ALTER TABLE `bkm_ordervoucher`
  ADD PRIMARY KEY (`id`);

--
-- Indexes for table `bkm_pages`
--
ALTER TABLE `bkm_pages`
  ADD PRIMARY KEY (`id`);

--
-- Indexes for table `bkm_password_resets`
--
ALTER TABLE `bkm_password_resets`
  ADD PRIMARY KEY (`email`,`token`),
  ADD KEY `password_resets_email_index` (`email`),
  ADD KEY `password_resets_token_index` (`token`);

--
-- Indexes for table `bkm_payment_method`
--
ALTER TABLE `bkm_payment_method`
  ADD PRIMARY KEY (`id`);

--
-- Indexes for table `bkm_popup`
--
ALTER TABLE `bkm_popup`
  ADD PRIMARY KEY (`id`);

--
-- Indexes for table `bkm_post`
--
ALTER TABLE `bkm_post`
  ADD PRIMARY KEY (`id`);

--
-- Indexes for table `bkm_post_related`
--
ALTER TABLE `bkm_post_related`
  ADD PRIMARY KEY (`id`);

--
-- Indexes for table `bkm_post_tag`
--
ALTER TABLE `bkm_post_tag`
  ADD PRIMARY KEY (`id`);

--
-- Indexes for table `bkm_price_rule`
--
ALTER TABLE `bkm_price_rule`
  ADD PRIMARY KEY (`id`);

--
-- Indexes for table `bkm_price_rule_product`
--
ALTER TABLE `bkm_price_rule_product`
  ADD PRIMARY KEY (`id_price_rule`,`id_product`);

--
-- Indexes for table `bkm_product`
--
ALTER TABLE `bkm_product`
  ADD PRIMARY KEY (`id`);

--
-- Indexes for table `bkm_product_attribute`
--
ALTER TABLE `bkm_product_attribute`
  ADD PRIMARY KEY (`id`);

--
-- Indexes for table `bkm_product_attribute_data`
--
ALTER TABLE `bkm_product_attribute_data`
  ADD PRIMARY KEY (`id`);

--
-- Indexes for table `bkm_product_brand`
--
ALTER TABLE `bkm_product_brand`
  ADD PRIMARY KEY (`id`);

--
-- Indexes for table `bkm_product_category`
--
ALTER TABLE `bkm_product_category`
  ADD PRIMARY KEY (`id`);

--
-- Indexes for table `bkm_product_data_attribute`
--
ALTER TABLE `bkm_product_data_attribute`
  ADD PRIMARY KEY (`id`);

--
-- Indexes for table `bkm_product_data_attribute_master`
--
ALTER TABLE `bkm_product_data_attribute_master`
  ADD PRIMARY KEY (`id`);

--
-- Indexes for table `bkm_product_data_category`
--
ALTER TABLE `bkm_product_data_category`
  ADD PRIMARY KEY (`id`);

--
-- Indexes for table `bkm_product_data_images`
--
ALTER TABLE `bkm_product_data_images`
  ADD PRIMARY KEY (`id`);

--
-- Indexes for table `bkm_province`
--
ALTER TABLE `bkm_province`
  ADD PRIMARY KEY (`id`);

--
-- Indexes for table `bkm_sessions`
--
ALTER TABLE `bkm_sessions`
  ADD UNIQUE KEY `sessions_id_unique` (`id`);

--
-- Indexes for table `bkm_slideshow`
--
ALTER TABLE `bkm_slideshow`
  ADD PRIMARY KEY (`id`);

--
-- Indexes for table `bkm_socialmedia`
--
ALTER TABLE `bkm_socialmedia`
  ADD PRIMARY KEY (`id`);

--
-- Indexes for table `bkm_subscriber`
--
ALTER TABLE `bkm_subscriber`
  ADD PRIMARY KEY (`id`);

--
-- Indexes for table `bkm_sub_district`
--
ALTER TABLE `bkm_sub_district`
  ADD PRIMARY KEY (`id`);

--
-- Indexes for table `bkm_tag`
--
ALTER TABLE `bkm_tag`
  ADD PRIMARY KEY (`id`);

--
-- Indexes for table `bkm_user`
--
ALTER TABLE `bkm_user`
  ADD PRIMARY KEY (`id`);

--
-- Indexes for table `bkm_useraccess`
--
ALTER TABLE `bkm_useraccess`
  ADD PRIMARY KEY (`id`);

--
-- Indexes for table `bkm_voucher`
--
ALTER TABLE `bkm_voucher`
  ADD PRIMARY KEY (`id`);

--
-- Indexes for table `bkm_voucher_customer_group_data`
--
ALTER TABLE `bkm_voucher_customer_group_data`
  ADD PRIMARY KEY (`id`);

--
-- AUTO_INCREMENT for dumped tables
--

--
-- AUTO_INCREMENT for table `bkm_authmenu`
--
ALTER TABLE `bkm_authmenu`
  MODIFY `id` int(11) NOT NULL AUTO_INCREMENT, AUTO_INCREMENT=2165;
--
-- AUTO_INCREMENT for table `bkm_bank_account`
--
ALTER TABLE `bkm_bank_account`
  MODIFY `id` int(11) NOT NULL AUTO_INCREMENT, AUTO_INCREMENT=3;
--
-- AUTO_INCREMENT for table `bkm_banner`
--
ALTER TABLE `bkm_banner`
  MODIFY `id` int(11) NOT NULL AUTO_INCREMENT, AUTO_INCREMENT=2;
--
-- AUTO_INCREMENT for table `bkm_category`
--
ALTER TABLE `bkm_category`
  MODIFY `id` int(11) NOT NULL AUTO_INCREMENT, AUTO_INCREMENT=11;
--
-- AUTO_INCREMENT for table `bkm_city`
--
ALTER TABLE `bkm_city`
  MODIFY `id` int(11) NOT NULL AUTO_INCREMENT, AUTO_INCREMENT=502;
--
-- AUTO_INCREMENT for table `bkm_config`
--
ALTER TABLE `bkm_config`
  MODIFY `id` int(10) NOT NULL AUTO_INCREMENT, AUTO_INCREMENT=28;
--
-- AUTO_INCREMENT for table `bkm_contact`
--
ALTER TABLE `bkm_contact`
  MODIFY `id` int(11) NOT NULL AUTO_INCREMENT, AUTO_INCREMENT=3;
--
-- AUTO_INCREMENT for table `bkm_contactmessage`
--
ALTER TABLE `bkm_contactmessage`
  MODIFY `id` int(11) NOT NULL AUTO_INCREMENT, AUTO_INCREMENT=14;
--
-- AUTO_INCREMENT for table `bkm_content`
--
ALTER TABLE `bkm_content`
  MODIFY `id` int(10) NOT NULL AUTO_INCREMENT, AUTO_INCREMENT=3;
--
-- AUTO_INCREMENT for table `bkm_customer`
--
ALTER TABLE `bkm_customer`
  MODIFY `id` int(11) NOT NULL AUTO_INCREMENT, AUTO_INCREMENT=48;
--
-- AUTO_INCREMENT for table `bkm_customer_address`
--
ALTER TABLE `bkm_customer_address`
  MODIFY `id` int(11) NOT NULL AUTO_INCREMENT, AUTO_INCREMENT=62;
--
-- AUTO_INCREMENT for table `bkm_customer_cart`
--
ALTER TABLE `bkm_customer_cart`
  MODIFY `id` int(10) NOT NULL AUTO_INCREMENT, AUTO_INCREMENT=16;
--
-- AUTO_INCREMENT for table `bkm_customer_group`
--
ALTER TABLE `bkm_customer_group`
  MODIFY `id` int(11) NOT NULL AUTO_INCREMENT, AUTO_INCREMENT=4;
--
-- AUTO_INCREMENT for table `bkm_customer_group_data`
--
ALTER TABLE `bkm_customer_group_data`
  MODIFY `id` int(11) NOT NULL AUTO_INCREMENT, AUTO_INCREMENT=16;
--
-- AUTO_INCREMENT for table `bkm_customer_wishlist`
--
ALTER TABLE `bkm_customer_wishlist`
  MODIFY `id` int(11) NOT NULL AUTO_INCREMENT;
--
-- AUTO_INCREMENT for table `bkm_delivery_price`
--
ALTER TABLE `bkm_delivery_price`
  MODIFY `id` int(11) NOT NULL AUTO_INCREMENT;
--
-- AUTO_INCREMENT for table `bkm_delivery_service`
--
ALTER TABLE `bkm_delivery_service`
  MODIFY `id` int(11) NOT NULL AUTO_INCREMENT, AUTO_INCREMENT=4;
--
-- AUTO_INCREMENT for table `bkm_delivery_service_sub`
--
ALTER TABLE `bkm_delivery_service_sub`
  MODIFY `id` int(11) NOT NULL AUTO_INCREMENT, AUTO_INCREMENT=8;
--
-- AUTO_INCREMENT for table `bkm_discount`
--
ALTER TABLE `bkm_discount`
  MODIFY `id` int(11) NOT NULL AUTO_INCREMENT, AUTO_INCREMENT=10;
--
-- AUTO_INCREMENT for table `bkm_featured_product_dt`
--
ALTER TABLE `bkm_featured_product_dt`
  MODIFY `id` int(11) NOT NULL AUTO_INCREMENT, AUTO_INCREMENT=63;
--
-- AUTO_INCREMENT for table `bkm_featured_product_hd`
--
ALTER TABLE `bkm_featured_product_hd`
  MODIFY `id` int(11) NOT NULL AUTO_INCREMENT, AUTO_INCREMENT=2;
--
-- AUTO_INCREMENT for table `bkm_flash_deal`
--
ALTER TABLE `bkm_flash_deal`
  MODIFY `id` int(11) NOT NULL AUTO_INCREMENT, AUTO_INCREMENT=9;
--
-- AUTO_INCREMENT for table `bkm_jobs`
--
ALTER TABLE `bkm_jobs`
  MODIFY `id` bigint(20) UNSIGNED NOT NULL AUTO_INCREMENT;
--
-- AUTO_INCREMENT for table `bkm_mslanguage`
--
ALTER TABLE `bkm_mslanguage`
  MODIFY `id` int(10) NOT NULL AUTO_INCREMENT, AUTO_INCREMENT=3;
--
-- AUTO_INCREMENT for table `bkm_msmenu`
--
ALTER TABLE `bkm_msmenu`
  MODIFY `id` int(11) NOT NULL AUTO_INCREMENT, AUTO_INCREMENT=116;
--
-- AUTO_INCREMENT for table `bkm_orderaddress`
--
ALTER TABLE `bkm_orderaddress`
  MODIFY `id` int(10) NOT NULL AUTO_INCREMENT, AUTO_INCREMENT=79;
--
-- AUTO_INCREMENT for table `bkm_orderbilling`
--
ALTER TABLE `bkm_orderbilling`
  MODIFY `id` int(10) NOT NULL AUTO_INCREMENT, AUTO_INCREMENT=79;
--
-- AUTO_INCREMENT for table `bkm_orderconfirm`
--
ALTER TABLE `bkm_orderconfirm`
  MODIFY `id` int(10) NOT NULL AUTO_INCREMENT, AUTO_INCREMENT=4;
--
-- AUTO_INCREMENT for table `bkm_orderdt`
--
ALTER TABLE `bkm_orderdt`
  MODIFY `id` int(10) NOT NULL AUTO_INCREMENT, AUTO_INCREMENT=95;
--
-- AUTO_INCREMENT for table `bkm_orderhd`
--
ALTER TABLE `bkm_orderhd`
  MODIFY `id` int(10) NOT NULL AUTO_INCREMENT, AUTO_INCREMENT=84;
--
-- AUTO_INCREMENT for table `bkm_orderlog`
--
ALTER TABLE `bkm_orderlog`
  MODIFY `id` int(10) NOT NULL AUTO_INCREMENT, AUTO_INCREMENT=78;
--
-- AUTO_INCREMENT for table `bkm_orderlogstock`
--
ALTER TABLE `bkm_orderlogstock`
  MODIFY `id` int(10) NOT NULL AUTO_INCREMENT, AUTO_INCREMENT=101;
--
-- AUTO_INCREMENT for table `bkm_orderstatus`
--
ALTER TABLE `bkm_orderstatus`
  MODIFY `id` int(10) NOT NULL AUTO_INCREMENT, AUTO_INCREMENT=33;
--
-- AUTO_INCREMENT for table `bkm_ordervoucher`
--
ALTER TABLE `bkm_ordervoucher`
  MODIFY `id` int(10) NOT NULL AUTO_INCREMENT, AUTO_INCREMENT=7;
--
-- AUTO_INCREMENT for table `bkm_pages`
--
ALTER TABLE `bkm_pages`
  MODIFY `id` int(11) NOT NULL AUTO_INCREMENT, AUTO_INCREMENT=7;
--
-- AUTO_INCREMENT for table `bkm_payment_method`
--
ALTER TABLE `bkm_payment_method`
  MODIFY `id` int(11) NOT NULL AUTO_INCREMENT, AUTO_INCREMENT=2;
--
-- AUTO_INCREMENT for table `bkm_popup`
--
ALTER TABLE `bkm_popup`
  MODIFY `id` int(11) NOT NULL AUTO_INCREMENT, AUTO_INCREMENT=2;
--
-- AUTO_INCREMENT for table `bkm_post`
--
ALTER TABLE `bkm_post`
  MODIFY `id` int(11) NOT NULL AUTO_INCREMENT, AUTO_INCREMENT=18;
--
-- AUTO_INCREMENT for table `bkm_post_related`
--
ALTER TABLE `bkm_post_related`
  MODIFY `id` int(11) NOT NULL AUTO_INCREMENT;
--
-- AUTO_INCREMENT for table `bkm_post_tag`
--
ALTER TABLE `bkm_post_tag`
  MODIFY `id` int(11) NOT NULL AUTO_INCREMENT;
--
-- AUTO_INCREMENT for table `bkm_price_rule`
--
ALTER TABLE `bkm_price_rule`
  MODIFY `id` int(11) NOT NULL AUTO_INCREMENT, AUTO_INCREMENT=12;
--
-- AUTO_INCREMENT for table `bkm_product`
--
ALTER TABLE `bkm_product`
  MODIFY `id` int(11) NOT NULL AUTO_INCREMENT, AUTO_INCREMENT=12;
--
-- AUTO_INCREMENT for table `bkm_product_attribute`
--
ALTER TABLE `bkm_product_attribute`
  MODIFY `id` int(11) NOT NULL AUTO_INCREMENT, AUTO_INCREMENT=6;
--
-- AUTO_INCREMENT for table `bkm_product_attribute_data`
--
ALTER TABLE `bkm_product_attribute_data`
  MODIFY `id` int(11) NOT NULL AUTO_INCREMENT, AUTO_INCREMENT=19;
--
-- AUTO_INCREMENT for table `bkm_product_brand`
--
ALTER TABLE `bkm_product_brand`
  MODIFY `id` int(11) NOT NULL AUTO_INCREMENT, AUTO_INCREMENT=4;
--
-- AUTO_INCREMENT for table `bkm_product_category`
--
ALTER TABLE `bkm_product_category`
  MODIFY `id` int(11) NOT NULL AUTO_INCREMENT, AUTO_INCREMENT=16;
--
-- AUTO_INCREMENT for table `bkm_product_data_attribute`
--
ALTER TABLE `bkm_product_data_attribute`
  MODIFY `id` int(11) NOT NULL AUTO_INCREMENT, AUTO_INCREMENT=17;
--
-- AUTO_INCREMENT for table `bkm_product_data_attribute_master`
--
ALTER TABLE `bkm_product_data_attribute_master`
  MODIFY `id` int(11) NOT NULL AUTO_INCREMENT, AUTO_INCREMENT=13;
--
-- AUTO_INCREMENT for table `bkm_product_data_category`
--
ALTER TABLE `bkm_product_data_category`
  MODIFY `id` int(11) NOT NULL AUTO_INCREMENT, AUTO_INCREMENT=38;
--
-- AUTO_INCREMENT for table `bkm_product_data_images`
--
ALTER TABLE `bkm_product_data_images`
  MODIFY `id` int(11) NOT NULL AUTO_INCREMENT, AUTO_INCREMENT=56;
--
-- AUTO_INCREMENT for table `bkm_province`
--
ALTER TABLE `bkm_province`
  MODIFY `id` int(11) NOT NULL AUTO_INCREMENT, AUTO_INCREMENT=35;
--
-- AUTO_INCREMENT for table `bkm_slideshow`
--
ALTER TABLE `bkm_slideshow`
  MODIFY `id` int(11) NOT NULL AUTO_INCREMENT, AUTO_INCREMENT=4;
--
-- AUTO_INCREMENT for table `bkm_socialmedia`
--
ALTER TABLE `bkm_socialmedia`
  MODIFY `id` int(11) NOT NULL AUTO_INCREMENT, AUTO_INCREMENT=5;
--
-- AUTO_INCREMENT for table `bkm_subscriber`
--
ALTER TABLE `bkm_subscriber`
  MODIFY `id` int(11) NOT NULL AUTO_INCREMENT, AUTO_INCREMENT=2;
--
-- AUTO_INCREMENT for table `bkm_sub_district`
--
ALTER TABLE `bkm_sub_district`
  MODIFY `id` int(11) NOT NULL AUTO_INCREMENT, AUTO_INCREMENT=6995;
--
-- AUTO_INCREMENT for table `bkm_tag`
--
ALTER TABLE `bkm_tag`
  MODIFY `id` int(11) NOT NULL AUTO_INCREMENT;
--
-- AUTO_INCREMENT for table `bkm_user`
--
ALTER TABLE `bkm_user`
  MODIFY `id` int(10) NOT NULL AUTO_INCREMENT, AUTO_INCREMENT=46;
--
-- AUTO_INCREMENT for table `bkm_useraccess`
--
ALTER TABLE `bkm_useraccess`
  MODIFY `id` int(11) NOT NULL AUTO_INCREMENT, AUTO_INCREMENT=10;
--
-- AUTO_INCREMENT for table `bkm_voucher`
--
ALTER TABLE `bkm_voucher`
  MODIFY `id` int(11) NOT NULL AUTO_INCREMENT, AUTO_INCREMENT=6;
--
-- AUTO_INCREMENT for table `bkm_voucher_customer_group_data`
--
ALTER TABLE `bkm_voucher_customer_group_data`
  MODIFY `id` int(11) NOT NULL AUTO_INCREMENT;
/*!40101 SET CHARACTER_SET_CLIENT=@OLD_CHARACTER_SET_CLIENT */;
/*!40101 SET CHARACTER_SET_RESULTS=@OLD_CHARACTER_SET_RESULTS */;
/*!40101 SET COLLATION_CONNECTION=@OLD_COLLATION_CONNECTION */;
